laptop_time_s,stm32_ms,target_left_rpm,actual_left_rpm,target_right_rpm,actual_right_rpm
0.050887346267700195,7850,0.00,0.00,10.00,0.00
0.10047483444213867,7900,0.00,0.00,10.00,0.00
0.15050792694091797,7950,0.00,0.00,10.00,0.00
0.20042657852172852,8000,0.00,0.00,10.00,0.00
0.2504866123199463,8050,0.00,0.00,10.00,0.00
0.3004333972930908,8100,0.00,0.00,10.00,0.00
0.35048484802246094,8150,0.00,0.00,10.00,0.00
0.3994870185852051,8200,0.00,0.00,10.00,0.00
0.44948720932006836,8250,0.00,0.00,10.00,0.00
0.4994521141052246,8300,0.00,0.00,10.00,0.00
0.5497350692749023,8350,0.00,0.00,10.00,0.00
0.5996956825256348,8400,0.00,0.00,10.00,0.00
0.6494686603546143,8450,0.00,0.00,10.00,0.00
0.6994507312774658,8500,0.00,0.00,10.00,0.00
0.7484371662139893,8550,0.00,0.00,10.00,0.00
0.7985050678253174,8600,0.00,0.00,10.00,0.00
0.8484897613525391,8650,0.00,0.00,10.00,0.00
0.8985857963562012,8700,0.00,0.00,10.00,0.00
0.9485931396484375,8750,0.00,0.00,10.00,0.00
0.9984583854675293,8800,0.00,0.00,10.00,0.00
1.0484333038330078,8850,0.00,0.00,10.00,0.00
1.097461462020874,8900,0.00,0.00,10.00,0.00
1.1474764347076416,8950,0.00,0.00,10.00,0.00
1.1976170539855957,9000,0.00,0.00,10.00,0.00
1.2474737167358398,9050,0.00,0.00,10.00,0.00
1.2975335121154785,9100,0.00,0.00,10.00,0.00
1.347503423690796,9150,0.00,0.00,10.00,0.00
1.3976593017578125,9200,0.00,0.00,10.00,0.00
1.4477207660675049,9250,0.00,0.00,10.00,0.00
1.4968819618225098,9300,0.00,0.00,10.00,0.00
1.5466079711914062,9350,0.00,0.00,10.00,0.00
1.596489429473877,9400,0.00,0.00,10.00,0.00
1.647303581237793,9450,0.00,0.00,10.00,0.00
1.6965360641479492,9500,0.00,0.00,10.00,0.00
1.7465434074401855,9550,0.00,0.00,10.00,0.00
1.7964541912078857,9600,0.00,0.00,10.00,0.00
1.8463857173919678,9650,0.00,0.00,10.00,0.00
1.8955345153808594,9700,0.00,0.00,10.00,0.00
1.9465856552124023,9750,0.00,0.00,10.00,0.00
1.9956469535827637,9800,0.00,0.00,10.00,0.00
2.04549503326416,9850,0.00,0.00,10.00,0.00
2.0955169200897217,9900,0.00,0.00,10.00,0.00
2.1454999446868896,9950,0.00,0.00,10.00,0.00
2.195685386657715,10000,0.00,0.00,10.00,0.00
2.2454748153686523,10050,0.00,0.00,10.00,0.00
2.2954468727111816,10100,0.00,0.00,10.00,0.00
2.3444902896881104,10150,0.00,0.00,10.00,0.00
2.3945624828338623,10200,0.00,0.00,10.00,0.00
2.4449126720428467,10250,0.00,0.00,10.00,0.00
2.4948689937591553,10300,0.00,0.00,10.00,0.00
2.544485330581665,10350,0.00,0.00,10.00,0.00
2.594409227371216,10400,0.00,0.00,10.00,0.00
2.6444149017333984,10450,0.00,0.00,10.00,0.00
2.693570613861084,10500,0.00,0.00,10.00,0.00
2.7434897422790527,10550,0.00,0.00,10.00,0.00
2.794058322906494,10600,0.00,0.00,10.00,0.00
2.843484401702881,10650,0.00,0.00,10.00,0.00
2.893491506576538,10700,0.00,0.00,10.00,0.00
2.943450450897217,10750,0.00,0.00,10.00,0.00
2.9924540519714355,10800,0.00,0.00,10.00,0.00
3.0440189838409424,10850,0.00,0.00,10.00,0.00
3.0926759243011475,10900,0.00,0.00,10.00,0.00
3.1424849033355713,10950,0.00,0.00,10.00,0.00
3.192425489425659,11000,0.00,0.00,10.00,0.00
3.242486000061035,11050,0.00,0.00,10.00,0.00
3.292595386505127,11100,0.00,0.00,10.00,0.00
3.3416316509246826,11150,0.00,0.00,10.00,0.00
3.391558885574341,11200,0.00,0.00,10.00,0.00
3.4414262771606445,11250,0.00,0.00,10.00,0.00
3.4914844036102295,11300,0.00,0.00,10.00,0.00
3.542194128036499,11350,0.00,0.00,10.00,0.00
3.5915074348449707,11400,0.00,0.00,10.00,0.00
3.6410582065582275,11450,0.00,0.00,10.00,0.00
3.6905152797698975,11500,0.00,0.00,10.00,0.00
3.7404699325561523,11550,0.00,0.00,10.00,0.00
3.7904796600341797,11600,0.00,0.00,10.00,0.00
3.8413028717041016,11650,0.00,0.00,10.00,0.00
3.8906667232513428,11700,0.00,0.00,10.00,0.00
3.940462112426758,11750,0.00,0.00,10.00,0.00
3.9904351234436035,11800,0.00,0.00,10.00,0.00
4.039503812789917,11850,0.00,0.00,10.00,0.00
4.089468240737915,11900,0.00,0.00,10.00,0.00
4.13948130607605,11950,0.00,0.00,10.00,0.00
4.189621686935425,12000,0.00,0.00,10.00,0.00
4.239465236663818,12050,0.00,0.00,10.00,0.00
4.289429187774658,12100,0.00,0.00,10.00,0.00
4.3398308753967285,12150,0.00,0.00,10.00,0.00
4.388933181762695,12200,0.00,0.00,10.00,0.00
4.438841104507446,12250,0.00,0.00,10.00,0.00
4.488649606704712,12300,0.00,0.00,10.00,0.00
4.538456678390503,12350,0.00,0.00,10.00,0.00
4.588415622711182,12400,0.00,0.00,10.00,0.00
4.638408899307251,12450,0.00,0.00,10.00,0.00
4.68845796585083,12500,0.00,0.00,10.00,0.00
4.737569093704224,12550,0.00,0.00,10.00,0.00
4.78754997253418,12600,0.00,0.00,10.00,0.00
4.837460517883301,12650,0.00,0.00,10.00,0.00
4.887560606002808,12700,0.00,0.00,10.00,0.00
4.938291549682617,12750,0.00,0.00,10.00,0.00
4.987475395202637,12800,0.00,0.00,10.00,0.00
5.03666877746582,12850,0.00,0.00,10.00,0.00
5.086581707000732,12900,0.00,0.00,10.00,0.00
5.136505365371704,12950,0.00,0.00,10.00,0.00
5.186468124389648,13000,0.00,0.00,10.00,0.00
5.236730098724365,13050,0.00,0.00,10.00,0.00
5.286419630050659,13100,0.00,0.00,10.00,0.00
5.336445331573486,13150,0.00,0.00,10.00,0.00
5.385502815246582,13200,0.00,0.00,10.00,0.00
5.43543267250061,13250,0.00,0.00,10.00,0.00
5.4853997230529785,13300,0.00,0.00,10.00,0.00
5.535680532455444,13350,0.00,0.00,10.00,0.00
5.585556983947754,13400,0.00,0.00,10.00,0.00
5.635451078414917,13450,0.00,0.00,10.00,0.00
5.6854088306427,13500,0.00,0.00,10.00,0.00
5.734617710113525,13550,0.00,0.00,10.00,0.00
5.785555124282837,13600,0.00,0.00,10.00,0.00
5.834656476974487,13650,0.00,0.00,10.00,0.00
5.884456396102905,13700,0.00,0.00,10.00,0.00
5.934462308883667,13750,0.00,0.00,10.00,0.00
5.984434127807617,13800,0.00,0.00,10.00,0.00
6.0338239669799805,13850,0.00,0.00,10.00,0.00
6.08354926109314,13900,0.00,0.00,10.00,0.00
6.1334450244903564,13950,0.00,0.00,10.00,0.00
6.183527708053589,14000,0.00,0.00,10.00,0.00
6.2334206104278564,14050,0.00,0.00,10.00,0.00
6.283420085906982,14100,0.00,0.00,10.00,0.00
6.333444833755493,14150,0.00,0.00,10.00,0.00
6.38345193862915,14200,0.00,0.00,10.00,0.00
6.432680606842041,14250,0.00,0.00,10.00,0.00
6.482426166534424,14300,0.00,0.00,10.00,0.00
6.532467603683472,14350,0.00,0.00,10.00,0.00
6.583005428314209,14400,0.00,0.00,10.00,0.00
6.632446765899658,14450,0.00,0.00,10.00,0.00
6.68245792388916,14500,0.00,0.00,10.00,0.00
6.731457710266113,14550,0.00,0.00,10.00,0.00
6.78148889541626,14600,0.00,0.00,10.00,0.00
6.831500053405762,14650,0.00,0.00,10.00,0.00
6.881507873535156,14700,0.00,0.00,10.00,0.00
6.9315550327301025,14750,0.00,0.00,10.00,0.00
6.981435537338257,14800,0.00,0.00,10.00,0.00
7.030493259429932,14850,0.00,0.00,10.00,0.00
7.080439567565918,14900,0.00,0.00,10.00,0.00
7.1309144496917725,14950,0.00,0.00,10.00,0.00
7.180868148803711,15000,0.00,0.00,10.00,0.00
7.230418682098389,15050,0.00,0.00,10.00,0.00
7.280438423156738,15100,0.00,0.00,10.00,0.00
7.330408096313477,15150,0.00,0.00,10.00,0.00
7.37950587272644,15200,0.00,0.00,10.00,0.00
7.429692983627319,15250,0.00,0.00,10.00,0.00
7.479602098464966,15300,0.00,0.00,10.00,0.00
7.529408931732178,15350,0.00,0.00,10.00,0.00
7.579440593719482,15400,0.00,0.00,10.00,0.00
7.629487752914429,15450,0.00,0.00,10.00,0.00
7.678668737411499,15500,0.00,0.00,10.00,0.00
7.7294676303863525,15550,0.00,0.00,10.00,0.00
7.7786431312561035,15600,0.00,0.00,10.00,0.00
7.8284010887146,15650,0.00,0.00,10.00,0.00
7.87839150428772,15700,0.00,0.00,10.00,0.00
7.928893089294434,15750,0.00,0.00,10.00,0.00
7.978801250457764,15800,0.00,0.00,10.00,0.00
8.027630090713501,15850,0.00,0.00,10.00,0.00
8.077472925186157,15900,0.00,0.00,10.00,0.00
8.12741470336914,15950,0.00,0.00,10.00,0.00
8.177446365356445,16000,0.00,0.00,10.00,0.00
8.227492809295654,16050,0.00,0.00,10.00,0.00
8.276577234268188,16100,0.00,0.00,10.00,0.00
8.32655382156372,16150,0.00,0.00,10.00,0.00
8.376494646072388,16200,0.00,0.00,10.00,0.00
8.426506280899048,16250,0.00,0.00,10.00,0.00
8.47645092010498,16300,0.00,0.00,10.00,0.00
8.526508331298828,16350,0.00,0.00,10.00,0.00
8.576443433761597,16400,0.00,0.00,10.00,0.00
8.625438690185547,16450,0.00,0.00,10.00,0.00
8.67542815208435,16500,0.00,0.00,10.00,0.00
8.72544002532959,16550,0.00,0.00,10.00,0.00
8.775502681732178,16600,0.00,0.00,10.00,0.00
8.82545018196106,16650,0.00,0.00,10.00,0.00
8.875438213348389,16700,0.00,0.00,10.00,0.00
8.924429655075073,16750,0.00,0.00,10.00,0.00
8.974435329437256,16800,0.00,0.00,10.00,0.00
9.024472713470459,16850,0.00,0.00,10.00,0.00
9.07480502128601,16900,0.00,0.00,10.00,0.00
9.125195503234863,16950,0.00,0.00,10.00,0.00
9.174452066421509,17000,0.00,0.00,10.00,0.00
9.223469018936157,17050,0.00,0.00,10.00,0.00
9.273430824279785,17100,0.00,0.00,10.00,0.00
9.324057817459106,17150,0.00,0.00,10.00,0.00
9.373968362808228,17200,0.00,0.00,10.00,0.00
9.423608541488647,17250,0.00,0.00,10.00,0.00
9.47341513633728,17300,0.00,0.00,10.00,0.00
9.523451566696167,17350,0.00,0.00,10.00,0.00
9.572467565536499,17400,0.00,0.00,10.00,0.00
9.623637914657593,17450,0.00,0.00,10.00,0.00
9.672597169876099,17500,0.00,0.00,10.00,0.00
9.722435235977173,17550,0.00,0.00,10.00,0.00
9.772382259368896,17600,0.00,0.00,10.00,0.00
9.822405815124512,17650,0.00,0.00,10.00,0.00
9.872454404830933,17700,0.00,0.00,10.00,0.00
9.921819925308228,17750,0.00,0.00,10.00,0.00
9.971557855606079,17800,0.00,0.00,10.00,0.00
10.02145528793335,17850,0.00,0.00,10.00,0.00
10.071467399597168,17900,0.00,0.00,10.00,0.00
10.121419668197632,17950,0.00,0.00,10.00,0.00
10.171569108963013,18000,0.00,0.00,10.00,0.00
10.220910787582397,18050,0.00,0.00,10.00,0.00
10.27063775062561,18100,0.00,0.00,10.00,0.00
10.320414304733276,18150,0.00,0.00,10.00,0.00
10.370463132858276,18200,0.00,0.00,10.00,0.00
10.420615434646606,18250,0.00,0.00,10.00,0.00
10.470062255859375,18300,0.00,0.00,10.00,0.00
10.519609451293945,18350,0.00,0.00,10.00,0.00
10.569457769393921,18400,0.00,0.00,10.00,0.00
10.61946988105774,18450,0.00,0.00,10.00,0.00
10.669837474822998,18500,0.00,0.00,10.00,0.00
10.71976351737976,18550,0.00,0.00,10.00,0.00
10.76875925064087,18600,0.00,0.00,10.00,0.00
10.81856894493103,18650,0.00,0.00,10.00,0.00
10.868422746658325,18700,0.00,0.00,10.00,0.00
10.91844391822815,18750,0.00,0.00,10.00,0.00
10.968944787979126,18800,0.00,0.00,10.00,0.00
11.018498659133911,18850,0.00,0.00,10.00,0.00
11.06780743598938,18900,0.00,0.00,10.00,0.00
11.11790943145752,18950,0.00,0.00,10.00,0.00
11.1675283908844,19000,0.00,0.00,10.00,0.00
11.217451333999634,19050,0.00,0.00,10.00,0.00
11.269466161727905,19100,0.00,0.00,10.00,0.00
11.31754732131958,19150,0.00,0.00,10.00,0.00
11.36738896369934,19200,0.00,0.00,10.00,0.00
11.41644287109375,19250,0.00,0.00,10.00,0.00
11.466464042663574,19300,0.00,0.00,10.00,0.00
11.516800165176392,19350,0.00,0.00,10.00,0.00
11.567243576049805,19400,0.00,0.00,10.00,0.00
11.61650562286377,19450,0.00,0.00,10.00,0.00
11.666450262069702,19500,0.00,0.00,10.00,0.00
11.716554403305054,19550,0.00,0.00,10.00,0.00
11.765562295913696,19600,0.00,0.00,10.00,0.00
11.8158118724823,19650,0.00,0.00,10.00,0.00
11.865819454193115,19700,0.00,0.00,10.00,0.00
11.915526151657104,19750,0.00,0.00,10.00,0.00
11.96540904045105,19800,0.00,0.00,10.00,0.00
12.015491724014282,19850,0.00,0.00,10.00,0.00
12.066415786743164,19900,0.00,0.00,10.00,0.00
12.114801168441772,19950,0.00,0.00,10.00,0.00
12.164788007736206,20000,0.00,0.00,10.00,0.00
12.214589834213257,20050,0.00,0.00,10.00,0.00
12.264433860778809,20100,0.00,0.00,10.00,0.00
12.314459800720215,20150,0.00,0.00,10.00,0.00
12.365233421325684,20200,0.00,0.00,10.00,0.00
12.414591550827026,20250,0.00,0.00,10.00,0.00
12.463623762130737,20300,0.00,0.00,10.00,0.00
12.513453960418701,20350,0.00,0.00,10.00,0.00
12.56342363357544,20400,0.00,0.00,10.00,0.00
12.613790512084961,20450,0.00,0.00,10.00,0.00
12.663650512695312,20500,0.00,0.00,10.00,0.00
12.713428974151611,20550,0.00,0.00,10.00,0.00
12.763402462005615,20600,0.00,0.00,10.00,0.00
12.812465190887451,20650,0.00,0.00,10.00,0.00
12.862457990646362,20700,0.00,0.00,10.00,0.00
12.913726806640625,20750,0.00,0.00,10.00,0.00
12.96259069442749,20800,0.00,0.00,10.00,0.00
13.012442111968994,20850,0.00,0.00,10.00,0.00
13.062389135360718,20900,0.00,0.00,10.00,0.00
13.112361431121826,20950,0.00,0.00,10.00,0.00
13.161535739898682,21000,0.00,0.00,10.00,0.00
13.212642908096313,21050,0.00,0.00,10.00,0.00
13.26163363456726,21100,0.00,0.00,10.00,0.00
13.311468124389648,21150,0.00,0.00,10.00,0.00
13.361470937728882,21200,0.00,0.00,10.00,0.00
13.411459922790527,21250,0.00,0.00,10.00,0.00
13.460503339767456,21300,0.00,0.00,10.00,0.00
13.510922193527222,21350,0.00,0.00,10.00,0.00
13.560536861419678,21400,0.00,0.00,10.00,0.00
13.61048412322998,21450,0.00,0.00,10.00,0.00
13.66046142578125,21500,0.00,0.00,10.00,0.00
13.710440635681152,21550,0.00,0.00,10.00,0.00
13.759913921356201,21600,0.00,0.00,10.00,0.00
13.809437990188599,21650,0.00,0.00,10.00,0.00
13.859479904174805,21700,0.00,0.00,10.00,0.00
13.90942931175232,21750,0.00,0.00,10.00,0.00
13.959440469741821,21800,0.00,0.00,10.00,0.00
14.010051488876343,21850,0.00,0.00,10.00,0.00
14.059638738632202,21900,0.00,0.00,10.00,0.00
14.108540058135986,21950,0.00,0.00,10.00,0.00
14.158455848693848,22000,0.00,0.00,10.00,0.00
14.208392858505249,22050,0.00,0.00,10.00,0.00
14.258390426635742,22100,0.00,0.00,10.00,0.00
14.30849027633667,22150,0.00,0.00,10.00,0.00
14.358494997024536,22200,0.00,0.00,10.00,0.00
14.408400058746338,22250,0.00,0.00,10.00,0.00
14.457479000091553,22300,0.00,0.00,10.00,0.00
14.507441520690918,22350,0.00,0.00,10.00,0.00
14.557461500167847,22400,0.00,0.00,10.00,0.00
14.607659339904785,22450,0.00,0.00,10.00,0.00
14.657502889633179,22500,0.00,0.00,10.00,0.00
14.707418441772461,22550,0.00,0.00,10.00,0.00
14.757384538650513,22600,0.00,0.00,10.00,0.00
14.807349443435669,22650,0.00,0.00,10.00,0.00
14.856441259384155,22700,0.00,0.00,10.00,0.00
14.906455755233765,22750,0.00,0.00,10.00,0.00
14.956488847732544,22800,0.00,0.00,10.00,0.00
15.006500005722046,22850,0.00,0.00,10.00,0.00
15.05658507347107,22900,0.00,0.00,10.00,0.00
15.106449127197266,22950,0.00,0.00,10.00,0.00
15.15659236907959,23000,0.00,0.00,10.00,0.00
15.205719947814941,23050,0.00,0.00,10.00,0.00
15.255444049835205,23100,0.00,0.00,10.00,0.00
15.305396318435669,23150,0.00,0.00,10.00,0.00
15.355539560317993,23200,0.00,0.00,10.00,0.00
15.405663251876831,23250,0.00,0.00,10.00,0.00
15.45541787147522,23300,0.00,0.00,10.00,0.00
15.5054030418396,23350,0.00,0.00,10.00,0.00
15.555371761322021,23400,0.00,0.00,10.00,0.00
15.60441780090332,23450,0.00,0.00,10.00,0.00
15.654518842697144,23500,0.00,0.00,10.00,0.00
15.70473575592041,23550,0.00,0.00,10.00,0.00
15.754375219345093,23600,0.00,0.00,10.00,0.00
15.8043954372406,23650,0.00,0.00,10.00,0.00
15.85442304611206,23700,0.00,0.00,10.00,0.00
15.90341591835022,23750,0.00,0.00,10.00,0.00
15.953422546386719,23800,0.00,0.00,10.00,0.00
16.003807067871094,23850,0.00,0.00,10.00,0.00
16.05342388153076,23900,0.00,0.00,10.00,0.00
16.103424549102783,23950,0.00,0.00,10.00,0.00
16.15338635444641,24000,0.00,0.00,10.00,0.00
16.203452825546265,24050,0.00,0.00,10.00,0.00
16.25302219390869,24100,0.00,0.00,10.00,0.00
16.30253005027771,24150,0.00,0.00,10.00,0.00
16.35239028930664,24200,0.00,0.00,10.00,0.00
16.402384996414185,24250,0.00,0.00,10.00,0.00
16.452791452407837,24300,0.00,0.00,10.00,0.00
16.502864360809326,24350,0.00,0.00,10.00,0.00
16.552403926849365,24400,0.00,0.00,10.00,0.00
16.60155701637268,24450,0.00,0.00,10.00,0.00
16.651389122009277,24500,0.00,0.00,10.00,0.00
16.701499223709106,24550,0.00,0.00,10.00,0.00
16.751391410827637,24600,0.00,0.00,10.00,0.00
16.801451206207275,24650,0.00,0.00,10.00,0.00
16.851410627365112,24700,0.00,0.00,10.00,0.00
16.90136981010437,24750,0.00,0.00,10.00,0.00
16.950442790985107,24800,0.00,0.00,10.00,0.00
17.000458240509033,24850,0.00,0.00,10.00,0.00
17.050639867782593,24900,0.00,0.00,10.00,0.00
17.10049057006836,24950,0.00,0.00,10.00,0.00
17.150448083877563,25000,0.00,0.00,10.00,0.00
17.200438976287842,25050,0.00,0.00,10.00,0.00
17.250887155532837,25100,0.00,0.00,10.00,0.00
17.299604654312134,25150,0.00,0.00,10.00,0.00
17.349387407302856,25200,0.00,0.00,10.00,0.00
17.399524450302124,25250,0.00,0.00,10.00,0.00
17.449440717697144,25300,0.00,0.00,10.00,0.00
17.499388694763184,25350,0.00,0.00,10.00,0.00
17.54976797103882,25400,0.00,0.00,10.00,0.00
17.599369525909424,25450,0.00,0.00,10.00,0.00
17.64843249320984,25500,0.00,0.00,10.00,0.00
17.698608875274658,25550,0.00,0.00,10.00,0.00
17.748410940170288,25600,0.00,0.00,10.00,0.00
17.798445463180542,25650,0.00,0.00,10.00,0.00
17.84845781326294,25700,0.00,0.00,10.00,0.00
17.898563385009766,25750,0.00,0.00,10.00,0.00
17.94839119911194,25800,0.00,0.00,10.00,0.00
17.998420238494873,25850,0.00,0.00,10.00,0.00
18.0474214553833,25900,0.00,0.00,10.00,0.00
18.0973904132843,25950,0.00,0.00,10.00,0.00
18.147481441497803,26000,0.00,0.00,10.00,0.00
18.198172330856323,26050,0.00,0.00,10.00,0.00
18.247453212738037,26100,0.00,0.00,10.00,0.00
18.29740810394287,26150,0.00,0.00,10.00,0.00
18.34768581390381,26200,0.00,0.00,10.00,0.00
18.397477865219116,26250,0.00,0.00,10.00,0.00
18.447402238845825,26300,0.00,0.00,10.00,0.00
18.496459007263184,26350,0.00,0.00,10.00,0.00
18.546459436416626,26400,0.00,0.00,10.00,0.00
18.59642219543457,26450,0.00,0.00,10.00,0.00
18.646492958068848,26500,0.00,0.00,10.00,0.00
18.696802854537964,26550,0.00,0.00,10.00,0.00
18.74634313583374,26600,0.00,0.00,10.00,0.00
18.79642939567566,26650,0.00,0.00,10.00,0.00
18.84543204307556,26700,0.00,0.00,10.00,0.00
18.895492792129517,26750,0.00,0.00,10.00,0.00
18.946221113204956,26800,0.00,0.00,10.00,0.00
18.995578289031982,26850,0.00,0.00,10.00,0.00
19.045400142669678,26900,0.00,0.00,10.00,0.00
19.09537649154663,26950,0.00,0.00,10.00,0.00
19.145351886749268,27000,0.00,0.00,10.00,0.00
19.195714473724365,27050,0.00,0.00,10.00,0.00
19.245364665985107,27100,0.00,0.00,10.00,0.00
19.29447889328003,27150,0.00,0.00,10.00,0.00
19.344403743743896,27200,0.00,0.00,10.00,0.00
19.394423484802246,27250,0.00,0.00,10.00,0.00
19.445515155792236,27300,0.00,0.00,10.00,0.00
19.494803428649902,27350,0.00,0.00,10.00,0.00
19.544398307800293,27400,0.00,0.00,10.00,0.00
19.59436297416687,27450,0.00,0.00,10.00,0.00
19.644330978393555,27500,0.00,0.00,10.00,0.00
19.693528413772583,27550,0.00,0.00,10.00,0.00
19.7443106174469,27600,0.00,0.00,10.00,0.00
19.793503284454346,27650,0.00,0.00,10.00,0.00
19.843405961990356,27700,0.00,0.00,10.00,0.00
19.893449544906616,27750,0.00,0.00,10.00,0.00
19.94338083267212,27800,0.00,0.00,10.00,0.00
19.993722438812256,27850,0.00,0.00,10.00,0.00
20.042465448379517,27900,0.00,0.00,10.00,0.00
20.092506170272827,27950,0.00,0.00,10.00,0.00
20.142395734786987,28000,0.00,0.00,10.00,0.00
20.192391395568848,28050,0.00,0.00,10.00,0.00
20.242391347885132,28100,0.00,0.00,10.00,0.00
20.292423963546753,28150,0.00,0.00,10.00,0.00
20.342366933822632,28200,0.00,0.00,10.00,0.00
20.391421794891357,28250,0.00,0.00,10.00,0.00
20.44137716293335,28300,0.00,0.00,10.00,0.00
20.49139976501465,28350,0.00,0.00,10.00,0.00
20.541502237319946,28400,0.00,0.00,10.00,0.00
20.591365575790405,28450,0.00,0.00,10.00,0.00
20.64139699935913,28500,0.00,0.00,10.00,0.00
20.69044327735901,28550,0.00,0.00,10.00,0.00
20.740418195724487,28600,0.00,0.00,10.00,0.00
20.7904314994812,28650,0.00,0.00,10.00,0.00
20.840543746948242,28700,0.00,0.00,10.00,0.00
20.89058208465576,28750,0.00,0.00,10.00,0.00
20.940380573272705,28800,0.00,0.00,10.00,0.00
20.990371465682983,28850,0.00,0.00,10.00,0.00
21.041463136672974,28900,0.00,0.00,10.00,0.00
21.08943772315979,28950,0.00,0.00,10.00,0.00
21.13978910446167,29000,0.00,0.00,10.00,0.00
21.18957018852234,29050,0.00,0.00,10.00,0.00
21.23937964439392,29100,0.00,0.00,10.00,0.00
21.289345502853394,29150,0.00,0.00,10.00,0.00
21.33944272994995,29200,0.00,0.00,10.00,0.00
21.389375686645508,29250,0.00,0.00,10.00,0.00
21.439388513565063,29300,0.00,0.00,10.00,0.00
21.488441228866577,29350,0.00,0.00,10.00,0.00
21.538384437561035,29400,0.00,0.00,10.00,0.00
21.588399171829224,29450,0.00,0.00,10.00,0.00
21.63851523399353,29500,0.00,0.00,10.00,0.00
21.6885244846344,29550,0.00,0.00,10.00,0.00
21.73838520050049,29600,0.00,0.00,10.00,0.00
21.78838586807251,29650,0.00,0.00,10.00,0.00
21.838382959365845,29700,0.00,0.00,10.00,0.00
21.888829946517944,29750,0.00,0.00,10.00,0.00
21.937833070755005,29800,0.00,0.00,10.00,0.00
21.987532138824463,29850,0.00,0.00,10.00,0.00
22.037396669387817,29900,0.00,0.00,10.00,0.00
22.087359189987183,29950,0.00,0.00,10.00,0.00
22.137605905532837,30000,0.00,0.00,10.00,0.00
22.187492609024048,30050,0.00,0.00,10.00,0.00
22.237346649169922,30100,0.00,0.00,10.00,0.00
22.286537408828735,30150,0.00,0.00,10.00,0.00
22.336416959762573,30200,0.00,0.00,10.00,0.00
22.386408805847168,30250,0.00,0.00,10.00,0.00
22.436556816101074,30300,0.00,0.00,10.00,0.00
22.48643207550049,30350,0.00,0.00,10.00,0.00
22.536374807357788,30400,0.00,0.00,10.00,0.00
22.586379766464233,30450,0.00,0.00,10.00,0.00
22.63553786277771,30500,0.00,0.00,10.00,0.00
22.685426712036133,30550,0.00,0.00,10.00,0.00
22.735648155212402,30600,0.00,0.00,10.00,0.00
22.785929679870605,30650,0.00,0.00,10.00,0.00
22.835358381271362,30700,0.00,0.00,10.00,0.00
22.885376453399658,30750,0.00,0.00,10.00,0.00
22.934399843215942,30800,0.00,0.00,10.00,0.00
22.984780073165894,30850,0.00,0.00,10.00,0.00
23.034497499465942,30900,0.00,0.00,10.00,0.00
23.084437131881714,30950,0.00,0.00,10.00,0.00
23.134365797042847,31000,0.00,0.00,10.00,0.00
23.18434166908264,31050,0.00,0.00,10.00,0.00
23.234447956085205,31100,0.00,0.00,10.00,0.00
23.28363347053528,31150,0.00,0.00,10.00,0.00
23.333412885665894,31200,0.00,0.00,10.00,0.00
23.383432865142822,31250,0.00,0.00,10.00,0.00
23.433435201644897,31300,0.00,0.00,10.00,0.00
23.483360767364502,31350,0.00,0.00,10.00,0.00
23.533395290374756,31400,0.00,0.00,10.00,0.00
23.5824191570282,31450,0.00,0.00,10.00,0.00
23.63246774673462,31500,0.00,0.00,10.00,0.00
23.68240475654602,31550,0.00,0.00,10.00,0.00
23.732441186904907,31600,0.00,0.00,10.00,0.00
23.782453775405884,31650,0.00,0.00,10.00,0.00
23.83279776573181,31700,0.00,0.00,10.00,0.00
23.88245463371277,31750,0.00,0.00,10.00,0.00
23.932365655899048,31800,0.00,0.00,10.00,0.00
23.981433629989624,31850,0.00,0.00,10.00,0.00
24.03142023086548,31900,0.00,0.00,10.00,0.00
24.0815269947052,31950,0.00,0.00,10.00,0.00
24.1314754486084,32000,0.00,0.00,10.00,0.00
24.181437015533447,32050,0.00,0.00,10.00,0.00
24.23143720626831,32100,0.00,0.00,10.00,0.00
24.281408548355103,32150,0.00,0.00,10.00,0.00
24.331684827804565,32200,0.00,0.00,10.00,0.00
24.380494117736816,32250,0.00,0.00,10.00,0.00
24.430652141571045,32300,0.00,0.00,10.00,0.00
24.48035979270935,32350,0.00,0.00,10.00,0.00
24.530462741851807,32400,0.00,0.00,10.00,0.00
24.580429553985596,32450,0.00,0.00,10.00,0.00
24.63048505783081,32500,0.00,0.00,10.00,0.00
24.68045163154602,32550,0.00,0.00,10.00,0.00
24.729408979415894,32600,0.00,0.00,10.00,0.00
24.77939248085022,32650,0.00,0.00,10.00,0.00
24.829481840133667,32700,0.00,0.00,10.00,0.00
24.8793728351593,32750,0.00,0.00,10.00,0.00
24.92938470840454,32800,0.00,0.00,10.00,0.00
24.97942066192627,32850,0.00,0.00,10.00,0.00
25.02936291694641,32900,0.00,0.00,10.00,0.00
25.079398155212402,32950,0.00,0.00,10.00,0.00
25.12847089767456,33000,0.00,0.00,10.00,0.00
25.179258584976196,33050,0.00,0.00,10.00,0.00
25.228614807128906,33100,0.00,0.00,10.00,0.00
25.27836322784424,33150,0.00,0.00,10.00,0.00
25.32840371131897,33200,0.00,0.00,10.00,0.00
25.378389835357666,33250,0.00,0.00,10.00,0.00
25.427417278289795,33300,0.00,0.00,10.00,0.00
25.477396488189697,33350,0.00,0.00,10.00,0.00
25.527530431747437,33400,0.00,0.00,10.00,0.00
25.57741355895996,33450,0.00,0.00,10.00,0.00
25.62737512588501,33500,0.00,0.00,10.00,0.00
25.67741584777832,33550,0.00,0.00,10.00,0.00
25.72738528251648,33600,0.00,0.00,10.00,0.00
25.776671648025513,33650,0.00,0.00,10.00,0.00
25.82655429840088,33700,0.00,0.00,10.00,0.00
25.87633228302002,33750,0.00,0.00,10.00,0.00
25.926377773284912,33800,0.00,0.00,10.00,0.00
25.976845026016235,33850,0.00,0.00,10.00,0.00
26.0269558429718,33900,0.00,0.00,10.00,0.00
26.076356410980225,33950,0.00,0.00,10.00,0.00
26.125391244888306,34000,0.00,0.00,10.00,0.00
26.175366163253784,34050,0.00,0.00,10.00,0.00
26.225369930267334,34100,0.00,0.00,10.00,0.00
26.275476455688477,34150,0.00,0.00,10.00,0.00
26.325453758239746,34200,0.00,0.00,10.00,0.00
26.37540292739868,34250,0.00,0.00,10.00,0.00
26.425309896469116,34300,0.00,0.00,10.00,0.00
26.475364685058594,34350,0.00,0.00,10.00,0.00
26.524396181106567,34400,0.00,0.00,10.00,0.00
26.5745906829834,34450,0.00,0.00,10.00,0.00
26.624409198760986,34500,0.00,0.00,10.00,0.00
26.674371242523193,34550,0.00,0.00,10.00,0.00
26.724318504333496,34600,0.00,0.00,10.00,0.00
26.77436399459839,34650,0.00,0.00,10.00,0.00
26.824536085128784,34700,0.00,0.00,10.00,0.00
26.87435007095337,34750,0.00,0.00,10.00,0.00
26.923413276672363,34800,0.00,0.00,10.00,0.00
26.973373413085938,34850,0.00,0.00,10.00,0.00
27.0233473777771,34900,0.00,0.00,10.00,0.00
27.07357382774353,34950,0.00,0.00,10.00,0.00
27.123395919799805,35000,0.00,0.00,10.00,0.00
27.17358136177063,35050,0.00,0.00,10.00,0.00
27.223337411880493,35100,0.00,0.00,10.00,0.00
27.273319005966187,35150,0.00,0.00,10.00,0.00
27.32239842414856,35200,0.00,0.00,10.00,0.00
27.372474670410156,35250,0.00,0.00,10.00,0.00
27.42248010635376,35300,0.00,0.00,10.00,0.00
27.47240376472473,35350,0.00,0.00,10.00,0.00
27.52233362197876,35400,0.00,0.00,10.00,0.00
27.57240915298462,35450,0.00,0.00,10.00,0.00
27.622458457946777,35500,0.00,0.00,10.00,0.00
27.671837329864502,35550,0.00,0.00,10.00,0.00
27.72141194343567,35600,0.00,0.00,10.00,0.00
27.771400213241577,35650,0.00,0.00,10.00,0.00
27.82135796546936,35700,0.00,0.00,10.00,0.00
27.871528387069702,35750,0.00,0.00,10.00,0.00
27.921637058258057,35800,0.00,0.00,10.00,0.00
27.971362829208374,35850,0.00,0.00,10.00,0.00
28.02138376235962,35900,0.00,0.00,10.00,0.00
28.070384740829468,35950,0.00,0.00,10.00,0.00
28.12032675743103,36000,0.00,0.00,10.00,0.00
28.170342206954956,36050,0.00,0.00,10.00,0.00
28.220388650894165,36100,0.00,0.00,10.00,0.00
28.270368099212646,36150,0.00,0.00,10.00,0.00
28.320425510406494,36200,0.00,0.00,10.00,0.00
28.370341062545776,36250,0.00,0.00,10.00,0.00
28.42085838317871,36300,0.00,0.00,10.00,0.00
28.469616889953613,36350,0.00,0.00,10.00,0.00
28.519519805908203,36400,0.00,0.00,10.00,0.00
28.569379091262817,36450,0.00,0.00,10.00,0.00
28.619356155395508,36500,0.00,0.00,10.00,0.00
28.66940212249756,36550,0.00,0.00,10.00,0.00
28.71958351135254,36600,0.00,0.00,10.00,0.00
28.768681049346924,36650,0.00,0.00,10.00,0.00
28.818381786346436,36700,0.00,0.00,10.00,0.00
28.86864185333252,36750,0.00,0.00,10.00,0.00
28.918365240097046,36800,0.00,0.00,10.00,0.00
28.96842050552368,36850,0.00,0.00,10.00,0.00
29.018474340438843,36900,0.00,0.00,10.00,0.00
29.0683434009552,36950,0.00,0.00,10.00,0.00
29.118362426757812,37000,0.00,0.00,10.00,0.00
29.167393445968628,37050,0.00,0.00,10.00,0.00
29.217764854431152,37100,0.00,0.00,10.00,0.00
29.26749277114868,37150,0.00,0.00,10.00,0.00
29.31746554374695,37200,0.00,0.00,10.00,0.00
29.36734628677368,37250,0.00,0.00,10.00,0.00
29.417378902435303,37300,0.00,0.00,10.00,0.00
29.46737790107727,37350,0.00,0.00,10.00,0.00
29.517412662506104,37400,0.00,0.00,10.00,0.00
29.56640648841858,37450,0.00,0.00,10.00,0.00
29.616382122039795,37500,0.00,0.00,10.00,0.00
29.666425228118896,37550,0.00,0.00,10.00,0.00
29.716333866119385,37600,0.00,0.00,10.00,0.00
29.766513347625732,37650,0.00,0.00,10.00,0.00
29.81639337539673,37700,0.00,0.00,10.00,0.00
29.865456581115723,37750,0.00,0.00,10.00,0.00
29.915481328964233,37800,0.00,0.00,10.00,0.00
29.96540117263794,37850,0.00,0.00,10.00,0.00
30.01569104194641,37900,0.00,0.00,10.00,0.00
30.065664529800415,37950,0.00,0.00,10.00,0.00
30.11561679840088,38000,0.00,0.00,10.00,0.00
30.1653995513916,38050,0.00,0.00,10.00,0.00
30.214391946792603,38100,0.00,0.00,10.00,0.00
30.264405488967896,38150,0.00,0.00,10.00,0.00
30.315059900283813,38200,0.00,0.00,10.00,0.00
30.36485481262207,38250,0.00,0.00,10.00,0.00
30.414384365081787,38300,0.00,0.00,10.00,0.00
30.464374542236328,38350,0.00,0.00,10.00,0.00
30.514344453811646,38400,0.00,0.00,10.00,0.00
30.563419103622437,38450,0.00,0.00,10.00,0.00
30.614346981048584,38500,0.00,0.00,10.00,0.00
30.663532257080078,38550,0.00,0.00,10.00,0.00
30.713331699371338,38600,0.00,0.00,10.00,0.00
30.763376712799072,38650,0.00,0.00,10.00,0.00
30.813336610794067,38700,0.00,0.00,10.00,0.00
30.863643646240234,38750,0.00,0.00,10.00,0.00
30.9125337600708,38800,0.00,0.00,10.00,0.00
30.962413549423218,38850,0.00,0.00,10.00,0.00
31.012354373931885,38900,0.00,0.00,10.00,0.00
31.06236433982849,38950,0.00,0.00,10.00,0.00
31.113463640213013,39000,0.00,0.00,10.00,0.00
31.162455081939697,39050,0.00,0.00,10.00,0.00
31.212467670440674,39100,0.00,0.00,10.00,0.00
31.261380910873413,39150,0.00,0.00,10.00,0.00
31.311387538909912,39200,0.00,0.00,10.00,0.00
31.361368894577026,39250,0.00,0.00,10.00,0.00
31.412248611450195,39300,0.00,0.00,10.00,0.00
31.461575984954834,39350,0.00,0.00,10.00,0.00
31.511351585388184,39400,0.00,0.00,10.00,0.00
31.561365604400635,39450,0.00,0.00,10.00,0.00
31.610421180725098,39500,0.00,0.00,10.00,0.00
31.660386562347412,39550,0.00,0.00,10.00,0.00
31.71076226234436,39600,0.00,0.00,10.00,0.00
31.760470151901245,39650,0.00,0.00,10.00,0.00
31.810367345809937,39700,0.00,0.00,10.00,0.00
31.860382795333862,39750,0.00,0.00,10.00,0.00
31.91147255897522,39800,0.00,0.00,10.00,0.00
31.95932912826538,39850,0.00,0.00,10.00,0.00
32.009846210479736,39900,0.00,0.00,10.00,0.00
32.05950999259949,39950,0.00,0.00,10.00,0.00
32.10938501358032,40000,0.00,0.00,10.00,0.00
32.15938425064087,40050,0.00,0.00,10.00,0.00
32.20949101448059,40100,0.00,0.00,10.00,0.00
32.2594792842865,40150,0.00,0.00,10.00,0.00
32.30871844291687,40200,0.00,0.00,10.00,0.00
32.35844373703003,40250,0.00,0.00,10.00,0.00
32.40837574005127,40300,0.00,0.00,10.00,0.00
32.45834732055664,40350,0.00,0.00,10.00,0.00
32.50864911079407,40400,0.00,0.00,10.00,0.00
32.5585036277771,40450,0.00,0.00,10.00,0.00
32.60833120346069,40500,0.00,0.00,10.00,0.00
32.6583194732666,40550,0.00,0.00,10.00,0.00
32.7074236869812,40600,0.00,0.00,10.00,0.00
32.75737380981445,40650,0.00,0.00,10.00,0.00
32.80749487876892,40700,0.00,0.00,10.00,0.00
32.85744094848633,40750,0.00,0.00,10.00,0.00
32.90734386444092,40800,0.00,0.00,10.00,0.00
32.95731830596924,40850,0.00,0.00,10.00,0.00
33.00755286216736,40900,0.00,0.00,10.00,0.00
33.057677030563354,40950,0.00,0.00,10.00,0.00
33.10656785964966,41000,0.00,0.00,10.00,0.00
33.15639543533325,41050,0.00,0.00,10.00,0.00
33.20638132095337,41100,0.00,0.00,10.00,0.00
33.25646257400513,41150,0.00,0.00,10.00,0.00
33.30646634101868,41200,0.00,0.00,10.00,0.00
33.356565952301025,41250,0.00,0.00,10.00,0.00
33.40639615058899,41300,0.00,0.00,10.00,0.00
33.45630717277527,41350,0.00,0.00,10.00,0.00
33.50545835494995,41400,0.00,0.00,10.00,0.00
33.55534029006958,41450,0.00,0.00,10.00,0.00
33.60555577278137,41500,0.00,0.00,10.00,0.00
33.65548491477966,41550,0.00,0.00,10.00,0.00
33.70534014701843,41600,0.00,0.00,10.00,0.00
33.7553174495697,41650,0.00,0.00,10.00,0.00
33.80540084838867,41700,0.00,0.00,10.00,0.00
33.85569930076599,41750,0.00,0.00,10.00,0.00
33.90557813644409,41800,0.00,0.00,10.00,0.00
33.95450973510742,41850,0.00,0.00,10.00,0.00
34.00435709953308,41900,0.00,0.00,10.00,0.00
34.05436849594116,41950,0.00,0.00,10.00,0.00
34.10468530654907,42000,0.00,0.00,10.00,0.00
34.1545205116272,42050,0.00,0.00,10.00,0.00
34.204612016677856,42100,0.00,0.00,10.00,0.00
34.25338792800903,42150,0.00,0.00,10.00,0.00
34.30347418785095,42200,0.00,0.00,10.00,0.00
34.35340690612793,42250,0.00,0.00,10.00,0.00
34.40350151062012,42300,0.00,0.00,10.00,0.00
34.45390462875366,42350,0.00,0.00,10.00,0.00
34.50338363647461,42400,0.00,0.00,10.00,0.00
34.55333709716797,42450,0.00,0.00,10.00,0.00
34.60235333442688,42500,0.00,0.00,10.00,0.00
34.65233874320984,42550,0.00,0.00,10.00,0.00
34.702815771102905,42600,0.00,0.00,10.00,0.00
34.752450466156006,42650,0.00,0.00,10.00,0.00
34.80249881744385,42700,0.00,0.00,10.00,0.00
34.852319955825806,42750,0.00,0.00,10.00,0.00
34.9024338722229,42800,0.00,0.00,10.00,0.00
34.95192217826843,42850,0.00,0.00,10.00,0.00
35.00163173675537,42900,0.00,0.00,10.00,0.00
35.051369190216064,42950,0.00,0.00,10.00,0.00
35.101325035095215,43000,0.00,0.00,10.00,0.00
35.15130591392517,43050,0.00,0.00,10.00,0.00
35.20148253440857,43100,0.00,0.00,10.00,0.00
35.25228214263916,43150,0.00,0.00,10.00,0.00
35.300376892089844,43200,0.00,0.00,10.00,0.00
35.3503851890564,43250,0.00,0.00,10.00,0.00
35.40033483505249,43300,0.00,0.00,10.00,0.00
35.4502968788147,43350,0.00,0.00,10.00,0.00
35.50051832199097,43400,0.00,0.00,10.00,0.00
35.55040621757507,43450,0.00,0.00,10.00,0.00
35.60026812553406,43500,0.00,0.00,10.00,0.00
35.64934206008911,43550,0.00,0.00,10.00,0.00
35.69933462142944,43600,0.00,0.00,10.00,0.00
35.75044584274292,43650,0.00,0.00,10.00,0.00
35.79963564872742,43700,0.00,0.00,10.00,0.00
35.84936022758484,43750,0.00,0.00,10.00,0.00
35.89932680130005,43800,0.00,0.00,10.00,0.00
35.94935178756714,43850,0.00,0.00,10.00,0.00
35.998409032821655,43900,0.00,0.00,10.00,0.00
36.048470973968506,43950,0.00,0.00,10.00,0.00
36.098392486572266,44000,0.00,0.00,10.00,0.00
36.14840126037598,44050,0.00,0.00,10.00,0.00
36.198328495025635,44100,0.00,0.00,10.00,0.00
36.248321294784546,44150,0.00,0.00,10.00,0.00
36.29732298851013,44200,0.00,0.00,10.00,0.00
36.34733724594116,44250,0.00,0.00,10.00,0.00
36.39740705490112,44300,0.00,0.00,10.00,0.00
36.447357177734375,44350,0.00,0.00,10.00,0.00
36.497318506240845,44400,0.00,0.00,10.00,0.00
36.54729390144348,44450,0.00,0.00,10.00,0.00
36.59764766693115,44500,0.00,0.00,10.00,0.00
36.64695167541504,44550,0.00,0.00,10.00,0.00
36.69643998146057,44600,0.00,0.00,10.00,0.00
36.74634385108948,44650,0.00,0.00,10.00,0.00
36.79633688926697,44700,0.00,0.00,10.00,0.00
36.846404790878296,44750,0.00,0.00,10.00,0.00
36.8966166973114,44800,0.00,0.00,10.00,0.00
36.946305990219116,44850,0.00,0.00,10.00,0.00
36.99538230895996,44900,0.00,0.00,10.00,0.00
37.04538440704346,44950,0.00,0.00,10.00,0.00
37.09531283378601,45000,0.00,0.00,10.00,0.00
37.145463705062866,45050,0.00,0.00,10.00,0.00
37.195566177368164,45100,0.00,0.00,10.00,0.00
37.24534034729004,45150,0.00,0.00,10.00,0.00
37.29533314704895,45200,0.00,0.00,10.00,0.00
37.34437894821167,45250,0.00,0.00,10.00,0.00
37.394768953323364,45300,0.00,0.00,10.00,0.00
37.44467353820801,45350,0.00,0.00,10.00,0.00
37.494529247283936,45400,0.00,0.00,10.00,0.00
37.544382095336914,45450,0.00,0.00,10.00,0.00
37.59433889389038,45500,0.00,0.00,10.00,0.00
37.64434862136841,45550,0.00,0.00,10.00,0.00
37.69463658332825,45600,0.00,0.00,10.00,0.00
37.74368715286255,45650,0.00,0.00,10.00,0.00
37.793442726135254,45700,0.00,0.00,10.00,0.00
37.84335899353027,45750,0.00,0.00,10.00,0.00
37.89372396469116,45800,0.00,0.00,10.00,0.00
37.943503856658936,45850,0.00,0.00,10.00,0.00
37.99336838722229,45900,0.00,0.00,10.00,0.00
38.04334759712219,45950,0.00,0.00,10.00,0.00
38.09244346618652,46000,0.00,0.00,10.00,0.00
38.14238691329956,46050,0.00,0.00,10.00,0.00
38.19239330291748,46100,0.00,0.00,10.00,0.00
38.24262762069702,46150,0.00,0.00,10.00,0.00
38.292441844940186,46200,0.00,0.00,10.00,0.00
38.34232568740845,46250,0.00,0.00,10.00,0.00
38.39134693145752,46300,0.00,0.00,10.00,0.00
38.44142436981201,46350,0.00,0.00,10.00,0.00
38.49140000343323,46400,0.00,0.00,10.00,0.00
38.541393995285034,46450,0.00,0.00,10.00,0.00
38.59130811691284,46500,0.00,0.00,10.00,0.00
38.641247034072876,46550,0.00,0.00,10.00,0.00
38.690343618392944,46600,0.00,0.00,10.00,0.00
38.74048924446106,46650,0.00,0.00,10.00,0.00
38.79039764404297,46700,0.00,0.00,10.00,0.00
38.840301275253296,46750,0.00,0.00,10.00,0.00
38.89035415649414,46800,0.00,0.00,10.00,0.00
38.940348625183105,46850,0.00,0.00,10.00,0.00
38.99030780792236,46900,0.00,0.00,10.00,0.00
39.039422035217285,46950,0.00,0.00,10.00,0.00
39.089406967163086,47000,0.00,0.00,10.00,0.00
39.13943815231323,47050,0.00,0.00,10.00,0.00
39.18932247161865,47100,0.00,0.00,10.00,0.00
39.2392852306366,47150,0.00,0.00,10.00,0.00
39.289305448532104,47200,0.00,0.00,10.00,0.00
39.33969831466675,47250,0.00,0.00,10.00,0.00
39.38860058784485,47300,0.00,0.00,10.00,0.00
39.43845558166504,47350,0.00,0.00,10.00,0.00
39.48830199241638,47400,0.00,0.00,10.00,0.00
39.53836917877197,47450,0.00,0.00,10.00,0.00
39.58880352973938,47500,0.00,0.00,10.00,0.00
39.63867473602295,47550,0.00,0.00,10.00,0.00
39.6883180141449,47600,0.00,0.00,10.00,0.00
39.73732829093933,47650,0.00,0.00,10.00,0.00
39.78733992576599,47700,0.00,0.00,10.00,0.00
39.83731770515442,47750,0.00,0.00,10.00,0.00
39.887635469436646,47800,0.00,0.00,10.00,0.00
39.93745183944702,47850,0.00,0.00,10.00,0.00
39.98730778694153,47900,0.00,0.00,10.00,0.00
40.037299394607544,47950,0.00,0.00,10.00,0.00
40.08729529380798,48000,0.00,0.00,10.00,0.00
40.13632798194885,48050,0.00,0.00,10.00,0.00
40.186307430267334,48100,0.00,0.00,10.00,0.00
40.236448764801025,48150,0.00,0.00,10.00,0.00
40.28633713722229,48200,0.00,0.00,10.00,0.00
40.33631181716919,48250,0.00,0.00,10.00,0.00
40.38623380661011,48300,0.00,0.00,10.00,0.00
40.43631982803345,48350,0.00,-267.31,10.00,-95.15
40.48634195327759,48400,0.00,-433.10,10.00,-378.87
40.53638410568237,48450,0.00,-507.66,10.00,-494.17
40.58629775047302,48500,0.00,-533.70,10.00,-533.30
40.63638138771057,48550,0.00,-541.79,10.00,-546.30
40.68542432785034,48600,0.00,-544.73,10.00,-550.79
40.73551058769226,48650,0.00,-545.69,10.00,-552.27
40.78534173965454,48700,0.00,-546.16,10.00,-552.52
40.836325883865356,48750,0.00,-546.31,10.00,-552.83
40.8853223323822,48800,0.00,-545.09,10.00,-552.70
40.935620069503784,48850,0.00,-544.07,10.00,-553.92
40.985491037368774,48900,0.00,-544.62,10.00,-553.58
41.03530693054199,48950,0.00,-544.95,10.00,-553.18
41.08442997932434,49000,0.00,-544.31,10.00,-552.82
41.13433218002319,49050,0.00,-544.93,10.00,-552.51
41.18536114692688,49100,0.00,-545.76,10.00,-553.71
41.23468828201294,49150,0.00,-544.58,10.00,-553.22
41.28446626663208,49200,0.00,-544.79,10.00,-553.06
41.334330797195435,49250,0.00,-545.27,10.00,-552.59
41.38432240486145,49300,0.00,-545.58,10.00,-552.29
41.43463325500488,49350,0.00,-544.52,10.00,-553.64
41.48366570472717,49400,0.00,-543.65,10.00,-552.97
41.53352737426758,49450,0.00,-544.48,10.00,-552.41
41.58333611488342,49500,0.00,-544.16,10.00,-553.68
41.63328766822815,49550,0.00,-544.06,10.00,-552.05
41.68339204788208,49600,0.00,-544.02,10.00,-552.26
41.733684062957764,49650,0.00,-543.72,10.00,-553.34
41.78351092338562,49700,0.00,-544.94,10.00,-552.87
41.832568407058716,49750,0.00,-544.31,10.00,-552.53
41.88232064247131,49800,0.00,-545.37,10.00,-553.43
41.9323525428772,49850,0.00,-544.45,10.00,-552.90
41.98230528831482,49900,0.00,-545.60,10.00,-553.55
42.03236103057861,49950,0.00,-544.68,10.00,-552.94
42.08233594894409,50000,0.00,-543.70,10.00,-553.71
42.13231635093689,50050,0.00,-544.65,10.00,-552.99
42.182305574417114,50100,0.00,-544.21,10.00,-553.58
42.23133420944214,50150,0.00,-544.07,10.00,-552.95
42.28152823448181,50200,0.00,-544.03,10.00,-554.19
42.33148264884949,50250,0.00,-544.01,10.00,-553.67
42.38144898414612,50300,0.00,-542.85,10.00,-553.21
42.43140983581543,50350,0.00,-544.22,10.00,-553.94
42.481268644332886,50400,0.00,-545.53,10.00,-553.30
42.53146004676819,50450,0.00,-544.50,10.00,-553.97
42.581597089767456,50500,0.00,-544.17,10.00,-553.31
42.630423069000244,50550,0.00,-543.77,10.00,-553.97
42.68033170700073,50600,0.00,-544.67,10.00,-553.31
42.73034596443176,50650,0.00,-544.22,10.00,-553.97
42.78032326698303,50700,0.00,-544.67,10.00,-552.89
42.83047962188721,50750,0.00,-544.22,10.00,-552.39
42.88045692443848,50800,0.00,-544.08,10.00,-553.67
42.93033003807068,50850,0.00,-544.03,10.00,-552.98
42.979412317276,50900,0.00,-543.59,10.00,-552.56
43.029290199279785,50950,0.00,-544.46,10.00,-553.73
43.07960271835327,51000,0.00,-545.61,10.00,-553.00
43.13001728057861,51050,0.00,-544.95,10.00,-552.57
43.17940330505371,51100,0.00,-545.47,10.00,-553.44
43.2293016910553,51150,0.00,-544.63,10.00,-552.90
43.279321908950806,51200,0.00,-543.69,10.00,-553.55
43.32840585708618,51250,0.00,-543.90,10.00,-554.10
43.378525257110596,51300,0.00,-543.74,10.00,-553.35
43.42851376533508,51350,0.00,-544.51,10.00,-553.85
43.47836756706238,51400,0.00,-544.17,10.00,-553.03
43.52837300300598,51450,0.00,-545.22,10.00,-554.03
43.57831144332886,51500,0.00,-544.40,10.00,-553.10
43.6286985874176,51550,0.00,-545.29,10.00,-553.90
43.67847514152527,51600,0.00,-544.43,10.00,-553.29
43.7274432182312,51650,0.00,-544.89,10.00,-553.68
43.77741718292236,51700,0.00,-545.74,10.00,-552.79
43.82736682891846,51750,0.00,-544.57,10.00,-553.81
43.878323793411255,51800,0.00,-543.86,10.00,-552.84
43.9276602268219,51850,0.00,-545.41,10.00,-553.82
43.97756004333496,51900,0.00,-544.46,10.00,-552.84
44.02726483345032,51950,0.00,-545.32,10.00,-553.82
44.07632541656494,52000,0.00,-544.43,10.00,-552.84
44.12629961967468,52050,0.00,-543.85,10.00,-553.82
44.17634129524231,52100,0.00,-544.55,10.00,-553.03
44.226409673690796,52150,0.00,-544.18,10.00,-552.58
44.276336908340454,52200,0.00,-545.04,10.00,-553.21
44.326297998428345,52250,0.00,-544.34,10.00,-552.64
44.37628102302551,52300,0.00,-545.13,10.00,-553.47
44.42533826828003,52350,0.00,-545.82,10.00,-552.91
44.47578239440918,52400,0.00,-544.60,10.00,-553.55
44.52561402320862,52450,0.00,-544.94,10.00,-553.91
44.57549214363098,52500,0.00,-545.24,10.00,-553.58
44.62533926963806,52550,0.00,-542.96,10.00,-553.18
44.67528939247131,52600,0.00,-543.43,10.00,-554.08
44.72537398338318,52650,0.00,-544.41,10.00,-553.34
44.77444267272949,52700,0.00,-545.59,10.00,-554.32
44.824437618255615,52750,0.00,-544.35,10.00,-553.42
44.87433671951294,52800,0.00,-544.12,10.00,-553.13
44.92432355880737,52850,0.00,-543.52,10.00,-554.06
44.97440314292908,52900,0.00,-544.44,10.00,-553.34
45.02460861206055,52950,0.00,-544.74,10.00,-552.68
45.07337474822998,53000,0.00,-544.99,10.00,-553.48
45.12340545654297,53050,0.00,-544.33,10.00,-552.73
45.17330002784729,53100,0.00,-545.56,10.00,-553.78
45.223289489746094,53150,0.00,-544.51,10.00,-552.83
45.27346706390381,53200,0.00,-544.17,10.00,-552.51
45.32337403297424,53250,0.00,-543.54,10.00,-553.71
45.372451305389404,53300,0.00,-544.59,10.00,-552.81
45.42231035232544,53350,0.00,-545.42,10.00,-553.81
45.47229886054993,53400,0.00,-544.70,10.00,-552.84
45.522297382354736,53450,0.00,-544.23,10.00,-553.53
45.57272267341614,53500,0.00,-545.24,10.00,-552.93
45.62241315841675,53550,0.00,-544.56,10.00,-553.71
45.672303676605225,53600,0.00,-544.19,10.00,-552.99
45.72135877609253,53650,0.00,-544.66,10.00,-554.02
45.77128720283508,53700,0.00,-543.80,10.00,-553.09
45.82130837440491,53750,0.00,-544.53,10.00,-553.76
45.871522188186646,53800,0.00,-544.77,10.00,-553.01
45.921419858932495,53850,0.00,-545.71,10.00,-553.59
45.971314668655396,53900,0.00,-544.56,10.00,-554.21
46.02127003669739,53950,0.00,-545.35,10.00,-554.61
46.07162141799927,54000,0.00,-544.44,10.00,-553.51
46.12079644203186,54050,0.00,-543.63,10.00,-553.75
46.170541524887085,54100,0.00,-543.88,10.00,-553.24
46.22030591964722,54150,0.00,-545.18,10.00,-553.95
46.27027940750122,54200,0.00,-544.39,10.00,-554.33
46.32023572921753,54250,0.00,-545.29,10.00,-553.19
46.370643854141235,54300,0.00,-544.43,10.00,-553.94
46.419840574264526,54350,0.00,-544.74,10.00,-553.59
46.4693820476532,54400,0.00,-545.69,10.00,-553.18
46.519293546676636,54450,0.00,-544.71,10.00,-552.63
46.5693097114563,54500,0.00,-543.94,10.00,-553.75
46.61950206756592,54550,0.00,-544.73,10.00,-553.00
46.669408082962036,54600,0.00,-544.24,10.00,-552.57
46.71885561943054,54650,0.00,-544.08,10.00,-553.21
46.7684907913208,54700,0.00,-544.81,10.00,-552.64
46.81829810142517,54750,0.00,-544.27,10.00,-553.61
46.86831068992615,54800,0.00,-543.80,10.00,-552.96
46.91842317581177,54850,0.00,-544.53,10.00,-553.57
46.969040632247925,54900,0.00,-543.94,10.00,-552.94
47.01752781867981,54950,0.00,-544.58,10.00,-553.71
47.06731033325195,55000,0.00,-545.46,10.00,-554.44
47.11734127998352,55050,0.00,-544.48,10.00,-553.46
47.16738152503967,55100,0.00,-544.75,10.00,-554.17
47.217692375183105,55150,0.00,-545.41,10.00,-554.59
47.26737642288208,55200,0.00,-544.46,10.00,-553.28
47.31723690032959,55250,0.00,-545.08,10.00,-553.67
47.36729645729065,55300,0.00,-544.36,10.00,-554.43
47.4162962436676,55350,0.00,-545.05,10.00,-553.46
47.46630144119263,55400,0.00,-544.35,10.00,-553.43
47.51665806770325,55450,0.00,-544.71,10.00,-554.16
47.566468954086304,55500,0.00,-541.93,10.00,-553.37
47.61630153656006,55550,0.00,-544.07,10.00,-553.99
47.66626715660095,55600,0.00,-544.62,10.00,-554.35
47.71641826629639,55650,0.00,-545.66,10.00,-553.01
47.766401529312134,55700,0.00,-544.55,10.00,-553.88
47.815654039382935,55750,0.00,-545.63,10.00,-552.86
47.865307092666626,55800,0.00,-543.42,10.00,-552.52
47.91526508331299,55850,0.00,-544.41,10.00,-553.43
47.965269804000854,55900,0.00,-544.14,10.00,-554.16
48.01537013053894,55950,0.00,-544.87,10.00,-554.40
48.06633448600769,56000,0.00,-544.29,10.00,-553.22
48.114521741867065,56050,0.00,-545.26,10.00,-553.42
48.16430377960205,56100,0.00,-544.56,10.00,-553.87
48.21433925628662,56150,0.00,-545.12,10.00,-554.31
48.26430940628052,56200,0.00,-544.08,10.00,-553.19
48.31471538543701,56250,0.00,-544.62,10.00,-553.64
48.36443066596985,56300,0.00,-545.14,10.00,-553.94
48.414310693740845,56350,0.00,-544.14,10.00,-554.33
48.463319301605225,56400,0.00,-544.64,10.00,-553.19
48.513325929641724,56450,0.00,-545.04,10.00,-553.65
48.56328201293945,56500,0.00,-545.79,10.00,-553.94
48.6133394241333,56550,0.00,-544.59,10.00,-554.04
48.66327619552612,56600,0.00,-545.21,10.00,-554.55
48.71331858634949,56650,0.00,-545.85,10.00,-554.95
48.763343334198,56700,0.00,-544.76,10.00,-553.63
48.81330394744873,56750,0.00,-545.18,10.00,-554.08
48.86288046836853,56800,0.00,-544.10,10.00,-554.38
48.91263246536255,56850,0.00,-544.63,10.00,-554.66
48.96239137649536,56900,0.00,-545.24,10.00,-553.30
49.01236081123352,56950,0.00,-545.86,10.00,-553.68
49.06235194206238,57000,0.00,-544.61,10.00,-553.81
49.11242699623108,57050,0.00,-541.90,10.00,-553.85
49.162625312805176,57100,0.00,-544.29,10.00,-554.30
49.2115044593811,57150,0.00,-544.10,10.00,-554.45
49.26126980781555,57200,0.00,-545.20,10.00,-554.68
49.31131982803345,57250,0.00,-544.54,10.00,-553.54
49.362526178359985,57300,0.00,-543.89,10.00,-553.53
49.411858320236206,57350,0.00,-543.37,10.00,-553.76
49.46150779724121,57400,0.00,-544.54,10.00,-553.98
49.51129651069641,57450,0.00,-545.40,10.00,-554.05
49.56025743484497,57500,0.00,-544.46,10.00,-552.92
49.610373973846436,57550,0.00,-544.15,10.00,-553.32
49.660494327545166,57600,0.00,-545.07,10.00,-553.69
49.71044063568115,57650,0.00,-545.80,10.00,-552.98
49.760294914245605,57700,0.00,-543.48,10.00,-553.35
49.810293436050415,57750,0.00,-544.43,10.00,-554.13
49.86027145385742,57800,0.00,-544.14,10.00,-553.13
49.909287452697754,57850,0.00,-544.88,10.00,-553.77
49.95957326889038,57900,0.00,-545.74,10.00,-554.46
50.00941276550293,57950,0.00,-541.79,10.00,-553.24
50.05935192108154,58000,0.00,-544.73,10.00,-553.66
50.10928559303284,58050,0.00,-544.24,10.00,-553.95
50.159273624420166,58100,0.00,-544.82,10.00,-554.04
50.20966720581055,58150,0.00,-543.56,10.00,-554.07
50.25926947593689,58200,0.00,-543.86,10.00,-554.37
50.30841040611267,58250,0.00,-544.89,10.00,-554.47
50.35828351974487,58300,0.00,-544.29,10.00,-553.47
50.40830421447754,58350,0.00,-543.87,10.00,-554.18
50.458330154418945,58400,0.00,-544.55,10.00,-553.14
50.50830912590027,58450,0.00,-545.45,10.00,-553.92
50.558310747146606,58500,0.00,-544.48,10.00,-552.87
50.60740113258362,58550,0.00,-544.94,10.00,-553.31
50.657360553741455,58600,0.00,-544.46,10.00,-553.97
50.70729112625122,58650,0.00,-545.08,10.00,-552.89
50.75726580619812,58700,0.00,-544.07,10.00,-553.55
50.80730104446411,58750,0.00,-544.62,10.00,-552.75
50.85732650756836,58800,0.00,-544.21,10.00,-553.79
50.90729808807373,58850,0.00,-544.30,10.00,-553.02
50.95637059211731,58900,0.00,-545.55,10.00,-553.36
51.006303548812866,58950,0.00,-543.32,10.00,-554.14
51.05644726753235,59000,0.00,-544.94,10.00,-553.13
51.10627865791321,59050,0.00,-544.31,10.00,-553.39
51.156283140182495,59100,0.00,-545.27,10.00,-554.15
51.20626902580261,59150,0.00,-544.42,10.00,-553.13
51.25625133514404,59200,0.00,-544.14,10.00,-553.78
51.30532383918762,59250,0.00,-544.64,10.00,-553.01
51.355313777923584,59300,0.00,-545.66,10.00,-553.59
51.40527105331421,59350,0.00,-544.73,10.00,-553.92
51.45532846450806,59400,0.00,-545.40,10.00,-553.06
51.50533437728882,59450,0.00,-544.46,10.00,-553.60
51.5560302734375,59500,0.00,-545.08,10.00,-554.22
51.60440397262573,59550,0.00,-544.36,10.00,-553.39
51.654316425323486,59600,0.00,-543.89,10.00,-554.00
51.70430898666382,59650,0.00,-544.56,10.00,-554.35
51.75432872772217,59700,0.00,-544.78,10.00,-553.43
51.80427265167236,59750,0.00,-545.42,10.00,-553.72
51.85467767715454,59800,0.00,-544.47,10.00,-554.11
51.90438199043274,59850,0.00,-545.17,10.00,-552.94
51.95424795150757,59900,0.00,-544.06,10.00,-553.33
52.003437995910645,59950,0.00,-545.47,10.00,-553.69
52.053261280059814,60000,0.00,-541.73,10.00,-554.25
52.10450863838196,60050,0.00,-544.19,10.00,-552.98
52.15348672866821,60100,0.00,-544.06,10.00,-553.34
52.20327544212341,60150,0.00,-540.97,10.00,-553.84
52.2532856464386,60200,0.00,-543.01,10.00,-552.85
52.30326843261719,60250,0.00,-544.65,10.00,-553.30
52.35251522064209,60300,0.00,-544.40,10.00,-553.83
52.40341806411743,60350,0.00,-545.59,10.00,-553.03
52.45261549949646,60400,0.00,-544.67,10.00,-553.36
52.502285957336426,60450,0.00,-543.93,10.00,-553.85
52.552374601364136,60500,0.00,-544.72,10.00,-554.49
52.60232949256897,60550,0.00,-544.24,10.00,-553.24
52.652581453323364,60600,0.00,-544.68,10.00,-553.66
52.701509952545166,60650,0.00,-544.82,10.00,-553.95
52.751319885253906,60700,0.00,-544.86,10.00,-553.07
52.801355838775635,60750,0.00,-544.29,10.00,-553.61
52.85127520561218,60800,0.00,-544.69,10.00,-554.22
52.90133237838745,60850,0.00,-545.39,10.00,-554.61
52.951606035232544,60900,0.00,-544.61,10.00,-553.52
53.001364946365356,60950,0.00,-545.13,10.00,-553.75
53.05030608177185,61000,0.00,-545.30,10.00,-554.12
53.10027551651001,61050,0.00,-544.43,10.00,-553.12
53.15044617652893,61100,0.00,-544.74,10.00,-553.62
53.200303077697754,61150,0.00,-544.99,10.00,-554.08
53.251636028289795,61200,0.00,-545.07,10.00,-553.34
53.300275564193726,61250,0.00,-545.10,10.00,-553.99
53.350252628326416,61300,0.00,-545.10,10.00,-552.89
53.39931511878967,61350,0.00,-545.58,10.00,-552.39
53.44935393333435,61400,0.00,-544.52,10.00,-553.67
53.49933314323425,61450,0.00,-545.33,10.00,-552.79
53.54942226409912,61500,0.00,-543.25,10.00,-553.28
53.599280834198,61550,0.00,-544.54,10.00,-553.82
53.64923572540283,61600,0.00,-545.34,10.00,-552.84
53.699270486831665,61650,0.00,-544.44,10.00,-553.30
53.748398303985596,61700,0.00,-545.08,10.00,-553.83
53.79846262931824,61750,0.00,-544.07,10.00,-552.84
53.848281383514404,61800,0.00,-544.77,10.00,-553.53
53.89828157424927,61850,0.00,-544.25,10.00,-553.91
53.948296785354614,61900,0.00,-544.91,10.00,-553.05
53.99890685081482,61950,0.00,-545.57,10.00,-553.75
54.04834175109863,62000,0.00,-544.52,10.00,-554.27
54.09750556945801,62050,0.00,-545.33,10.00,-553.40
54.14734864234924,62100,0.00,-545.60,10.00,-554.15
54.19729948043823,62150,0.00,-544.53,10.00,-553.37
54.24740147590637,62200,0.00,-544.18,10.00,-553.99
54.29780101776123,62250,0.00,-543.83,10.00,-553.31
54.34722661972046,62300,0.00,-544.54,10.00,-554.12
54.39653778076172,62350,0.00,-545.63,10.00,-553.36
54.446298122406006,62400,0.00,-544.72,10.00,-553.99
54.49627113342285,62450,0.00,-545.40,10.00,-553.31
54.546255111694336,62500,0.00,-545.91,10.00,-553.98
54.59625744819641,62550,0.00,-542.64,10.00,-553.08
54.64630365371704,62600,0.00,-543.27,10.00,-553.90
54.69526934623718,62650,0.00,-544.36,10.00,-552.87
54.74530625343323,62700,0.00,-545.34,10.00,-553.54
54.795265197753906,62750,0.00,-544.44,10.00,-554.20
54.84525537490845,62800,0.00,-544.97,10.00,-553.15
54.89561605453491,62850,0.00,-544.32,10.00,-553.92
54.945345640182495,62900,0.00,-545.27,10.00,-553.06
54.99427342414856,62950,0.00,-543.12,10.00,-552.59
55.044251918792725,63000,0.00,-544.31,10.00,-553.22
55.0943877696991,63050,0.00,-544.10,10.00,-552.64
55.144275426864624,63100,0.00,-544.63,10.00,-553.47
55.19468426704407,63150,0.00,-545.66,10.00,-554.36
55.24496364593506,63200,0.00,-546.00,10.00,-553.20
55.29419541358948,63250,0.00,-544.66,10.00,-553.80
55.343273639678955,63300,0.00,-545.23,10.00,-553.99
55.393500089645386,63350,0.00,-545.57,10.00,-554.35
55.44333291053772,63400,0.00,-544.52,10.00,-554.65
55.49331760406494,63450,0.00,-545.10,10.00,-553.30
55.54325199127197,63500,0.00,-544.36,10.00,-553.68
55.59324908256531,63550,0.00,-542.10,10.00,-553.95
55.643327951431274,63600,0.00,-544.12,10.00,-553.90
55.69333028793335,63650,0.00,-544.79,10.00,-554.32
55.74253702163696,63700,0.00,-545.42,10.00,-554.64
55.792320728302,63750,0.00,-544.47,10.00,-553.53
55.84227895736694,63800,0.00,-544.75,10.00,-554.05
55.89223790168762,63850,0.00,-545.22,10.00,-552.91
55.94246482849121,63900,0.00,-545.85,10.00,-553.55
55.99230670928955,63950,0.00,-545.03,10.00,-554.06
56.04228615760803,64000,0.00,-545.50,10.00,-552.92
56.091301918029785,64050,0.00,-544.83,10.00,-553.56
56.14128804206848,64100,0.00,-542.42,10.00,-552.60
56.19137787818909,64150,0.00,-544.70,10.00,-553.22
56.24139380455017,64200,0.00,-544.23,10.00,-552.64
56.29142379760742,64250,0.00,-545.53,10.00,-553.23
56.341222047805786,64300,0.00,-544.50,10.00,-552.65
56.391241788864136,64350,0.00,-545.33,10.00,-553.24
56.440258502960205,64400,0.00,-544.77,10.00,-552.65
56.49035382270813,64450,0.00,-544.26,10.00,-553.47
56.54033088684082,64500,0.00,-544.68,10.00,-552.91
56.590237617492676,64550,0.00,-545.26,10.00,-553.55
56.64026665687561,64600,0.00,-544.42,10.00,-554.39
56.69020342826843,64650,0.00,-544.73,10.00,-553.44
56.74022626876831,64700,0.00,-545.22,10.00,-554.17
56.78971457481384,64750,0.00,-544.40,10.00,-553.37
56.8393611907959,64800,0.00,-544.91,10.00,-554.33
56.88935565948486,64850,0.00,-545.75,10.00,-553.42
56.939361333847046,64900,0.00,-544.73,10.00,-554.01
56.98935890197754,64950,0.00,-544.98,10.00,-553.32
57.04017114639282,65000,0.00,-545.49,10.00,-553.69
57.08937859535217,65050,0.00,-544.49,10.00,-554.43
57.139238119125366,65100,0.00,-544.76,10.00,-553.46
57.18829584121704,65150,0.00,-544.99,10.00,-554.02
57.238351583480835,65200,0.00,-545.07,10.00,-553.32
57.288475036621094,65250,0.00,-544.35,10.00,-554.13
57.338547229766846,65300,0.00,-544.71,10.00,-553.13
57.389259338378906,65350,0.00,-544.24,10.00,-552.46
57.438260555267334,65400,0.00,-544.86,10.00,-552.99
57.48819327354431,65450,0.00,-545.45,10.00,-554.02
57.538307428359985,65500,0.00,-544.48,10.00,-553.09
57.58738970756531,65550,0.00,-545.09,10.00,-553.90
57.63745641708374,65600,0.00,-544.36,10.00,-553.05
57.68726062774658,65650,0.00,-544.12,10.00,-552.77
57.73726534843445,65700,0.00,-544.64,10.00,-552.50
57.78727746009827,65750,0.00,-545.66,10.00,-553.71
57.8378541469574,65800,0.00,-544.73,10.00,-553.22
57.887665033340454,65850,0.00,-545.69,10.00,-552.83
57.93625569343567,65900,0.00,-544.71,10.00,-552.52
57.98623991012573,65950,0.00,-543.94,10.00,-553.42
58.03624200820923,66000,0.00,-544.58,10.00,-552.90
58.08661246299744,66050,0.00,-544.19,10.00,-554.17
58.136435747146606,66100,0.00,-544.66,10.00,-553.37
58.18626523017883,66150,0.00,-545.67,10.00,-552.88
58.235344648361206,66200,0.00,-544.55,10.00,-553.83
58.28525686264038,66250,0.00,-545.34,10.00,-553.03
58.33528232574463,66300,0.00,-545.89,10.00,-553.88
58.385335206985474,66350,0.00,-546.07,10.00,-553.28
58.43527388572693,66400,0.00,-544.83,10.00,-553.96
58.48520064353943,66450,0.00,-545.02,10.00,-553.07
58.53523516654968,66500,0.00,-545.50,10.00,-553.90
58.58423638343811,66550,0.00,-544.20,10.00,-552.87
58.63431167602539,66600,0.00,-544.66,10.00,-553.83
58.68434023857117,66650,0.00,-544.96,10.00,-552.84
58.734421253204346,66700,0.00,-545.54,10.00,-553.53
58.78439211845398,66750,0.00,-544.51,10.00,-552.75
58.834248781204224,66800,0.00,-545.62,10.00,-553.50
58.88427186012268,66850,0.00,-544.53,10.00,-552.73
58.93328070640564,66900,0.00,-544.77,10.00,-553.93
58.98435735702515,66950,0.00,-545.42,10.00,-553.06
59.03331756591797,67000,0.00,-544.47,10.00,-552.78
59.08325123786926,67050,0.00,-544.75,10.00,-553.51
59.13324522972107,67100,0.00,-545.18,10.00,-552.92
59.183269739151,67150,0.00,-544.39,10.00,-554.00
59.233393907547,67200,0.00,-544.87,10.00,-553.32
59.28259587287903,67250,0.00,-544.29,10.00,-554.31
59.332271099090576,67300,0.00,-544.84,10.00,-553.42
59.38222861289978,67350,0.00,-545.44,10.00,-554.34
59.43229389190674,67400,0.00,-544.47,10.00,-553.43
59.482250928878784,67450,0.00,-545.17,10.00,-554.16
59.53268575668335,67500,0.00,-545.84,10.00,-553.14
59.58220434188843,67550,0.00,-544.94,10.00,-553.92
59.63125228881836,67600,0.00,-544.31,10.00,-553.06
59.68128252029419,67650,0.00,-545.14,10.00,-553.89
59.73159193992615,67700,0.00,-544.38,10.00,-553.05
59.78143095970154,67750,0.00,-544.72,10.00,-552.59
59.831549406051636,67800,0.00,-544.24,10.00,-553.74
59.88153672218323,67850,0.00,-545.24,10.00,-553.00
59.93079090118408,67900,0.00,-544.41,10.00,-552.57
59.98121404647827,67950,0.00,-543.61,10.00,-553.73
60.03028917312622,68000,0.00,-544.47,10.00,-553.00
60.081260442733765,68050,0.00,-544.90,10.00,-554.02
60.1302444934845,68100,0.00,-544.30,10.00,-553.09
60.181371212005615,68150,0.00,-544.69,10.00,-553.76
60.22972583770752,68200,0.00,-544.97,10.00,-553.01
60.27979826927185,68250,0.00,-545.48,10.00,-554.02
60.32932734489441,68300,0.00,-545.94,10.00,-553.09
60.379688024520874,68350,0.00,-545.80,10.00,-553.76
60.43070650100708,68400,0.00,-545.86,10.00,-553.01
60.48011612892151,68450,0.00,-545.77,10.00,-553.73
60.53035092353821,68500,0.00,-546.03,10.00,-553.23
60.57863235473633,68550,0.00,-546.12,10.00,-554.10
60.62831735610962,68600,0.00,-545.86,10.00,-554.57
60.67824602127075,68650,0.00,-546.06,10.00,-553.50
60.72825241088867,68700,0.00,-544.86,10.00,-554.19
60.77823805809021,68750,0.00,-545.21,10.00,-554.60
60.82853698730469,68800,0.00,-545.85,10.00,-553.51
60.87835168838501,68850,0.00,-544.76,10.00,-554.04
60.927778244018555,68900,0.00,-544.25,10.00,-553.33
60.977378845214844,68950,0.00,-544.08,10.00,-553.98
61.027243852615356,69000,0.00,-544.03,10.00,-553.31
61.077228307724,69050,0.00,-544.61,10.00,-552.67
61.12821292877197,69100,0.00,-545.65,10.00,-553.48
61.17739796638489,69150,0.00,-544.54,10.00,-552.73
61.22634267807007,69200,0.00,-545.63,10.00,-553.49
61.2762565612793,69250,0.00,-544.69,10.00,-554.18
61.32636904716492,69300,0.00,-545.16,10.00,-553.14
61.376286029815674,69350,0.00,-544.38,10.00,-554.07
61.42652463912964,69400,0.00,-544.87,10.00,-553.11
61.47642493247986,69450,0.00,-545.51,10.00,-553.77
61.52725791931152,69500,0.00,-544.50,10.00,-554.27
61.57527160644531,69550,0.00,-544.76,10.00,-553.17
61.625338077545166,69600,0.00,-544.85,10.00,-553.41
61.675443172454834,69650,0.00,-545.25,10.00,-553.87
61.725974321365356,69700,0.00,-544.41,10.00,-554.49
61.7752525806427,69750,0.00,-544.92,10.00,-553.25
61.82526874542236,69800,0.00,-545.08,10.00,-553.66
61.87525010108948,69850,0.00,-545.81,10.00,-554.24
61.925222873687744,69900,0.00,-544.74,10.00,-553.16
61.97457408905029,69950,0.00,-544.99,10.00,-553.64
62.02428579330444,70000,0.00,-544.33,10.00,-554.23
62.07439851760864,70050,0.00,-544.85,10.00,-554.61
62.12422800064087,70100,0.00,-544.28,10.00,-553.52
62.174196004867554,70150,0.00,-545.07,10.00,-554.19
62.224295139312744,70200,0.00,-545.33,10.00,-554.60
62.27535820007324,70250,0.00,-545.41,10.00,-553.28
62.323570728302,70300,0.00,-544.28,10.00,-554.89
62.37332892417908,70350,0.00,-545.25,10.00,-553.38
62.42332983016968,70400,0.00,-545.39,10.00,-553.47
62.47330451011658,70450,0.00,-545.91,10.00,-553.74
62.52354288101196,70500,0.00,-546.08,10.00,-553.83
62.573505878448486,70550,0.00,-545.84,10.00,-553.85
62.62324404716492,70600,0.00,-546.06,10.00,-554.01
62.6732234954834,70650,0.00,-546.13,10.00,-554.06
62.723304986953735,70700,0.00,-546.15,10.00,-554.37
62.772687911987305,70750,0.00,-544.71,10.00,-553.02
62.823570251464844,70800,0.00,-544.42,10.00,-553.36
62.87225079536438,70850,0.00,-545.30,10.00,-553.47
62.9231379032135,70900,0.00,-545.59,10.00,-553.89
62.97295522689819,70950,0.00,-544.52,10.00,-554.31
63.023528814315796,71000,0.00,-544.92,10.00,-554.45
63.07223916053772,71050,0.00,-545.05,10.00,-553.23
63.12134337425232,71100,0.00,-544.06,10.00,-553.81
63.171244859695435,71150,0.00,-544.61,10.00,-553.02
63.22121977806091,71200,0.00,-545.24,10.00,-553.00
63.27145838737488,71250,0.00,-544.41,10.00,-552.76
63.32234477996826,71300,0.00,-545.11,10.00,-553.50
63.37255382537842,71350,0.00,-545.82,10.00,-552.92
63.42137360572815,71400,0.00,-546.05,10.00,-552.96
63.47106695175171,71450,0.00,-544.67,10.00,-553.57
63.52111220359802,71500,0.00,-545.00,10.00,-554.06
63.5713951587677,71550,0.00,-545.11,10.00,-553.10
63.62030243873596,71600,0.00,-545.53,10.00,-553.62
63.67029356956482,71650,0.00,-545.95,10.00,-554.41
63.7202250957489,71700,0.00,-544.79,10.00,-553.45
63.76921200752258,71750,0.00,-545.19,10.00,-554.17
63.81930136680603,71800,0.00,-545.32,10.00,-552.95
63.86932682991028,71850,0.00,-544.15,10.00,-553.34
63.9193811416626,71900,0.00,-544.64,10.00,-553.69
63.96920704841614,71950,0.00,-544.96,10.00,-554.25
64.01922607421875,72000,0.00,-545.06,10.00,-552.98
64.06923413276672,72050,0.00,-544.35,10.00,-553.87
64.11834692955017,72100,0.00,-544.86,10.00,-553.04
64.16846370697021,72150,0.00,-544.28,10.00,-552.58
64.21853756904602,72200,0.00,-544.88,10.00,-553.45
64.26825380325317,72250,0.00,-544.29,10.00,-552.72
64.31826043128967,72300,0.00,-544.84,10.00,-553.49
64.36823105812073,72350,0.00,-543.99,10.00,-552.92
64.4176127910614,72400,0.00,-545.16,10.00,-553.70
64.46757936477661,72450,0.00,-545.54,10.00,-552.99
64.51745629310608,72500,0.00,-544.51,10.00,-553.58
64.56725549697876,72550,0.00,-544.76,10.00,-554.40
64.61724066734314,72600,0.00,-545.00,10.00,-553.45
64.66733193397522,72650,0.00,-545.55,10.00,-554.17
64.7175669670105,72700,0.00,-544.51,10.00,-553.37
64.76652646064758,72750,0.00,-544.76,10.00,-554.14
64.81636333465576,72800,0.00,-545.00,10.00,-553.36
64.86624813079834,72850,0.00,-545.78,10.00,-552.88
64.91644549369812,72900,0.00,-546.04,10.00,-553.83
64.96641516685486,72950,0.00,-546.12,10.00,-553.26
65.0162878036499,73000,0.00,-544.70,10.00,-553.96
65.06538319587708,73050,0.00,-545.24,10.00,-553.30
65.11522841453552,73100,0.00,-545.57,10.00,-552.67
65.16526532173157,73150,0.00,-544.52,10.00,-553.77
65.2154438495636,73200,0.00,-545.10,10.00,-552.82
65.26544189453125,73250,0.00,-544.07,10.00,-552.51
65.3152847290039,73300,0.00,-544.62,10.00,-553.71
65.36428785324097,73350,0.00,-543.97,10.00,-552.99
65.41423559188843,73400,0.00,-544.59,10.00,-552.57
65.4642722606659,73450,0.00,-545.02,10.00,-553.44
65.51425313949585,73500,0.00,-544.34,10.00,-552.90
65.56449604034424,73550,0.00,-544.71,10.00,-552.54
65.61339163780212,73600,0.00,-544.42,10.00,-552.42
65.66321206092834,73650,0.00,-545.30,10.00,-553.39
65.71328806877136,73700,0.00,-545.88,10.00,-553.12
65.76345109939575,73750,0.00,-546.07,10.00,-552.80
65.81326341629028,73800,0.00,-544.83,10.00,-553.95
65.86333012580872,73850,0.00,-545.20,10.00,-553.30
65.91231775283813,73900,0.00,-545.33,10.00,-553.09
65.96321082115173,73950,0.00,-545.37,10.00,-554.24
66.01246643066406,74000,0.00,-545.38,10.00,-553.68
66.06355261802673,74050,0.00,-545.61,10.00,-553.21
66.11272883415222,74100,0.00,-545.69,10.00,-552.64
66.16135716438293,74150,0.00,-544.56,10.00,-553.76
66.21192932128906,74200,0.00,-544.49,10.00,-553.00
66.26228189468384,74250,0.00,-544.76,10.00,-552.42
66.31145548820496,74300,0.00,-544.85,10.00,-553.39
66.36156415939331,74350,0.00,-545.02,10.00,-552.70
66.41133642196655,74400,0.00,-545.08,10.00,-552.32
66.46044182777405,74450,0.00,-545.10,10.00,-553.36
66.51028490066528,74500,0.00,-545.58,10.00,-552.69
66.56029081344604,74550,0.00,-545.97,10.00,-553.92
66.6111900806427,74600,0.00,-546.10,10.00,-553.06
66.66034626960754,74650,0.00,-545.91,10.00,-553.89
66.71049761772156,74700,0.00,-545.85,10.00,-553.05
66.75939965248108,74750,0.00,-544.61,10.00,-552.77
66.8092086315155,74800,0.00,-544.80,10.00,-552.50
66.8592357635498,74850,0.00,-545.01,10.00,-553.71
66.90928673744202,74900,0.00,-545.78,10.00,-553.51
66.95941162109375,74950,0.00,-544.59,10.00,-553.45
67.00932812690735,75000,0.00,-544.97,10.00,-553.43
67.05833148956299,75050,0.00,-545.25,10.00,-553.13
67.1082193851471,75100,0.00,-545.86,10.00,-553.32
67.15826272964478,75150,0.00,-544.76,10.00,-553.38
67.20827841758728,75200,0.00,-545.41,10.00,-553.40
67.25741028785706,75250,0.00,-544.47,10.00,-553.41
67.30736446380615,75300,0.00,-544.75,10.00,-553.41
67.35731339454651,75350,0.00,-544.99,10.00,-553.12
67.40722727775574,75400,0.00,-545.07,10.00,-552.61
67.45717740058899,75450,0.00,-544.35,10.00,-552.44
67.507488489151,75500,0.00,-544.71,10.00,-553.69
67.55684351921082,75550,0.00,-544.24,10.00,-553.22
67.60629558563232,75600,0.00,-545.24,10.00,-552.64
67.65618801116943,75650,0.00,-545.86,10.00,-553.76
67.70625925064087,75700,0.00,-543.50,10.00,-553.00
67.75618505477905,75750,0.00,-544.43,10.00,-552.57
67.80714416503906,75800,0.00,-544.89,10.00,-553.88
67.8553819656372,75850,0.00,-544.06,10.00,-553.05
67.90521907806396,75900,0.00,-545.00,10.00,-552.77
67.9553439617157,75950,0.00,-532.67,10.00,-540.09
68.00520038604736,76000,0.00,-490.80,10.00,-495.43
68.0553936958313,76050,0.00,-441.71,10.00,-443.87
68.10542058944702,76100,0.00,-393.87,10.00,-395.45
68.15533757209778,76150,0.00,-349.50,10.00,-349.16
68.20425009727478,76200,0.00,-308.39,10.00,-309.84
68.25423240661621,76250,0.00,-272.72,10.00,-274.03
68.304279088974,76300,0.00,-238.41,10.00,-241.22
68.35426139831543,76350,0.00,-208.08,10.00,-209.44
68.40433049201965,76400,0.00,-177.91,10.00,-176.90
68.45421290397644,76450,0.00,-148.75,10.00,-147.75
68.50331592559814,76500,0.00,-120.33,10.00,-120.88
68.5532214641571,76550,0.00,-93.55,10.00,-92.28
68.60333847999573,76600,0.00,-65.27,10.00,-64.62
68.65339708328247,76650,0.00,-38.46,10.00,-37.81
68.70319175720215,76700,0.00,-16.03,10.00,-12.87
68.75273394584656,76750,0.00,-4.66,10.00,-4.22
68.80311059951782,76800,0.00,-1.53,10.00,-1.38
68.85244488716125,76850,0.00,-0.50,10.00,-0.45
68.90263557434082,76900,0.00,-0.16,10.00,-0.15
68.95240688323975,76950,0.00,-0.05,10.00,-0.05
69.0022828578949,77000,0.00,-0.02,10.00,-0.02
69.05138826370239,77050,0.00,-0.01,10.00,-0.01
69.10158658027649,77100,0.00,-0.00,10.00,-0.00
69.15207123756409,77150,0.00,-0.00,10.00,-0.00
69.20162630081177,77200,0.00,-0.00,10.00,-0.00
69.25129055976868,77250,0.00,-0.00,10.00,-0.00
69.30033016204834,77300,0.00,-0.00,10.00,-0.00
69.35050821304321,77350,0.00,-0.00,10.00,-0.00
69.40058708190918,77400,0.00,-0.00,10.00,-0.00
69.45019745826721,77450,0.00,-0.00,10.00,-0.00
69.50107169151306,77500,0.00,-0.00,10.00,-0.00
69.55019521713257,77550,0.00,-0.00,10.00,-0.00
69.60025787353516,77600,0.00,-0.00,10.00,-0.00
69.64920449256897,77650,0.00,-0.00,10.00,-0.00
69.69921231269836,77700,0.00,-0.00,10.00,-0.00
69.74976444244385,77750,0.00,-0.00,10.00,-0.00
69.79926061630249,77800,0.00,-0.00,10.00,-0.00
69.84825849533081,77850,0.00,-0.00,10.00,-0.00
69.89820408821106,77900,0.00,-0.00,10.00,-0.00
69.94923377037048,77950,0.00,-0.00,10.00,-0.00
