frame,time,conf,cx,cy,box_w,box_h,ball_pixel,z_cm,x_cm,y_cm,dist_cm,bearing_deg,smooth_z_cm,smooth_x_cm,smooth_dist_cm,smooth_bearing_deg,motor_on
1,0.730,0.9600,67.15,132.40,38.64,37.60,38.12,68.55,-37.94,-10.48,78.35,-28.96,68.55,-37.94,78.35,-28.96,0
2,2.279,0.9601,67.39,132.41,39.06,37.73,38.39,68.07,-37.63,-10.40,77.78,-28.94,68.38,-37.83,78.15,-28.95,1
3,2.432,0.9595,67.38,132.33,39.21,37.79,38.49,67.88,-37.53,-10.39,77.57,-28.94,68.21,-37.73,77.95,-28.95,1
4,2.789,0.9540,67.33,132.39,38.96,37.79,38.37,68.10,-37.66,-10.41,77.82,-28.94,68.17,-37.70,77.90,-28.95,1
5,2.938,0.9613,67.42,132.37,38.96,37.90,38.43,68.00,-37.59,-10.40,77.70,-28.93,68.11,-37.66,77.83,-28.94,1
6,3.078,0.9574,67.35,132.41,38.97,37.41,38.18,68.43,-37.84,-10.46,78.20,-28.94,68.22,-37.73,77.96,-28.94,1
7,3.546,0.9586,67.38,132.38,38.66,37.77,38.21,68.38,-37.80,-10.45,78.13,-28.94,68.28,-37.75,78.02,-28.94,1
8,3.676,0.9525,67.37,132.46,38.78,37.52,38.15,68.50,-37.87,-10.46,78.27,-28.94,68.36,-37.80,78.11,-28.94,1
9,3.805,0.9590,67.44,132.50,38.67,37.69,38.18,68.44,-37.83,-10.44,78.20,-28.93,68.39,-37.81,78.14,-28.94,1
10,4.262,0.9604,67.41,132.45,38.83,37.53,38.18,68.44,-37.84,-10.45,78.21,-28.93,68.41,-37.82,78.16,-28.94,1
11,4.391,0.9528,67.32,132.38,38.69,37.58,38.13,68.53,-37.90,-10.48,78.31,-28.94,68.45,-37.84,78.21,-28.94,1
12,4.515,0.9565,67.33,132.44,38.52,37.55,38.04,68.70,-37.99,-10.49,78.50,-28.94,68.54,-37.90,78.31,-28.94,1
13,4.965,0.9547,67.38,132.48,38.83,37.37,38.09,68.60,-37.93,-10.47,78.38,-28.94,68.56,-37.91,78.34,-28.94,1
14,5.086,0.9572,67.38,132.40,38.79,37.75,38.27,68.29,-37.75,-10.44,78.03,-28.94,68.46,-37.85,78.23,-28.94,1
15,5.209,0.9598,67.38,132.35,38.65,37.59,38.11,68.56,-37.90,-10.49,78.34,-28.94,68.50,-37.87,78.27,-28.94,1
16,5.661,0.9577,67.37,132.31,38.81,37.50,38.15,68.49,-37.87,-10.48,78.27,-28.94,68.50,-37.87,78.27,-28.94,1
17,5.782,0.9583,67.39,132.47,38.94,37.39,38.16,68.48,-37.86,-10.45,78.24,-28.94,68.49,-37.87,78.26,-28.94,1
18,5.904,0.9568,67.33,132.37,38.79,37.32,38.05,68.67,-37.97,-10.50,78.47,-28.94,68.55,-37.90,78.33,-28.94,1
19,6.354,0.9561,67.26,132.40,38.50,37.52,38.01,68.75,-38.03,-10.51,78.56,-28.95,68.62,-37.95,78.41,-28.94,1
20,6.476,0.9582,67.32,132.50,38.57,37.61,38.09,68.60,-37.94,-10.47,78.39,-28.94,68.61,-37.94,78.41,-28.94,1
21,6.593,0.9548,67.24,132.45,38.66,37.61,38.13,68.53,-37.91,-10.46,78.31,-28.95,68.58,-37.93,78.37,-28.95,1
22,7.041,0.9571,67.42,132.43,38.80,37.52,38.15,68.49,-37.86,-10.46,78.25,-28.93,68.55,-37.91,78.33,-28.94,1
23,7.159,0.9558,67.38,132.39,38.49,37.70,38.09,68.59,-37.92,-10.48,78.38,-28.94,68.56,-37.91,78.35,-28.94,1
24,7.274,0.9582,67.32,132.40,38.82,37.55,38.18,68.45,-37.85,-10.46,78.22,-28.94,68.52,-37.89,78.30,-28.94,1
25,7.728,0.9567,67.31,132.30,38.70,37.49,38.09,68.60,-37.94,-10.50,78.39,-28.95,68.55,-37.91,78.33,-28.94,1
26,7.842,0.9606,67.30,132.48,38.66,37.70,38.18,68.45,-37.86,-10.45,78.22,-28.95,68.51,-37.89,78.29,-28.94,1
27,7.958,0.9546,67.31,132.41,38.72,37.69,38.20,68.40,-37.83,-10.45,78.17,-28.95,68.47,-37.87,78.25,-28.94,1
28,8.398,0.9541,67.30,132.38,38.67,37.42,38.04,68.70,-37.99,-10.50,78.51,-28.95,68.55,-37.91,78.34,-28.94,1
29,8.511,0.9611,67.37,132.44,38.78,37.54,38.16,68.48,-37.86,-10.46,78.25,-28.94,68.53,-37.90,78.31,-28.94,1
30,8.622,0.9551,67.30,132.44,38.66,37.54,38.10,68.59,-37.94,-10.47,78.38,-28.95,68.55,-37.91,78.33,-28.94,1
31,9.061,0.9551,67.31,132.40,38.80,37.57,38.18,68.44,-37.85,-10.46,78.21,-28.94,68.51,-37.89,78.29,-28.94,1
32,9.173,0.9591,67.36,132.37,38.99,37.82,38.40,68.04,-37.62,-10.40,77.75,-28.94,68.35,-37.80,78.10,-28.94,1
33,9.285,0.9570,67.30,132.34,38.90,37.58,38.24,68.33,-37.80,-10.45,78.09,-28.95,68.34,-37.80,78.10,-28.94,1
34,9.725,0.9579,67.31,132.45,38.85,37.65,38.24,68.32,-37.79,-10.43,78.08,-28.95,68.34,-37.79,78.09,-28.94,1
35,9.838,0.9608,67.30,132.57,38.58,37.43,38.00,68.77,-38.03,-10.48,78.58,-28.95,68.49,-37.88,78.26,-28.94,1
36,9.950,0.9558,67.41,132.35,39.00,37.59,38.29,68.25,-37.73,-10.44,77.98,-28.93,68.40,-37.82,78.16,-28.94,1
37,10.389,0.9608,67.28,132.47,38.53,37.46,37.99,68.79,-38.05,-10.50,78.61,-28.95,68.54,-37.90,78.32,-28.94,1
38,10.502,0.9573,67.29,132.45,38.72,37.55,38.13,68.53,-37.90,-10.46,78.31,-28.95,68.53,-37.90,78.32,-28.94,1
39,10.613,0.9582,67.28,132.43,38.53,37.66,38.10,68.59,-37.94,-10.48,78.38,-28.95,68.55,-37.92,78.34,-28.95,1
40,11.054,0.9545,67.41,132.44,38.99,37.53,38.25,68.31,-37.76,-10.43,78.05,-28.93,68.47,-37.86,78.24,-28.94,1
41,11.163,0.9589,67.28,132.54,38.61,37.63,38.12,68.55,-37.92,-10.45,78.34,-28.95,68.50,-37.88,78.27,-28.94,1
42,11.273,0.9585,67.28,132.47,38.92,37.49,38.20,68.41,-37.84,-10.44,78.18,-28.95,68.47,-37.87,78.24,-28.95,1
43,11.712,0.9608,67.25,132.53,38.74,37.52,38.13,68.54,-37.91,-10.45,78.32,-28.95,68.49,-37.88,78.27,-28.95,1
44,11.821,0.9581,67.17,132.36,38.34,37.75,38.05,68.68,-38.01,-10.50,78.49,-28.96,68.56,-37.93,78.35,-28.95,1
45,11.930,0.9596,67.29,132.40,38.80,37.60,38.20,68.40,-37.83,-10.45,78.17,-28.95,68.50,-37.89,78.29,-28.95,1
46,12.368,0.9601,67.18,132.38,38.69,37.61,38.15,68.49,-37.90,-10.47,78.28,-28.96,68.50,-37.90,78.28,-28.95,1
47,12.477,0.9613,67.26,132.43,38.75,37.59,38.17,68.46,-37.87,-10.46,78.24,-28.95,68.49,-37.89,78.27,-28.95,1
48,12.587,0.9575,67.34,132.39,38.54,37.86,38.20,68.40,-37.82,-10.46,78.16,-28.94,68.46,-37.87,78.23,-28.95,1
49,13.028,0.9583,67.31,132.58,38.78,37.59,38.18,68.44,-37.85,-10.43,78.21,-28.95,68.45,-37.86,78.22,-28.95,1
50,13.136,0.9544,67.37,132.49,38.67,37.47,38.06,68.65,-37.96,-10.47,78.45,-28.94,68.52,-37.89,78.30,-28.94,1
51,13.248,0.9610,67.20,132.55,38.31,37.51,37.91,68.93,-38.14,-10.51,78.77,-28.96,68.66,-37.98,78.47,-28.95,1
52,13.700,0.9581,67.40,132.47,38.88,37.29,38.08,68.63,-37.94,-10.48,78.41,-28.93,68.65,-37.96,78.45,-28.94,1
53,13.810,0.9572,67.25,132.47,38.71,37.61,38.16,68.47,-37.88,-10.45,78.25,-28.95,68.59,-37.93,78.38,-28.95,1
54,13.920,0.9594,67.35,132.51,38.61,37.76,38.18,68.44,-37.84,-10.44,78.20,-28.94,68.53,-37.90,78.32,-28.94,1
55,14.360,0.9597,67.48,132.53,38.86,37.54,38.19,68.41,-37.81,-10.43,78.16,-28.93,68.49,-37.87,78.26,-28.94,1
56,14.471,0.9587,67.33,132.52,38.75,37.55,38.15,68.49,-37.88,-10.45,78.27,-28.94,68.49,-37.87,78.27,-28.94,1
57,14.581,0.9614,67.33,132.51,39.03,37.54,38.28,68.26,-37.75,-10.41,78.00,-28.94,68.41,-37.83,78.17,-28.94,1
58,15.019,0.9566,67.45,132.45,38.90,37.53,38.21,68.39,-37.80,-10.44,78.14,-28.93,68.40,-37.82,78.16,-28.94,1
59,15.128,0.9579,67.29,132.42,38.86,37.47,38.16,68.47,-37.87,-10.46,78.25,-28.95,68.43,-37.84,78.19,-28.94,1
60,15.240,0.9582,67.11,132.49,38.36,37.63,37.99,68.78,-38.07,-10.49,78.61,-28.97,68.55,-37.92,78.34,-28.95,1
61,15.680,0.9593,67.44,132.54,39.03,37.66,38.34,68.15,-37.67,-10.39,77.87,-28.93,68.41,-37.83,78.17,-28.94,1
62,15.790,0.9591,67.30,132.42,38.84,37.58,38.21,68.39,-37.82,-10.45,78.15,-28.95,68.40,-37.83,78.17,-28.94,1
63,15.899,0.9588,67.26,132.46,38.55,37.75,38.15,68.50,-37.89,-10.46,78.28,-28.95,68.44,-37.85,78.21,-28.95,1
64,16.336,0.9532,67.35,132.48,38.77,37.52,38.14,68.52,-37.89,-10.46,78.29,-28.94,68.47,-37.86,78.24,-28.94,1
65,16.447,0.9589,67.25,132.41,38.72,37.65,38.18,68.44,-37.86,-10.46,78.21,-28.95,68.46,-37.86,78.23,-28.95,1
66,16.557,0.9575,67.42,132.51,39.10,37.64,38.36,68.11,-37.65,-10.39,77.82,-28.93,68.33,-37.79,78.09,-28.94,1
67,16.995,0.9562,67.43,132.42,38.70,37.64,38.17,68.46,-37.84,-10.46,78.23,-28.93,68.38,-37.81,78.14,-28.94,1
68,17.105,0.9570,67.32,132.49,38.52,37.60,38.05,68.67,-37.97,-10.48,78.47,-28.94,68.48,-37.87,78.25,-28.94,1
69,17.214,0.9551,67.39,132.42,38.82,37.66,38.24,68.34,-37.78,-10.44,78.09,-28.94,68.43,-37.84,78.19,-28.94,1
70,17.652,0.9581,67.39,132.51,38.86,37.70,38.28,68.27,-37.74,-10.41,78.00,-28.94,68.37,-37.80,78.13,-28.94,1
71,17.762,0.9582,67.28,132.51,38.69,37.46,38.07,68.64,-37.97,-10.47,78.44,-28.95,68.47,-37.86,78.24,-28.94,1
72,17.871,0.9572,67.38,132.52,38.60,37.55,38.07,68.63,-37.94,-10.47,78.42,-28.94,68.52,-37.89,78.30,-28.94,1
73,18.310,0.9545,67.31,132.40,38.63,37.63,38.13,68.54,-37.91,-10.47,78.32,-28.95,68.53,-37.89,78.31,-28.94,1
74,18.420,0.9606,67.18,132.54,38.50,37.64,38.07,68.63,-37.98,-10.46,78.44,-28.96,68.57,-37.93,78.36,-28.95,1
75,18.530,0.9563,67.44,132.40,38.77,37.64,38.20,68.41,-37.81,-10.45,78.16,-28.93,68.51,-37.88,78.29,-28.94,1
76,18.972,0.9599,67.23,132.53,38.67,37.54,38.10,68.58,-37.94,-10.46,78.38,-28.95,68.53,-37.90,78.32,-28.95,1
77,19.081,0.9592,67.42,132.38,39.03,37.49,38.25,68.31,-37.76,-10.44,78.05,-28.93,68.46,-37.85,78.22,-28.94,1
78,19.190,0.9584,67.39,132.39,38.93,37.60,38.26,68.30,-37.76,-10.44,78.04,-28.94,68.40,-37.82,78.16,-28.94,1
79,19.629,0.9543,67.27,132.51,38.63,37.53,38.08,68.62,-37.96,-10.47,78.42,-28.95,68.48,-37.87,78.25,-28.94,1
80,19.737,0.9572,67.34,132.50,38.90,37.55,38.22,68.37,-37.81,-10.43,78.12,-28.94,68.44,-37.85,78.21,-28.94,1
81,19.847,0.9597,67.12,132.51,38.53,37.56,38.04,68.69,-38.02,-10.48,78.51,-28.97,68.53,-37.91,78.31,-28.95,1
82,20.289,0.9572,67.28,132.45,38.53,37.63,38.08,68.62,-37.96,-10.48,78.42,-28.95,68.56,-37.93,78.35,-28.95,1
83,20.398,0.9588,67.29,132.46,38.85,37.55,38.20,68.41,-37.84,-10.44,78.18,-28.95,68.51,-37.89,78.29,-28.95,1
84,20.508,0.9589,67.34,132.49,38.86,37.55,38.20,68.40,-37.82,-10.44,78.16,-28.94,68.47,-37.87,78.24,-28.95,1
85,20.947,0.9576,67.39,132.53,38.80,37.59,38.19,68.42,-37.83,-10.43,78.18,-28.94,68.45,-37.85,78.22,-28.94,1
86,21.055,0.9535,67.28,132.39,38.62,37.73,38.17,68.45,-37.86,-10.46,78.23,-28.95,68.45,-37.86,78.22,-28.94,1
87,21.166,0.9592,67.29,132.57,38.62,37.59,38.11,68.57,-37.93,-10.45,78.36,-28.95,68.49,-37.88,78.27,-28.95,1
88,21.607,0.9569,67.29,132.54,38.74,37.49,38.11,68.56,-37.92,-10.45,78.35,-28.95,68.52,-37.90,78.30,-28.95,1
89,21.715,0.9586,67.22,132.51,38.67,37.53,38.09,68.59,-37.95,-10.46,78.39,-28.95,68.54,-37.91,78.33,-28.95,1
90,21.824,0.9581,67.26,132.47,38.60,37.65,38.12,68.54,-37.92,-10.46,78.33,-28.95,68.54,-37.91,78.33,-28.95,1
91,22.261,0.9595,67.13,132.50,38.40,37.54,37.97,68.82,-38.09,-10.50,78.66,-28.96,68.64,-37.98,78.44,-28.95,1
92,22.369,0.9570,67.34,132.51,38.67,37.58,38.12,68.55,-37.91,-10.46,78.33,-28.94,68.61,-37.95,78.41,-28.95,1
93,22.479,0.9541,67.46,132.53,38.83,37.72,38.27,68.28,-37.73,-10.41,78.01,-28.93,68.49,-37.88,78.27,-28.94,1
94,22.927,0.9567,67.28,132.57,38.52,37.56,38.04,68.70,-38.00,-10.47,78.51,-28.95,68.56,-37.92,78.35,-28.94,1
95,23.037,0.9568,67.38,132.52,38.84,37.42,38.12,68.55,-37.90,-10.45,78.32,-28.94,68.56,-37.91,78.34,-28.94,1
96,23.146,0.9544,67.29,132.51,38.76,37.42,38.08,68.61,-37.95,-10.47,78.41,-28.95,68.58,-37.92,78.36,-28.94,1
97,23.595,0.9557,67.35,132.39,38.74,37.62,38.18,68.44,-37.85,-10.46,78.21,-28.94,68.53,-37.90,78.31,-28.94,1
98,23.703,0.9543,67.48,132.51,38.75,37.54,38.14,68.51,-37.86,-10.45,78.28,-28.93,68.52,-37.88,78.30,-28.94,1
99,23.814,0.9542,67.33,132.49,38.76,37.62,38.19,68.43,-37.84,-10.44,78.19,-28.94,68.49,-37.87,78.26,-28.94,1
100,24.255,0.9590,67.39,132.62,38.93,37.41,38.16,68.47,-37.85,-10.43,78.24,-28.94,68.48,-37.86,78.25,-28.94,1
101,24.365,0.9560,67.34,132.28,38.66,37.44,38.05,68.68,-37.98,-10.52,78.48,-28.94,68.55,-37.90,78.33,-28.94,1
102,24.476,0.9567,67.34,132.49,38.64,37.52,38.08,68.63,-37.95,-10.47,78.42,-28.94,68.58,-37.92,78.36,-28.94,1
103,24.924,0.9606,67.30,132.48,38.87,37.56,38.21,68.39,-37.82,-10.44,78.15,-28.95,68.51,-37.89,78.29,-28.94,1
104,25.034,0.9566,67.19,132.49,38.54,37.44,37.99,68.78,-38.06,-10.49,78.61,-28.96,68.61,-37.95,78.40,-28.95,1
105,25.144,0.9546,67.37,132.52,38.63,37.28,37.95,68.85,-38.07,-10.50,78.67,-28.94,68.69,-37.99,78.50,-28.94,1
106,25.591,0.9602,67.32,132.31,38.86,37.76,38.31,68.21,-37.72,-10.44,77.95,-28.94,68.52,-37.90,78.31,-28.94,1
107,25.702,0.9575,67.29,132.50,38.76,37.53,38.14,68.51,-37.89,-10.45,78.29,-28.95,68.52,-37.90,78.30,-28.95,1
108,25.816,0.9539,67.32,132.55,38.61,37.63,38.11,68.56,-37.92,-10.45,78.35,-28.94,68.53,-37.90,78.32,-28.94,1
109,26.287,0.9550,67.42,132.72,38.60,37.54,38.07,68.64,-37.94,-10.43,78.43,-28.93,68.57,-37.92,78.36,-28.94,1
110,26.397,0.9585,67.25,132.67,38.55,37.44,37.99,68.78,-38.05,-10.46,78.60,-28.95,68.64,-37.96,78.44,-28.94,1
111,26.509,0.9554,67.31,132.52,38.73,37.44,38.08,68.62,-37.95,-10.46,78.41,-28.95,68.63,-37.96,78.43,-28.94,1
112,26.951,0.9559,67.33,132.61,38.52,37.39,37.95,68.85,-38.07,-10.48,78.68,-28.94,68.71,-38.00,78.52,-28.94,1
113,27.062,0.9599,67.39,132.91,38.59,37.64,38.11,68.56,-37.90,-10.39,78.34,-28.94,68.66,-37.97,78.46,-28.94,1
114,27.173,0.9585,67.22,132.63,38.69,37.47,38.07,68.63,-37.97,-10.45,78.43,-28.96,68.65,-37.97,78.45,-28.95,1
115,27.615,0.9590,67.52,133.23,38.73,37.51,38.11,68.56,-37.88,-10.33,78.33,-28.92,68.62,-37.94,78.41,-28.94,1
116,27.726,0.9530,67.46,132.35,38.91,37.55,38.22,68.36,-37.78,-10.46,78.11,-28.93,68.53,-37.88,78.30,-28.93,1
117,27.837,0.9571,67.21,132.66,38.51,37.49,38.00,68.77,-38.05,-10.46,78.60,-28.96,68.61,-37.94,78.41,-28.94,1
118,28.277,0.9553,67.16,132.49,38.50,37.31,37.90,68.94,-38.16,-10.52,78.80,-28.96,68.73,-38.02,78.54,-28.95,1
119,28.388,0.9590,67.31,132.89,38.42,37.61,38.01,68.74,-38.02,-10.42,78.55,-28.95,68.73,-38.02,78.55,-28.95,1
120,28.498,0.9612,67.32,132.63,38.83,37.74,38.28,68.25,-37.75,-10.39,77.99,-28.94,68.56,-37.92,78.35,-28.95,1
121,28.939,0.9590,67.23,132.72,38.71,37.54,38.12,68.55,-37.93,-10.42,78.34,-28.95,68.56,-37.92,78.35,-28.95,1
122,29.047,0.9611,67.14,132.68,38.42,37.71,38.06,68.65,-38.00,-10.44,78.47,-28.96,68.59,-37.95,78.39,-28.95,1
123,29.158,0.9629,67.22,133.08,38.47,37.22,37.84,69.06,-38.21,-10.43,78.92,-28.96,68.75,-38.04,78.58,-28.95,1
124,29.602,0.9592,67.12,133.36,38.40,37.24,37.82,69.09,-38.25,-10.39,78.97,-28.97,68.87,-38.11,78.72,-28.96,1
125,29.713,0.9412,74.06,129.99,38.56,36.29,37.40,69.86,-37.43,-11.11,79.25,-28.18,69.22,-37.87,78.90,-28.69,1
126,29.827,0.9478,77.57,131.90,39.40,38.42,38.90,67.17,-35.38,-10.35,75.91,-27.78,68.50,-37.00,77.86,-28.37,1
127,30.273,0.9536,89.99,131.67,38.17,38.26,38.22,68.37,-33.84,-10.58,76.29,-26.33,68.46,-35.89,77.31,-27.66,1
128,30.386,0.9358,138.12,129.98,36.44,35.72,36.08,72.43,-26.91,-11.52,77.27,-20.38,69.85,-32.75,77.29,-25.11,1
129,30.505,0.9370,151.96,130.22,35.66,35.63,35.65,73.30,-24.63,-11.61,77.33,-18.57,71.06,-29.91,77.31,-22.82,1
130,30.986,0.9440,162.52,130.26,35.43,35.57,35.50,73.60,-22.74,-11.65,77.03,-17.17,71.95,-27.40,77.21,-20.84,1
131,31.099,0.9433,203.72,129.67,33.72,35.89,34.79,75.12,-15.27,-12.00,76.65,-11.49,73.06,-23.15,77.01,-17.57,1
132,31.217,0.9403,213.75,129.75,33.53,35.66,34.58,75.57,-13.42,-12.06,76.75,-10.07,73.93,-19.75,76.92,-14.94,1
133,31.735,0.9154,226.12,129.64,34.53,34.50,34.51,75.72,-11.04,-12.11,76.52,-8.30,74.56,-16.70,76.78,-12.62,1
134,31.842,0.9234,261.32,128.07,33.19,34.66,33.92,77.04,-4.28,-12.63,77.16,-3.18,75.43,-12.35,76.91,-9.32,1
135,31.958,0.9170,270.79,128.28,33.15,34.70,33.91,77.05,-2.41,-12.59,77.09,-1.79,76.00,-8.87,76.97,-6.68,1
136,32.472,0.9336,277.43,129.47,32.85,34.69,33.76,77.41,-1.11,-12.41,77.41,-0.82,76.49,-6.16,77.13,-4.63,1
137,32.585,0.9432,304.08,130.46,33.49,35.19,34.33,76.11,4.11,-12.01,76.22,3.09,76.36,-2.56,76.81,-1.93,1
138,32.701,0.9480,308.65,130.30,33.44,35.75,34.58,75.57,4.97,-11.96,75.73,3.76,76.08,0.07,76.43,0.06,1
139,33.227,0.9449,314.83,130.03,34.40,34.88,34.64,75.43,6.16,-11.99,75.68,4.67,75.85,2.20,76.17,1.68,1
140,33.339,0.9509,330.43,130.47,35.16,35.46,35.31,74.01,9.00,-11.68,74.56,6.93,75.21,4.58,75.60,3.52,1
141,33.455,0.9606,331.65,130.63,34.35,35.71,35.02,74.60,9.31,-11.74,75.18,7.11,75.00,6.24,75.46,4.77,1
142,33.979,0.9448,334.03,130.88,33.84,36.17,34.99,74.68,9.77,-11.70,75.32,7.46,74.89,7.47,75.41,5.71,1
143,34.090,0.9437,336.29,131.11,34.36,35.80,35.07,74.50,10.18,-11.63,75.20,7.78,74.75,8.42,75.33,6.44,1
144,34.202,0.9482,336.91,131.43,33.96,35.42,34.69,75.33,10.41,-11.70,76.05,7.87,74.96,9.12,75.59,6.94,1
145,34.731,0.9483,336.98,130.76,34.17,35.46,34.81,75.07,10.39,-11.79,75.78,7.88,75.00,9.56,75.65,7.27,1
146,34.838,0.9528,337.05,131.32,34.29,35.60,34.94,74.79,10.36,-11.64,75.50,7.89,74.92,9.84,75.60,7.49,1
147,34.949,0.9505,337.01,131.27,34.21,35.57,34.89,74.90,10.37,-11.66,75.62,7.88,74.91,10.03,75.61,7.63,1
148,35.475,0.9500,337.12,131.24,34.22,35.31,34.76,75.16,10.43,-11.71,75.89,7.90,75.00,10.17,75.70,7.72,1
149,35.584,0.9529,335.91,130.54,34.46,35.35,34.90,74.87,10.16,-11.80,75.55,7.73,74.95,10.17,75.65,7.72,1
150,35.695,0.9397,335.93,131.57,34.65,35.50,35.07,74.50,10.11,-11.54,75.18,7.73,74.80,10.15,75.49,7.73,1
151,36.234,0.9365,335.20,131.70,34.84,35.43,35.13,74.38,9.96,-11.50,75.04,7.62,74.65,10.08,75.33,7.69,1
152,36.345,0.9489,330.41,130.22,35.04,35.14,35.09,74.47,9.05,-11.80,75.02,6.93,74.59,9.72,75.22,7.42,1
153,36.456,0.9446,330.33,130.21,35.24,35.24,35.24,74.15,9.00,-11.75,74.69,6.92,74.43,9.47,75.04,7.25,1
154,36.979,0.9428,329.53,130.53,34.73,35.29,35.01,74.64,8.91,-11.76,75.17,6.80,74.51,9.27,75.08,7.09,1
155,37.088,0.9487,327.88,130.94,34.16,35.31,34.73,75.24,8.66,-11.78,75.74,6.56,74.76,9.06,75.31,6.91,1
156,37.201,0.9397,327.19,130.34,34.59,34.98,34.78,75.13,8.51,-11.88,75.61,6.47,74.89,8.87,75.42,6.75,1
157,37.736,0.9428,327.15,130.43,34.83,35.44,35.13,74.37,8.42,-11.74,74.85,6.46,74.71,8.71,75.22,6.65,1
158,37.845,0.9513,326.66,131.06,33.84,35.31,34.57,75.59,8.46,-11.81,76.06,6.39,75.02,8.62,75.51,6.56,1
159,37.955,0.9466,326.74,130.73,33.97,35.49,34.72,75.25,8.44,-11.82,75.72,6.40,75.10,8.56,75.59,6.50,1
160,38.476,0.9500,326.31,130.44,33.67,35.39,34.52,75.69,8.41,-11.95,76.16,6.34,75.31,8.51,75.79,6.44,1
161,38.587,0.9479,325.88,130.26,33.71,35.49,34.59,75.55,8.31,-11.96,76.00,6.27,75.39,8.44,75.86,6.38,1
162,38.698,0.9517,325.50,131.03,33.57,35.37,34.46,75.84,8.26,-11.86,76.29,6.22,75.55,8.38,76.01,6.33,1
163,39.228,0.9510,325.44,131.12,33.57,35.42,34.48,75.77,8.25,-11.83,76.22,6.21,75.63,8.33,76.08,6.29,1
164,39.338,0.9571,324.57,131.14,33.36,35.52,34.42,75.92,8.09,-11.85,76.35,6.08,75.73,8.25,76.18,6.22,1
165,39.450,0.9559,324.29,131.02,33.69,35.84,34.75,75.20,7.96,-11.76,75.62,6.04,75.54,8.15,75.98,6.15,1
166,39.972,0.9663,323.94,130.77,34.18,36.03,35.09,74.46,7.82,-11.69,74.87,5.99,75.17,8.03,75.59,6.10,1
167,40.082,0.9585,323.42,131.61,34.42,35.81,35.11,74.43,7.71,-11.53,74.83,5.92,74.91,7.92,75.33,6.03,1
168,40.193,0.9608,323.05,131.09,34.20,35.90,35.04,74.57,7.66,-11.65,74.97,5.86,74.79,7.83,75.20,5.97,1
169,40.714,0.9613,322.97,130.68,34.51,35.87,35.18,74.27,7.61,-11.68,74.66,5.85,74.61,7.75,75.01,5.93,1
170,40.822,0.9473,319.59,130.72,34.48,35.51,34.99,74.68,7.01,-11.74,75.01,5.36,74.63,7.49,75.01,5.73,1
171,40.935,0.9498,317.80,131.78,33.64,35.42,34.52,75.70,6.75,-11.69,76.00,5.10,75.01,7.23,75.36,5.51,1
172,41.456,0.9608,315.51,131.72,34.23,35.42,34.82,75.05,6.26,-11.60,75.31,4.76,75.02,6.89,75.34,5.25,1
173,41.567,0.9439,305.36,130.82,34.02,35.06,34.54,75.66,4.34,-11.87,75.78,3.28,75.25,6.00,75.50,4.56,1
174,41.680,0.9423,301.67,130.35,33.36,35.32,34.33,76.12,3.64,-12.03,76.20,2.74,75.55,5.17,75.74,3.92,1
175,42.195,0.9562,299.38,130.56,33.95,35.78,34.85,74.97,3.15,-11.81,75.04,2.41,75.35,4.47,75.50,3.39,1
176,42.306,0.9434,294.17,130.20,33.37,35.36,34.35,76.07,2.18,-12.05,76.10,1.64,75.60,3.66,75.71,2.78,1
177,42.419,0.9504,293.12,130.98,32.92,35.21,34.05,76.75,1.99,-12.01,76.77,1.49,76.00,3.08,76.08,2.33,1
178,42.935,0.9624,291.13,130.88,33.94,35.55,34.74,75.22,1.57,-11.79,75.23,1.19,75.73,2.55,75.78,1.93,1
179,43.048,0.9380,285.61,129.92,33.32,35.23,34.26,76.27,0.51,-12.14,76.27,0.38,75.92,1.84,75.95,1.39,1
180,43.161,0.9525,285.13,130.91,32.89,35.54,34.19,76.42,0.42,-11.97,76.42,0.31,76.09,1.34,76.12,1.01,1
181,43.675,0.9497,285.27,130.91,33.41,35.23,34.31,76.16,0.44,-11.93,76.16,0.33,76.12,1.03,76.13,0.78,1
182,43.782,0.9439,284.60,130.14,33.79,35.51,34.64,75.43,0.31,-11.97,75.43,0.24,75.88,0.78,75.89,0.59,1
183,43.894,0.9418,284.42,131.02,33.12,35.31,34.20,76.41,0.28,-11.95,76.41,0.21,76.06,0.60,76.07,0.45,1
184,44.408,0.9486,284.66,130.64,33.44,35.80,34.60,75.52,0.32,-11.88,75.52,0.24,75.87,0.50,75.88,0.38,1
185,44.517,0.9456,284.07,130.36,33.55,35.45,34.49,75.76,0.21,-11.97,75.76,0.16,75.83,0.40,75.84,0.30,1
186,44.627,0.9385,282.91,129.68,34.32,34.91,34.62,75.48,-0.02,-12.06,75.48,-0.01,75.71,0.25,75.71,0.19,1
187,45.137,0.9292,281.42,129.60,33.61,34.79,34.20,76.41,-0.31,-12.23,76.41,-0.23,75.96,0.06,75.96,0.04,1
188,45.250,0.9424,280.49,130.03,33.92,35.05,34.48,75.78,-0.49,-12.04,75.79,-0.37,75.90,-0.13,75.90,-0.10,1
189,45.361,0.9404,280.66,130.18,33.76,35.21,34.48,75.78,-0.45,-12.01,75.78,-0.34,75.86,-0.25,75.86,-0.19,1
190,45.873,0.9397,280.65,130.09,33.59,35.06,34.32,76.14,-0.46,-12.09,76.14,-0.34,75.95,-0.32,75.96,-0.24,1
191,45.982,0.9429,280.61,130.07,33.97,35.07,34.52,75.70,-0.46,-12.02,75.70,-0.35,75.87,-0.37,75.87,-0.28,1
192,46.092,0.9418,280.62,130.09,33.65,35.08,34.36,76.06,-0.46,-12.07,76.06,-0.35,75.93,-0.40,75.93,-0.30,1
193,46.617,0.9388,280.55,130.13,33.49,35.05,34.26,76.27,-0.48,-12.10,76.27,-0.36,76.05,-0.43,76.05,-0.32,1
194,46.725,0.9407,280.53,130.13,33.79,35.02,34.40,75.97,-0.48,-12.05,75.97,-0.36,76.02,-0.45,76.02,-0.34,1
195,46.836,0.9426,280.59,130.11,33.85,35.08,34.46,75.82,-0.47,-12.03,75.82,-0.35,75.95,-0.46,75.95,-0.34,1
196,47.358,0.9398,280.54,130.09,33.67,35.04,34.35,76.08,-0.48,-12.08,76.08,-0.36,75.99,-0.46,76.00,-0.35,1
197,47.466,0.9377,280.57,130.15,33.49,35.03,34.25,76.29,-0.47,-12.10,76.29,-0.36,76.10,-0.47,76.10,-0.35,1
198,47.573,0.9409,280.62,130.08,33.94,35.13,34.53,75.68,-0.46,-12.02,75.68,-0.35,75.95,-0.47,75.95,-0.35,1
199,48.089,0.9416,280.71,130.15,33.87,35.15,34.50,75.74,-0.45,-12.01,75.74,-0.34,75.88,-0.46,75.88,-0.35,1
200,48.200,0.9369,280.45,130.11,33.69,35.03,34.35,76.07,-0.50,-12.07,76.07,-0.37,75.94,-0.47,75.95,-0.36,1
201,48.309,0.9416,280.60,130.13,33.60,35.05,34.32,76.14,-0.47,-12.08,76.14,-0.35,76.01,-0.47,76.01,-0.35,1
202,48.835,0.9371,280.44,130.10,33.43,34.95,34.18,76.45,-0.50,-12.13,76.45,-0.38,76.16,-0.48,76.17,-0.36,1
203,48.945,0.9389,280.57,130.10,33.80,35.13,34.46,75.83,-0.47,-12.04,75.83,-0.36,76.05,-0.48,76.05,-0.36,1
204,49.054,0.9407,280.64,130.21,33.78,35.12,34.45,75.86,-0.46,-12.02,75.86,-0.35,75.98,-0.47,75.98,-0.36,1
205,49.566,0.9367,280.53,130.04,33.56,35.05,34.30,76.18,-0.48,-12.10,76.18,-0.36,76.05,-0.47,76.05,-0.36,1
206,49.675,0.9390,280.49,130.14,33.81,35.02,34.41,75.93,-0.49,-12.04,75.93,-0.37,76.01,-0.48,76.01,-0.36,1
207,49.786,0.9383,280.64,130.20,33.84,35.14,34.48,75.78,-0.46,-12.01,75.78,-0.35,75.93,-0.47,75.93,-0.36,1
208,50.311,0.9418,280.62,130.10,33.77,35.08,34.42,75.92,-0.46,-12.05,75.92,-0.35,75.92,-0.47,75.92,-0.35,1
209,50.419,0.9414,280.63,130.13,33.74,35.03,34.38,76.00,-0.46,-12.06,76.00,-0.35,75.95,-0.47,75.95,-0.35,1
210,50.530,0.9424,280.43,130.12,33.61,35.09,34.34,76.09,-0.50,-12.07,76.09,-0.38,76.00,-0.48,76.00,-0.36,1
211,51.040,0.9454,280.50,130.14,33.81,34.97,34.39,75.99,-0.49,-12.05,75.99,-0.37,76.00,-0.48,76.00,-0.36,1
212,51.149,0.9401,280.48,130.07,33.85,35.09,34.46,75.83,-0.49,-12.04,75.83,-0.37,75.94,-0.48,75.94,-0.37,1
213,51.259,0.9432,280.68,130.15,33.88,35.08,34.47,75.80,-0.45,-12.02,75.80,-0.34,75.89,-0.47,75.89,-0.36,1
214,51.773,0.9389,280.47,130.16,33.48,34.97,34.22,76.36,-0.49,-12.11,76.36,-0.37,76.05,-0.48,76.05,-0.36,1
215,51.882,0.9381,280.46,130.10,33.75,35.00,34.37,76.03,-0.49,-12.07,76.03,-0.37,76.04,-0.49,76.05,-0.37,1
216,51.991,0.9449,280.69,130.16,33.73,35.09,34.41,75.95,-0.45,-12.04,75.95,-0.34,76.01,-0.47,76.01,-0.36,1
217,52.503,0.9389,280.59,130.17,33.63,35.06,34.34,76.10,-0.47,-12.06,76.10,-0.35,76.04,-0.47,76.04,-0.36,1
218,52.614,0.9421,280.64,130.10,33.89,35.13,34.50,75.73,-0.46,-12.02,75.73,-0.35,75.93,-0.47,75.93,-0.35,1
219,52.724,0.9433,280.52,130.10,33.80,35.22,34.50,75.74,-0.48,-12.02,75.74,-0.36,75.86,-0.47,75.87,-0.36,1
220,53.238,0.9410,280.57,130.14,33.69,35.00,34.34,76.10,-0.47,-12.07,76.10,-0.36,75.95,-0.47,75.95,-0.36,1
221,53.348,0.9410,280.62,130.19,33.77,35.17,34.46,75.82,-0.46,-12.02,75.82,-0.35,75.90,-0.47,75.90,-0.35,1
222,53.457,0.9309,280.75,130.05,33.78,35.11,34.44,75.87,-0.44,-12.05,75.87,-0.33,75.89,-0.46,75.89,-0.35,1
223,53.970,0.9416,280.65,130.07,33.58,35.06,34.31,76.15,-0.46,-12.09,76.15,-0.35,75.98,-0.46,75.98,-0.35,1
224,54.079,0.9372,280.64,130.17,33.81,35.19,34.49,75.75,-0.46,-12.01,75.75,-0.35,75.90,-0.46,75.90,-0.35,1
225,54.189,0.9384,280.57,130.00,33.67,34.96,34.31,76.17,-0.47,-12.11,76.17,-0.36,75.99,-0.46,76.00,-0.35,1
226,54.699,0.9399,280.64,130.14,33.46,35.11,34.28,76.23,-0.46,-12.09,76.24,-0.35,76.08,-0.46,76.08,-0.35,1
227,54.810,0.9375,280.77,130.02,33.82,35.06,34.44,75.88,-0.43,-12.06,75.88,-0.33,76.01,-0.45,76.01,-0.34,1
228,54.920,0.9378,280.69,130.10,33.56,35.11,34.32,76.13,-0.45,-12.08,76.13,-0.34,76.05,-0.45,76.05,-0.34,1
229,55.434,0.9375,280.60,129.93,33.74,35.04,34.39,75.99,-0.47,-12.09,75.99,-0.35,76.03,-0.46,76.03,-0.34,1
230,55.542,0.9382,280.58,129.96,33.54,35.07,34.30,76.19,-0.47,-12.12,76.19,-0.36,76.09,-0.46,76.09,-0.35,1
231,55.651,0.9406,280.69,130.06,33.63,34.98,34.30,76.18,-0.45,-12.10,76.18,-0.34,76.12,-0.46,76.12,-0.35,1
232,56.165,0.9412,280.72,130.08,33.74,35.06,34.40,75.97,-0.44,-12.06,75.97,-0.34,76.07,-0.45,76.07,-0.34,1
233,56.275,0.9456,280.69,130.08,33.82,35.14,34.47,75.80,-0.45,-12.03,75.80,-0.34,75.97,-0.45,75.97,-0.34,1
234,56.390,0.9412,280.60,130.09,33.67,35.07,34.36,76.04,-0.47,-12.07,76.04,-0.35,76.00,-0.46,76.00,-0.35,1
235,56.935,0.9382,280.47,130.10,33.53,35.12,34.32,76.15,-0.49,-12.09,76.15,-0.37,76.05,-0.47,76.05,-0.35,1
236,57.047,0.9369,280.51,129.98,33.36,35.14,34.24,76.32,-0.49,-12.14,76.33,-0.37,76.15,-0.48,76.15,-0.36,1
237,57.164,0.9347,280.58,129.98,33.80,35.15,34.46,75.82,-0.47,-12.06,75.82,-0.36,76.03,-0.47,76.03,-0.36,1
238,57.642,0.9369,280.49,130.08,33.36,35.16,34.25,76.30,-0.49,-12.11,76.30,-0.37,76.12,-0.48,76.12,-0.36,1
239,57.756,0.9235,280.83,130.06,33.49,35.03,34.25,76.28,-0.42,-12.12,76.28,-0.32,76.18,-0.46,76.18,-0.35,1
240,57.873,0.9474,280.41,129.92,33.63,35.65,34.63,75.47,-0.50,-12.01,75.47,-0.38,75.93,-0.47,75.93,-0.36,1
241,58.330,0.7384,274.24,129.42,33.09,35.82,34.43,75.90,-1.70,-12.18,75.92,-1.29,75.92,-0.91,75.93,-0.68,1
299,70.674,0.9208,492.49,142.10,37.01,38.52,37.76,69.20,37.17,-8.85,78.55,28.24,73.57,12.42,76.85,9.44,0
300,70.786,0.9641,489.35,140.71,41.15,38.84,39.98,65.36,34.58,-8.59,73.94,27.88,70.69,20.18,75.83,15.90,1
301,71.214,0.9095,498.04,139.65,25.92,38.32,31.52,82.91,45.71,-11.13,94.67,28.87,74.97,29.12,82.43,20.44,1
302,71.320,0.9076,498.90,139.63,24.19,37.84,30.26,86.36,47.81,-11.60,98.71,28.97,78.95,35.66,88.12,23.42,1
303,71.433,0.9146,497.29,140.32,27.43,39.29,32.83,79.60,43.73,-10.55,90.82,28.79,79.18,38.48,89.07,25.30,1
304,71.858,0.9228,497.11,139.69,27.78,38.61,32.75,79.79,43.80,-10.70,91.02,28.77,79.39,40.35,89.75,26.51,1
305,71.969,0.9170,497.39,141.10,27.22,38.94,32.56,80.26,44.12,-10.48,91.58,28.80,79.70,41.67,90.39,27.31,1
306,72.081,0.9081,497.51,139.95,26.98,38.84,32.37,80.72,44.40,-10.77,92.13,28.81,80.06,42.62,91.00,27.84,1
307,72.510,0.9073,497.57,139.92,26.87,39.15,32.43,80.56,44.32,-10.76,91.95,28.82,80.23,43.22,91.33,28.18,1
308,72.619,0.9181,497.40,141.11,27.20,39.04,32.59,80.19,44.08,-10.46,91.51,28.80,80.22,43.52,91.39,28.40,1
309,72.729,0.9161,497.42,140.81,27.16,39.18,32.62,80.10,44.04,-10.51,91.40,28.80,80.17,43.70,91.40,28.54,1
310,73.160,0.9242,497.37,141.35,27.26,38.98,32.60,80.15,44.06,-10.41,91.46,28.80,80.17,43.83,91.42,28.63,1
311,73.270,0.9585,480.01,141.78,40.83,38.75,39.78,65.69,33.18,-8.46,73.59,26.80,75.10,40.10,85.18,27.99,1
312,73.384,0.9638,465.62,139.69,39.51,38.67,39.09,66.85,31.30,-8.97,73.82,25.09,72.21,37.02,81.20,26.98,1
313,73.796,0.9686,457.93,133.38,39.66,38.03,38.83,67.29,30.18,-10.11,73.75,24.16,70.49,34.63,78.59,25.99,1
314,73.903,0.9462,414.40,134.32,38.13,37.43,37.78,69.16,23.30,-10.23,72.98,18.62,70.02,30.66,76.63,23.41,1
315,74.021,0.9601,400.54,133.90,37.61,37.25,37.43,69.81,21.04,-10.40,72.91,16.77,69.95,27.29,75.33,21.09,1
316,74.405,0.9636,386.30,133.74,36.39,36.43,36.41,71.77,19.01,-10.72,74.24,14.84,70.59,24.40,74.95,18.90,1
317,74.518,0.9632,369.62,133.74,36.24,36.86,36.55,71.50,15.88,-10.68,73.24,12.52,70.90,21.41,74.35,16.67,1
318,74.634,0.9493,366.09,134.38,35.62,37.28,36.44,71.71,15.28,-10.59,73.32,12.03,71.18,19.27,73.99,15.04,1
319,75.082,0.9489,365.33,134.21,35.92,37.07,36.49,71.61,15.12,-10.61,73.19,11.92,71.33,17.81,73.71,13.95,1
320,75.193,0.9486,358.43,135.44,36.23,36.82,36.52,71.54,13.84,-10.38,72.87,10.95,71.41,16.42,73.41,12.90,1
321,75.306,0.9367,355.91,135.56,35.78,36.38,36.08,72.42,13.54,-10.48,73.68,10.59,71.76,15.41,73.51,12.09,1
322,75.744,0.9490,351.69,134.93,35.91,37.35,36.62,71.35,12.57,-10.44,72.44,9.99,71.62,14.42,73.13,11.35,1
323,75.856,0.9572,326.29,131.97,34.91,37.03,35.95,72.68,8.07,-11.19,73.12,6.33,71.99,12.19,73.13,9.60,1
324,75.971,0.9670,322.39,131.43,35.15,37.06,36.09,72.40,7.31,-11.24,72.77,5.77,72.13,10.49,73.00,8.26,1
325,76.408,0.9531,319.05,131.17,35.30,37.00,36.14,72.30,6.68,-11.28,72.61,5.28,72.19,9.15,72.86,7.22,1
326,76.516,0.9556,305.70,131.94,34.54,36.79,35.65,73.30,4.27,-11.29,73.42,3.33,72.58,7.44,73.06,5.86,1
327,76.629,0.9445,303.28,131.76,35.07,36.38,35.72,73.15,3.80,-11.30,73.25,2.98,72.78,6.17,73.13,4.85,1
328,77.062,0.9391,300.96,132.13,34.45,35.38,34.91,74.84,3.45,-11.49,74.92,2.64,73.50,5.22,73.75,4.07,1
329,77.173,0.9548,294.91,131.02,34.73,36.66,35.68,73.23,2.24,-11.45,73.26,1.75,73.41,4.17,73.58,3.26,1
330,77.286,0.9672,290.88,130.60,34.59,36.75,35.65,73.29,1.48,-11.54,73.30,1.16,73.36,3.23,73.48,2.52,1
331,77.718,0.9535,288.91,130.34,34.54,36.03,35.28,74.07,1.12,-11.71,74.08,0.87,73.61,2.49,73.69,1.94,1
332,77.830,0.9501,285.30,131.41,33.76,36.64,35.17,74.29,0.44,-11.54,74.29,0.34,73.85,1.77,73.90,1.38,1
333,77.941,0.9588,281.53,131.84,34.08,37.26,35.64,73.33,-0.28,-11.31,73.33,-0.22,73.67,1.06,73.70,0.82,1
334,78.373,0.9573,280.72,132.14,34.55,36.79,35.66,73.28,-0.43,-11.25,73.29,-0.33,73.53,0.54,73.56,0.42,1
335,78.483,0.9583,279.47,131.89,34.92,37.14,36.01,72.56,-0.66,-11.18,72.56,-0.52,73.19,0.12,73.21,0.09,1
336,78.595,0.9553,276.24,132.39,34.97,36.44,35.70,73.20,-1.27,-11.19,73.21,-0.99,73.19,-0.37,73.21,-0.29,1
337,79.036,0.9640,275.39,132.07,34.32,37.15,35.71,73.18,-1.43,-11.24,73.19,-1.12,73.19,-0.74,73.20,-0.58,1
338,79.143,0.9641,275.30,131.09,34.08,37.34,35.67,73.25,-1.45,-11.44,73.26,-1.13,73.21,-0.99,73.22,-0.77,1
339,79.254,0.9627,275.44,131.87,34.26,37.34,35.77,73.05,-1.42,-11.26,73.07,-1.11,73.15,-1.14,73.17,-0.89,1
340,79.685,0.9600,274.98,131.90,34.16,37.59,35.84,72.92,-1.50,-11.24,72.93,-1.18,73.07,-1.26,73.08,-0.99,1
341,79.796,0.9687,274.50,131.53,34.62,37.26,35.91,72.76,-1.59,-11.28,72.77,-1.25,72.96,-1.38,72.98,-1.08,1
342,79.906,0.9585,273.12,131.92,34.38,37.28,35.80,72.99,-1.85,-11.24,73.02,-1.45,72.97,-1.54,72.99,-1.21,1
343,80.339,0.9551,273.09,131.71,34.46,37.26,35.84,72.92,-1.85,-11.27,72.94,-1.46,72.95,-1.65,72.97,-1.30,1
344,80.450,0.9543,273.11,131.47,34.36,37.07,35.69,73.22,-1.86,-11.36,73.24,-1.45,73.05,-1.72,73.07,-1.35,1
345,80.559,0.9586,273.23,131.59,34.37,37.25,35.78,73.02,-1.83,-11.31,73.04,-1.44,73.04,-1.76,73.06,-1.38,1
346,80.990,0.9589,273.21,131.72,34.48,37.19,35.81,72.97,-1.83,-11.28,73.00,-1.44,73.01,-1.79,73.04,-1.40,1
347,81.100,0.9570,273.25,131.57,34.19,37.15,35.64,73.32,-1.83,-11.36,73.34,-1.43,73.12,-1.80,73.14,-1.41,1
348,81.210,0.9593,273.23,131.41,34.45,37.04,35.72,73.16,-1.83,-11.37,73.18,-1.44,73.13,-1.81,73.16,-1.42,1
349,81.649,0.9580,273.20,131.52,34.42,37.17,35.77,73.06,-1.84,-11.33,73.08,-1.44,73.11,-1.82,73.13,-1.43,1
350,81.757,0.9579,273.15,131.51,34.24,37.29,35.73,73.12,-1.85,-11.34,73.15,-1.45,73.11,-1.83,73.14,-1.43,1
351,81.868,0.9577,273.17,131.42,34.57,36.82,35.68,73.24,-1.85,-11.38,73.26,-1.44,73.16,-1.84,73.18,-1.44,1
352,82.296,0.9583,273.19,131.60,34.47,37.03,35.73,73.13,-1.84,-11.33,73.15,-1.44,73.15,-1.84,73.17,-1.44,1
353,82.406,0.9567,273.14,131.46,34.25,37.04,35.62,73.37,-1.85,-11.39,73.39,-1.45,73.22,-1.84,73.25,-1.44,1
354,82.516,0.9588,273.20,131.68,34.42,37.34,35.85,72.89,-1.83,-11.27,72.91,-1.44,73.11,-1.84,73.13,-1.44,1
355,82.946,0.9597,273.18,131.62,34.53,37.07,35.78,73.03,-1.84,-11.31,73.06,-1.44,73.08,-1.84,73.10,-1.44,1
356,83.056,0.9599,273.25,131.92,34.51,37.21,35.83,72.92,-1.82,-11.23,72.94,-1.43,73.02,-1.83,73.05,-1.44,1
357,83.167,0.9603,273.30,131.58,34.60,36.88,35.72,73.15,-1.82,-11.33,73.18,-1.42,73.07,-1.83,73.09,-1.43,1
358,83.606,0.9552,273.22,131.77,34.54,36.89,35.70,73.20,-1.84,-11.30,73.22,-1.44,73.11,-1.83,73.14,-1.43,1
359,83.716,0.9594,273.22,131.58,34.49,37.20,35.82,72.95,-1.83,-11.30,72.97,-1.44,73.06,-1.83,73.08,-1.44,1
360,83.827,0.9614,273.38,131.37,34.73,36.68,35.69,73.22,-1.81,-11.38,73.24,-1.41,73.11,-1.82,73.14,-1.43,1
361,84.258,0.9595,273.36,131.66,34.59,37.23,35.89,72.81,-1.80,-11.27,72.84,-1.42,73.01,-1.81,73.03,-1.42,1
362,84.367,0.9656,273.40,131.38,34.15,36.95,35.53,73.55,-1.81,-11.43,73.57,-1.41,73.20,-1.81,73.22,-1.42,1
363,84.476,0.9614,273.37,131.44,34.43,36.94,35.66,73.27,-1.81,-11.38,73.30,-1.41,73.23,-1.81,73.25,-1.42,1
364,84.906,0.9568,273.30,131.27,34.42,36.86,35.62,73.35,-1.82,-11.42,73.38,-1.42,73.27,-1.82,73.29,-1.42,1
365,85.017,0.9640,273.54,131.72,34.53,37.30,35.89,72.81,-1.77,-11.25,72.83,-1.39,73.11,-1.80,73.13,-1.41,1
366,85.127,0.9610,273.52,131.60,34.33,37.59,35.92,72.75,-1.77,-11.27,72.77,-1.39,72.98,-1.79,73.00,-1.40,1
367,85.558,0.9579,273.51,131.28,34.41,36.73,35.55,73.50,-1.79,-11.44,73.52,-1.39,73.16,-1.79,73.18,-1.40,1
368,85.668,0.9641,273.81,131.29,34.75,37.18,35.94,72.70,-1.71,-11.32,72.72,-1.35,73.00,-1.76,73.02,-1.38,1
369,85.777,0.9639,274.00,131.56,34.26,37.51,35.85,72.89,-1.68,-11.30,72.91,-1.32,72.96,-1.73,72.98,-1.36,1
370,86.209,0.9635,273.91,131.30,34.54,36.86,35.68,73.24,-1.71,-11.40,73.26,-1.33,73.06,-1.72,73.08,-1.35,1
371,86.319,0.9605,274.00,131.40,34.39,36.97,35.66,73.28,-1.69,-11.39,73.30,-1.32,73.14,-1.71,73.16,-1.34,1
372,86.428,0.9671,274.72,131.20,34.63,37.10,35.85,72.90,-1.55,-11.36,72.91,-1.22,73.05,-1.66,73.07,-1.30,1
373,86.861,0.9665,274.97,131.13,34.07,37.26,35.63,73.34,-1.51,-11.45,73.36,-1.18,73.15,-1.60,73.17,-1.26,1
374,86.969,0.9649,275.02,131.27,34.23,37.30,35.73,73.13,-1.50,-11.39,73.15,-1.17,73.14,-1.57,73.16,-1.23,1
375,87.080,0.9665,275.08,131.08,34.07,37.10,35.55,73.50,-1.49,-11.48,73.51,-1.16,73.27,-1.54,73.29,-1.20,1
376,87.510,0.9677,275.27,131.08,34.07,37.29,35.64,73.31,-1.45,-11.45,73.33,-1.14,73.28,-1.51,73.30,-1.18,1
377,87.619,0.9683,275.53,130.72,34.15,37.32,35.70,73.20,-1.40,-11.50,73.21,-1.10,73.25,-1.47,73.27,-1.15,1
378,87.729,0.9696,275.50,130.78,34.08,37.21,35.61,73.38,-1.41,-11.52,73.39,-1.10,73.30,-1.45,73.31,-1.13,1
379,88.160,0.9674,275.73,130.90,34.18,37.19,35.65,73.29,-1.37,-11.48,73.30,-1.07,73.29,-1.42,73.31,-1.11,1
380,88.270,0.9632,275.75,130.97,34.23,37.30,35.73,73.13,-1.36,-11.44,73.14,-1.07,73.24,-1.40,73.25,-1.09,1
381,88.379,0.9650,275.78,130.85,34.31,37.09,35.68,73.24,-1.36,-11.48,73.25,-1.06,73.24,-1.38,73.25,-1.08,1
382,88.809,0.9678,275.72,130.95,34.40,37.27,35.81,72.98,-1.36,-11.42,72.99,-1.07,73.15,-1.38,73.16,-1.08,1
383,88.918,0.9569,276.62,131.16,33.61,36.80,35.17,74.30,-1.22,-11.59,74.31,-0.94,73.55,-1.32,73.56,-1.03,1
384,89.030,0.9539,277.06,130.97,33.37,36.52,34.91,74.85,-1.14,-11.71,74.86,-0.87,74.00,-1.26,74.02,-0.97,1
385,89.468,0.9550,277.02,130.34,33.50,36.72,35.07,74.51,-1.14,-11.78,74.52,-0.88,74.18,-1.22,74.19,-0.94,1
386,89.576,0.9481,277.13,130.53,33.60,36.81,35.17,74.30,-1.12,-11.71,74.31,-0.86,74.22,-1.18,74.23,-0.91,1
387,89.686,0.9551,277.03,130.68,33.25,36.74,34.95,74.76,-1.14,-11.76,74.77,-0.88,74.41,-1.17,74.42,-0.90,1
388,90.114,0.9559,277.01,130.63,33.38,37.01,35.15,74.34,-1.14,-11.70,74.35,-0.88,74.39,-1.16,74.39,-0.89,1
389,90.223,0.9318,278.16,130.06,34.20,36.26,35.21,74.20,-0.92,-11.78,74.21,-0.71,74.32,-1.08,74.33,-0.83,1
390,90.335,0.9357,277.97,130.10,34.78,36.31,35.53,73.54,-0.95,-11.67,73.54,-0.74,74.05,-1.03,74.05,-0.80,1
391,90.764,0.9465,277.79,131.16,33.95,36.46,35.18,74.27,-0.99,-11.59,74.28,-0.76,74.13,-1.02,74.13,-0.79,1
392,90.874,0.9347,278.19,130.29,34.52,36.49,35.49,73.62,-0.91,-11.65,73.63,-0.71,73.95,-0.98,73.96,-0.76,1
393,90.988,0.9324,278.12,130.22,33.50,36.23,34.84,75.00,-0.94,-11.88,75.00,-0.72,74.32,-0.97,74.32,-0.74,1
394,91.420,0.9410,278.22,130.34,33.73,36.31,35.00,74.67,-0.92,-11.81,74.67,-0.70,74.44,-0.95,74.44,-0.73,1
395,91.531,0.9390,278.27,130.38,33.66,36.37,34.99,74.68,-0.91,-11.80,74.69,-0.70,74.52,-0.93,74.53,-0.72,1
396,91.641,0.9462,278.20,130.39,33.78,36.57,35.15,74.34,-0.91,-11.74,74.34,-0.70,74.46,-0.93,74.46,-0.71,1
397,92.081,0.9370,278.29,130.23,33.76,36.57,35.14,74.37,-0.90,-11.78,74.37,-0.69,74.43,-0.92,74.43,-0.71,1
398,92.191,0.9397,279.24,130.04,35.23,36.36,35.79,73.00,-0.70,-11.60,73.01,-0.55,73.93,-0.84,73.93,-0.65,1
399,92.303,0.9458,279.26,130.24,34.70,36.37,35.53,73.55,-0.70,-11.65,73.56,-0.55,73.80,-0.79,73.80,-0.62,1
400,92.734,0.9455,279.54,130.32,34.97,36.33,35.65,73.31,-0.65,-11.59,73.31,-0.51,73.62,-0.74,73.63,-0.58,1
401,92.844,0.9429,279.37,130.26,34.69,36.15,35.42,73.78,-0.69,-11.68,73.78,-0.53,73.68,-0.72,73.68,-0.56,1
402,92.954,0.9479,279.32,130.24,34.82,35.94,35.38,73.86,-0.70,-11.70,73.86,-0.54,73.74,-0.71,73.75,-0.55,1
403,93.391,0.9447,279.35,130.17,35.08,36.14,35.60,73.39,-0.69,-11.63,73.39,-0.54,73.62,-0.70,73.62,-0.55,1
404,93.501,0.9467,279.25,130.15,34.89,35.94,35.41,73.78,-0.71,-11.70,73.79,-0.55,73.68,-0.71,73.68,-0.55,1
405,93.608,0.9411,279.32,130.16,35.08,36.12,35.59,73.41,-0.69,-11.64,73.41,-0.54,73.58,-0.70,73.59,-0.55,1
406,94.036,0.9381,279.16,130.03,34.95,36.21,35.57,73.45,-0.72,-11.67,73.45,-0.56,73.54,-0.71,73.54,-0.55,1
407,94.146,0.9397,279.40,129.54,35.06,36.43,35.74,73.12,-0.67,-11.71,73.12,-0.53,73.39,-0.70,73.39,-0.54,1
408,94.255,0.9434,279.46,130.10,34.77,36.29,35.52,73.56,-0.67,-11.67,73.56,-0.52,73.45,-0.69,73.45,-0.54,1
409,94.684,0.9412,279.36,130.13,34.89,36.44,35.65,73.29,-0.68,-11.63,73.29,-0.53,73.39,-0.69,73.39,-0.54,1
410,94.792,0.9495,279.51,130.33,34.85,36.32,35.58,73.45,-0.66,-11.61,73.45,-0.51,73.41,-0.68,73.41,-0.53,1
411,94.903,0.9420,279.30,129.86,35.10,36.34,35.71,73.17,-0.69,-11.66,73.17,-0.54,73.33,-0.68,73.33,-0.53,1
412,95.344,0.9426,279.54,130.15,35.08,36.09,35.58,73.44,-0.65,-11.65,73.44,-0.51,73.36,-0.67,73.37,-0.52,1
413,95.454,0.9422,279.54,130.14,35.34,36.43,35.88,72.82,-0.65,-11.55,72.83,-0.51,73.18,-0.66,73.18,-0.52,1
414,95.563,0.9425,279.38,130.06,34.96,36.23,35.59,73.42,-0.68,-11.66,73.43,-0.53,73.26,-0.67,73.27,-0.52,1
415,96.003,0.9425,279.19,130.11,34.48,36.06,35.26,74.10,-0.72,-11.76,74.10,-0.56,73.56,-0.69,73.56,-0.54,1
416,96.114,0.9464,279.37,129.82,34.74,35.96,35.34,73.94,-0.69,-11.79,73.94,-0.53,73.69,-0.69,73.69,-0.54,1
417,96.224,0.9438,279.28,129.73,34.96,36.61,35.78,73.03,-0.70,-11.66,73.04,-0.55,73.46,-0.69,73.46,-0.54,1
418,96.668,0.9417,279.49,130.02,34.96,36.49,35.72,73.16,-0.66,-11.63,73.16,-0.52,73.35,-0.68,73.36,-0.53,1
419,96.777,0.9451,279.39,129.87,35.11,36.57,35.83,72.92,-0.67,-11.62,72.93,-0.53,73.20,-0.68,73.21,-0.53,1
420,96.888,0.9450,279.44,129.94,35.05,36.52,35.78,73.04,-0.67,-11.62,73.04,-0.52,73.14,-0.67,73.15,-0.53,1
421,97.314,0.9414,279.39,129.72,34.95,36.16,35.55,73.50,-0.68,-11.74,73.50,-0.53,73.27,-0.68,73.27,-0.53,1
422,97.422,0.9412,279.35,129.95,34.87,36.22,35.54,73.52,-0.69,-11.70,73.53,-0.54,73.36,-0.68,73.36,-0.53,1
423,97.533,0.9416,279.52,130.09,34.75,36.69,35.71,73.18,-0.65,-11.62,73.18,-0.51,73.29,-0.67,73.30,-0.52,1
424,97.967,0.9413,279.39,129.85,34.92,36.71,35.80,72.98,-0.67,-11.63,72.99,-0.53,73.19,-0.67,73.19,-0.53,1
425,98.077,0.9450,279.47,129.99,35.30,36.43,35.86,72.86,-0.66,-11.58,72.86,-0.52,73.07,-0.67,73.07,-0.52,1
426,98.187,0.9439,279.50,130.08,35.50,36.38,35.94,72.71,-0.65,-11.54,72.72,-0.51,72.95,-0.66,72.95,-0.52,1
427,98.613,0.9400,279.45,129.93,35.02,36.77,35.88,72.82,-0.66,-11.59,72.82,-0.52,72.90,-0.66,72.90,-0.52,1
428,98.723,0.9366,279.37,129.96,34.58,36.23,35.39,73.83,-0.69,-11.74,73.83,-0.53,73.22,-0.67,73.23,-0.53,1
429,98.832,0.9418,279.30,129.78,34.91,36.21,35.55,73.49,-0.70,-11.72,73.50,-0.54,73.32,-0.68,73.32,-0.53,1
430,99.256,0.9366,279.29,129.94,35.28,36.63,35.95,72.69,-0.69,-11.57,72.69,-0.55,73.10,-0.68,73.10,-0.54,1
431,99.365,0.9455,279.32,129.93,34.93,36.59,35.75,73.09,-0.69,-11.63,73.10,-0.54,73.10,-0.69,73.10,-0.54,1
432,99.473,0.9346,279.28,129.79,34.92,36.36,35.64,73.32,-0.70,-11.70,73.33,-0.55,73.18,-0.69,73.18,-0.54,1
433,99.897,0.9408,279.22,129.89,35.18,36.13,35.65,73.30,-0.71,-11.67,73.30,-0.56,73.22,-0.70,73.22,-0.55,1
434,100.004,0.9353,279.38,129.92,35.18,36.66,35.91,72.76,-0.68,-11.58,72.77,-0.53,73.06,-0.69,73.06,-0.54,1
435,100.114,0.9413,279.33,129.92,35.27,36.38,35.82,72.94,-0.69,-11.61,72.95,-0.54,73.02,-0.69,73.02,-0.54,1
436,100.539,0.9478,279.35,129.94,35.22,36.54,35.87,72.84,-0.68,-11.59,72.84,-0.54,72.96,-0.69,72.96,-0.54,1
437,100.648,0.9384,279.38,129.94,34.96,36.42,35.68,73.23,-0.68,-11.65,73.24,-0.53,73.05,-0.68,73.06,-0.54,1
438,100.759,0.9389,279.47,129.94,35.03,36.54,35.78,73.03,-0.66,-11.62,73.03,-0.52,73.04,-0.68,73.05,-0.53,1
439,101.184,0.9447,279.49,129.96,34.77,36.52,35.64,73.32,-0.66,-11.66,73.33,-0.52,73.14,-0.67,73.14,-0.53,1
440,101.294,0.9428,279.33,130.01,35.03,36.60,35.81,72.97,-0.69,-11.60,72.97,-0.54,73.08,-0.68,73.08,-0.53,1
441,101.402,0.9367,279.34,129.89,35.09,36.33,35.70,73.19,-0.69,-11.66,73.19,-0.54,73.12,-0.68,73.12,-0.53,1
442,101.824,0.9427,279.33,129.88,34.96,36.32,35.63,73.33,-0.69,-11.68,73.34,-0.54,73.19,-0.68,73.20,-0.54,1
443,101.932,0.9396,279.41,129.92,35.16,36.33,35.74,73.11,-0.67,-11.64,73.12,-0.53,73.17,-0.68,73.17,-0.53,1
444,102.041,0.9368,279.38,129.93,35.17,36.49,35.83,72.93,-0.68,-11.61,72.94,-0.53,73.08,-0.68,73.09,-0.53,1
445,102.467,0.9447,279.41,129.95,34.98,36.28,35.62,73.35,-0.67,-11.67,73.35,-0.53,73.18,-0.68,73.18,-0.53,1
446,102.575,0.9417,279.37,129.92,35.09,36.37,35.72,73.14,-0.68,-11.64,73.15,-0.53,73.17,-0.68,73.17,-0.53,1
447,102.683,0.9379,279.33,129.80,35.02,36.15,35.58,73.44,-0.69,-11.71,73.44,-0.54,73.26,-0.68,73.26,-0.53,1
448,103.106,0.9422,279.30,129.85,35.02,36.23,35.62,73.36,-0.70,-11.69,73.36,-0.54,73.30,-0.69,73.30,-0.54,1
449,103.214,0.9398,279.26,129.90,35.09,36.26,35.67,73.26,-0.70,-11.66,73.26,-0.55,73.28,-0.69,73.29,-0.54,1
450,103.325,0.9409,279.22,129.85,35.26,36.34,35.80,72.99,-0.71,-11.63,73.00,-0.56,73.18,-0.70,73.19,-0.55,1
451,103.749,0.9425,279.52,129.99,35.14,36.37,35.75,73.09,-0.65,-11.62,73.09,-0.51,73.15,-0.68,73.15,-0.53,1
452,103.857,0.9384,279.34,129.88,35.03,36.23,35.62,73.35,-0.69,-11.68,73.36,-0.54,73.22,-0.68,73.22,-0.54,1
453,103.967,0.9384,279.45,129.83,35.02,36.44,35.72,73.14,-0.67,-11.66,73.15,-0.52,73.19,-0.68,73.20,-0.53,1
454,104.392,0.9403,279.46,129.90,34.97,36.51,35.73,73.13,-0.66,-11.65,73.13,-0.52,73.17,-0.67,73.17,-0.53,1
455,104.500,0.9439,279.27,129.93,34.96,36.18,35.56,73.47,-0.70,-11.69,73.48,-0.55,73.28,-0.68,73.28,-0.53,1
456,104.607,0.9416,279.40,129.93,34.92,36.45,35.68,73.24,-0.68,-11.66,73.25,-0.53,73.27,-0.68,73.27,-0.53,1
457,105.033,0.9411,279.42,129.92,35.11,36.52,35.81,72.97,-0.67,-11.62,72.97,-0.53,73.16,-0.68,73.16,-0.53,1
458,105.141,0.9408,279.55,130.03,34.87,36.43,35.64,73.32,-0.65,-11.65,73.32,-0.51,73.22,-0.67,73.22,-0.52,1
459,105.251,0.9384,279.47,130.02,34.89,36.43,35.65,73.29,-0.66,-11.65,73.29,-0.52,73.24,-0.67,73.25,-0.52,1
460,105.679,0.9468,279.30,130.01,35.25,35.88,35.57,73.47,-0.70,-11.68,73.47,-0.54,73.32,-0.68,73.33,-0.53,1
461,105.788,0.9344,279.32,129.78,35.04,36.90,35.96,72.67,-0.69,-11.59,72.67,-0.54,73.09,-0.68,73.10,-0.53,1
462,105.898,0.9450,279.55,130.04,35.02,36.32,35.66,73.27,-0.65,-11.64,73.28,-0.51,73.16,-0.67,73.16,-0.52,1
463,106.323,0.9389,279.22,129.90,34.88,36.28,35.58,73.45,-0.71,-11.69,73.45,-0.56,73.26,-0.68,73.26,-0.53,1
464,106.433,0.9406,279.33,129.88,35.08,36.30,35.69,73.22,-0.69,-11.66,73.23,-0.54,73.25,-0.69,73.25,-0.54,1
465,106.542,0.9450,279.38,129.94,34.63,35.99,35.30,74.01,-0.69,-11.78,74.02,-0.53,73.52,-0.69,73.52,-0.53,1
466,106.966,0.9362,279.18,129.94,35.06,36.28,35.66,73.27,-0.72,-11.66,73.27,-0.56,73.43,-0.70,73.43,-0.54,1
467,107.076,0.9387,279.38,129.94,35.08,36.47,35.77,73.06,-0.68,-11.63,73.06,-0.53,73.30,-0.69,73.30,-0.54,1
468,107.186,0.9385,279.38,129.88,35.28,36.70,35.98,72.62,-0.67,-11.57,72.63,-0.53,73.06,-0.68,73.07,-0.54,1
469,107.612,0.9374,279.31,129.79,34.94,36.38,35.65,73.29,-0.69,-11.69,73.29,-0.54,73.14,-0.69,73.14,-0.54,1
470,107.719,0.9424,279.40,129.88,35.13,36.31,35.71,73.16,-0.68,-11.65,73.17,-0.53,73.15,-0.68,73.15,-0.54,1
471,107.827,0.9400,279.28,129.78,34.77,36.34,35.55,73.51,-0.70,-11.73,73.51,-0.55,73.28,-0.69,73.28,-0.54,1
472,108.255,0.9426,279.35,129.85,35.17,36.29,35.72,73.15,-0.68,-11.66,73.15,-0.54,73.23,-0.69,73.23,-0.54,1
473,108.363,0.9368,279.24,129.88,35.16,36.31,35.73,73.13,-0.71,-11.65,73.13,-0.55,73.19,-0.69,73.20,-0.54,1
474,108.472,0.9378,279.47,129.87,35.07,36.67,35.86,72.86,-0.66,-11.61,72.86,-0.52,73.08,-0.68,73.08,-0.54,1
475,108.894,0.9411,279.35,129.97,35.17,36.63,35.89,72.80,-0.68,-11.58,72.80,-0.54,72.98,-0.68,72.98,-0.54,1
476,109.002,0.9408,279.32,129.92,35.18,36.09,35.63,73.33,-0.69,-11.67,73.33,-0.54,73.10,-0.69,73.11,-0.54,1
477,109.111,0.9387,279.32,129.95,35.12,36.50,35.80,72.99,-0.69,-11.61,72.99,-0.54,73.06,-0.69,73.07,-0.54,1
478,109.533,0.9404,279.32,129.83,35.00,36.37,35.68,73.24,-0.69,-11.68,73.25,-0.54,73.13,-0.69,73.13,-0.54,1
479,109.642,0.9434,279.36,129.92,34.87,36.10,35.48,73.65,-0.69,-11.72,73.65,-0.54,73.31,-0.69,73.31,-0.54,1
480,109.750,0.9426,279.44,129.95,35.13,36.54,35.82,72.94,-0.67,-11.60,72.94,-0.52,73.18,-0.68,73.18,-0.53,1
481,110.173,0.9368,279.39,130.00,35.01,36.15,35.58,73.45,-0.68,-11.68,73.45,-0.53,73.27,-0.68,73.28,-0.53,1
482,110.280,0.9426,279.39,129.89,35.02,36.27,35.64,73.31,-0.68,-11.67,73.31,-0.53,73.29,-0.68,73.29,-0.53,1
483,110.390,0.9390,279.31,129.79,34.65,36.38,35.50,73.60,-0.70,-11.74,73.60,-0.54,73.39,-0.69,73.40,-0.54,1
484,110.817,0.9444,279.22,129.88,35.33,36.29,35.81,72.97,-0.71,-11.62,72.97,-0.56,73.25,-0.69,73.25,-0.54,1
485,110.925,0.9425,279.44,129.95,34.72,36.48,35.59,73.42,-0.67,-11.68,73.42,-0.52,73.31,-0.69,73.31,-0.54,1
486,111.035,0.9445,279.29,129.90,35.03,36.10,35.56,73.47,-0.70,-11.70,73.48,-0.54,73.37,-0.69,73.37,-0.54,1
487,111.462,0.9394,279.56,129.92,34.99,36.68,35.83,72.93,-0.64,-11.61,72.94,-0.51,73.21,-0.67,73.22,-0.53,1
488,111.572,0.9455,279.26,129.85,35.09,36.13,35.60,73.39,-0.70,-11.70,73.40,-0.55,73.28,-0.68,73.28,-0.53,1
489,111.681,0.9459,279.24,129.85,34.96,36.27,35.61,73.38,-0.71,-11.69,73.38,-0.55,73.31,-0.69,73.32,-0.54,1
490,112.105,0.9441,279.48,129.96,35.05,36.39,35.72,73.16,-0.66,-11.64,73.17,-0.52,73.26,-0.68,73.26,-0.53,1
491,112.213,0.9453,279.30,129.91,34.94,36.03,35.48,73.64,-0.70,-11.73,73.65,-0.54,73.39,-0.69,73.40,-0.54,1
492,112.322,0.9424,279.46,130.06,34.85,36.36,35.60,73.40,-0.67,-11.66,73.40,-0.52,73.40,-0.68,73.40,-0.53,1
493,112.747,0.9406,279.36,129.88,35.02,36.20,35.61,73.38,-0.69,-11.69,73.39,-0.54,73.39,-0.68,73.39,-0.53,1
494,112.854,0.9446,279.44,130.06,35.03,36.40,35.71,73.18,-0.67,-11.62,73.18,-0.52,73.32,-0.68,73.32,-0.53,1
495,112.962,0.9440,279.23,129.95,35.25,36.12,35.69,73.22,-0.71,-11.65,73.22,-0.55,73.28,-0.69,73.29,-0.54,1
496,113.387,0.9398,279.47,130.03,35.17,36.42,35.79,73.01,-0.66,-11.60,73.01,-0.52,73.19,-0.68,73.19,-0.53,1
497,113.495,0.9444,279.29,129.92,35.12,36.03,35.57,73.45,-0.70,-11.69,73.46,-0.54,73.28,-0.69,73.28,-0.54,1
498,113.605,0.9447,279.24,129.74,34.77,36.31,35.54,73.53,-0.71,-11.74,73.53,-0.55,73.37,-0.69,73.37,-0.54,1
499,114.038,0.9416,279.28,129.79,34.73,36.13,35.42,73.77,-0.70,-11.77,73.77,-0.55,73.51,-0.70,73.51,-0.54,1
500,114.146,0.9424,279.39,129.90,35.27,36.65,35.95,72.68,-0.67,-11.57,72.68,-0.53,73.22,-0.69,73.22,-0.54,1
501,114.254,0.9385,279.38,129.81,34.79,36.56,35.66,73.27,-0.68,-11.68,73.28,-0.53,73.24,-0.69,73.24,-0.54,1
502,114.681,0.9450,279.30,129.91,35.09,36.22,35.65,73.30,-0.70,-11.67,73.30,-0.54,73.26,-0.69,73.26,-0.54,1
503,114.790,0.9423,279.24,129.87,35.01,36.33,35.67,73.26,-0.71,-11.67,73.27,-0.55,73.26,-0.70,73.26,-0.54,1
504,114.898,0.9420,279.37,130.06,35.03,36.24,35.63,73.34,-0.68,-11.65,73.34,-0.53,73.29,-0.69,73.29,-0.54,1
505,115.322,0.9349,279.25,129.96,34.90,36.25,35.57,73.46,-0.71,-11.69,73.47,-0.55,73.35,-0.70,73.35,-0.54,1
506,115.430,0.9404,279.42,129.89,35.11,36.75,35.92,72.75,-0.67,-11.59,72.75,-0.53,73.14,-0.69,73.14,-0.54,1
507,115.539,0.9404,279.24,129.97,35.31,36.58,35.94,72.71,-0.70,-11.56,72.71,-0.55,72.99,-0.69,72.99,-0.54,1
508,115.963,0.9395,279.50,129.88,35.12,36.62,35.86,72.86,-0.65,-11.61,72.87,-0.51,72.94,-0.68,72.95,-0.53,1
509,116.072,0.9399,279.50,129.88,34.89,36.68,35.78,73.04,-0.66,-11.63,73.04,-0.51,72.98,-0.67,72.98,-0.53,1
510,116.181,0.9375,279.43,129.88,35.08,36.69,35.87,72.84,-0.67,-11.60,72.84,-0.52,72.93,-0.67,72.93,-0.53,1
511,116.608,0.9428,279.32,129.90,34.62,36.23,35.42,73.77,-0.70,-11.75,73.78,-0.54,73.22,-0.68,73.23,-0.53,1
512,116.717,0.9408,279.48,129.78,35.11,36.88,35.99,72.61,-0.66,-11.58,72.61,-0.52,73.01,-0.67,73.01,-0.53,1
513,116.826,0.9417,279.35,129.94,35.35,36.55,35.94,72.70,-0.68,-11.57,72.70,-0.54,72.90,-0.67,72.90,-0.53,1
514,117.249,0.9418,279.31,129.94,35.04,36.22,35.62,73.35,-0.69,-11.67,73.35,-0.54,73.06,-0.68,73.06,-0.53,1
515,117.357,0.9391,279.48,129.99,35.05,36.19,35.62,73.37,-0.66,-11.66,73.37,-0.52,73.16,-0.67,73.17,-0.53,1
516,117.465,0.9383,279.24,129.75,34.88,36.44,35.65,73.30,-0.71,-11.70,73.30,-0.55,73.21,-0.69,73.21,-0.54,1
517,117.888,0.9405,279.28,129.85,35.18,36.32,35.74,73.10,-0.70,-11.65,73.11,-0.55,73.17,-0.69,73.18,-0.54,1
518,117.996,0.9444,279.44,130.02,35.30,36.32,35.81,72.98,-0.67,-11.60,72.98,-0.52,73.11,-0.68,73.11,-0.53,1
519,118.106,0.9406,279.27,129.94,35.00,36.50,35.74,73.10,-0.70,-11.63,73.11,-0.55,73.10,-0.69,73.11,-0.54,1
520,118.533,0.9410,279.48,129.92,35.23,36.63,35.93,72.73,-0.66,-11.58,72.74,-0.52,72.97,-0.68,72.98,-0.53,1
521,118.640,0.9411,279.27,129.84,35.13,36.27,35.70,73.20,-0.70,-11.67,73.20,-0.55,73.05,-0.68,73.06,-0.54,1
522,118.750,0.9438,279.35,129.92,34.98,36.59,35.78,73.03,-0.68,-11.63,73.04,-0.54,73.05,-0.68,73.05,-0.54,1
523,119.177,0.9421,279.38,129.99,35.35,36.49,35.91,72.76,-0.68,-11.57,72.76,-0.53,72.95,-0.68,72.95,-0.53,1
524,119.286,0.9369,279.24,129.85,34.92,36.05,35.48,73.65,-0.71,-11.74,73.65,-0.55,73.19,-0.69,73.20,-0.54,1
525,119.395,0.9429,279.45,130.04,34.90,36.48,35.68,73.23,-0.67,-11.63,73.23,-0.52,73.21,-0.68,73.21,-0.53,1
526,119.819,0.9410,279.48,129.90,34.97,36.60,35.77,73.04,-0.66,-11.63,73.04,-0.52,73.15,-0.67,73.15,-0.53,1
527,119.928,0.9375,279.35,129.89,34.83,36.36,35.59,73.43,-0.69,-11.69,73.43,-0.54,73.25,-0.68,73.25,-0.53,1
528,120.036,0.9447,279.32,130.08,35.20,36.44,35.81,72.96,-0.69,-11.58,72.97,-0.54,73.15,-0.68,73.15,-0.53,1
529,120.462,0.9343,279.54,129.97,35.00,36.60,35.79,73.00,-0.65,-11.61,73.01,-0.51,73.10,-0.67,73.10,-0.53,1
530,120.568,0.9429,279.27,129.89,34.97,36.23,35.60,73.41,-0.70,-11.69,73.41,-0.55,73.21,-0.68,73.21,-0.53,1
531,120.677,0.9409,279.36,129.95,35.43,36.44,35.93,72.72,-0.68,-11.57,72.73,-0.53,73.04,-0.68,73.04,-0.53,1
532,121.101,0.9447,279.31,130.01,34.95,36.49,35.71,73.17,-0.69,-11.63,73.17,-0.54,73.08,-0.68,73.09,-0.54,1
533,121.210,0.9411,279.40,129.88,35.17,36.67,35.91,72.76,-0.67,-11.59,72.76,-0.53,72.97,-0.68,72.97,-0.53,1
534,121.319,0.9443,279.29,129.84,34.95,36.18,35.56,73.48,-0.70,-11.71,73.49,-0.54,73.15,-0.69,73.15,-0.54,1
535,121.746,0.9385,279.38,130.00,35.21,36.29,35.74,73.10,-0.68,-11.62,73.11,-0.53,73.13,-0.68,73.14,-0.54,1
536,121.854,0.9404,279.20,129.83,34.94,36.44,35.68,73.23,-0.71,-11.67,73.23,-0.56,73.17,-0.69,73.17,-0.54,1
537,121.964,0.9410,279.27,129.78,35.25,36.55,35.89,72.81,-0.70,-11.61,72.81,-0.55,73.04,-0.70,73.04,-0.55,1
538,122.389,0.9404,279.35,130.01,35.14,36.59,35.86,72.87,-0.68,-11.58,72.87,-0.54,72.98,-0.69,72.98,-0.54,1
539,122.497,0.9424,279.34,129.86,35.03,36.17,35.59,73.41,-0.69,-11.70,73.41,-0.54,73.13,-0.69,73.13,-0.54,1
540,122.607,0.9380,279.39,129.95,35.13,36.51,35.81,72.97,-0.68,-11.61,72.97,-0.53,73.07,-0.68,73.08,-0.54,1
541,123.032,0.9392,279.42,129.93,35.14,36.38,35.75,73.08,-0.67,-11.63,73.09,-0.53,73.08,-0.68,73.08,-0.53,1
542,123.140,0.9344,279.43,129.98,35.25,36.56,35.90,72.78,-0.67,-11.58,72.79,-0.52,72.97,-0.68,72.98,-0.53,1
543,123.248,0.9383,279.31,129.79,34.85,36.33,35.58,73.43,-0.70,-11.71,73.43,-0.54,73.13,-0.68,73.14,-0.53,1
544,123.673,0.9425,279.53,129.96,35.01,36.51,35.75,73.09,-0.65,-11.63,73.09,-0.51,73.12,-0.67,73.12,-0.53,1
545,123.786,0.9433,279.49,129.90,35.12,36.60,35.85,72.88,-0.66,-11.61,72.88,-0.52,73.03,-0.67,73.04,-0.52,1
546,123.896,0.9376,279.36,129.92,34.89,36.15,35.51,73.57,-0.69,-11.71,73.58,-0.53,73.22,-0.67,73.23,-0.53,1
547,124.329,0.9374,279.22,129.86,35.13,36.25,35.68,73.22,-0.71,-11.67,73.23,-0.56,73.22,-0.69,73.23,-0.54,1
548,124.436,0.9377,279.37,129.86,34.93,36.35,35.63,73.33,-0.68,-11.68,73.34,-0.53,73.26,-0.68,73.27,-0.54,1
549,124.544,0.9393,279.49,129.87,34.89,36.71,35.79,73.01,-0.66,-11.63,73.01,-0.52,73.17,-0.67,73.18,-0.53,1
550,124.969,0.9396,279.34,129.96,35.06,36.58,35.81,72.97,-0.68,-11.61,72.97,-0.54,73.10,-0.68,73.10,-0.53,1
551,125.077,0.9409,279.49,129.91,35.31,36.61,35.96,72.67,-0.65,-11.57,72.67,-0.52,72.95,-0.67,72.95,-0.53,1
552,125.186,0.9444,279.39,129.97,34.75,36.47,35.60,73.39,-0.68,-11.67,73.40,-0.53,73.11,-0.67,73.11,-0.53,1
553,125.610,0.9408,279.30,129.94,35.16,36.09,35.62,73.36,-0.70,-11.67,73.36,-0.54,73.19,-0.68,73.20,-0.53,1
554,125.716,0.9445,279.26,129.79,34.95,36.23,35.58,73.43,-0.70,-11.71,73.43,-0.55,73.28,-0.69,73.28,-0.54,1
555,125.825,0.9413,279.25,129.93,34.70,36.31,35.50,73.61,-0.71,-11.71,73.61,-0.55,73.39,-0.70,73.40,-0.54,1
556,126.250,0.9420,279.44,129.91,34.98,36.71,35.84,72.92,-0.67,-11.61,72.92,-0.52,73.23,-0.69,73.23,-0.54,1
557,126.360,0.9431,279.39,129.89,35.09,36.72,35.90,72.79,-0.67,-11.59,72.80,-0.53,73.07,-0.68,73.08,-0.53,1
558,126.470,0.9354,279.27,129.84,35.14,36.20,35.66,73.27,-0.70,-11.68,73.27,-0.55,73.14,-0.69,73.14,-0.54,1
559,126.898,0.9429,279.28,129.87,35.05,36.43,35.73,73.12,-0.70,-11.65,73.13,-0.55,73.14,-0.69,73.14,-0.54,1
560,127.008,0.9365,279.30,129.86,35.16,36.36,35.76,73.08,-0.69,-11.64,73.08,-0.54,73.12,-0.69,73.12,-0.54,1
561,127.115,0.9405,279.36,129.89,35.17,36.61,35.88,72.82,-0.68,-11.60,72.82,-0.53,73.01,-0.69,73.02,-0.54,1
562,127.540,0.9401,279.36,129.91,34.97,36.20,35.58,73.44,-0.69,-11.69,73.45,-0.53,73.16,-0.69,73.17,-0.54,1
563,127.648,0.9405,279.42,129.89,34.85,36.75,35.79,73.02,-0.67,-11.63,73.02,-0.53,73.11,-0.68,73.12,-0.53,1
564,127.757,0.9376,279.36,129.77,34.88,36.50,35.68,73.24,-0.68,-11.69,73.24,-0.53,73.16,-0.68,73.16,-0.53,1
565,128.181,0.9395,279.23,129.87,34.95,36.25,35.59,73.42,-0.71,-11.70,73.42,-0.55,73.25,-0.69,73.25,-0.54,1
566,128.288,0.9411,279.15,129.82,34.93,36.17,35.55,73.51,-0.73,-11.72,73.51,-0.57,73.34,-0.70,73.34,-0.55,1
567,128.399,0.9447,279.48,129.96,34.88,36.60,35.73,73.13,-0.66,-11.63,73.13,-0.52,73.27,-0.69,73.27,-0.54,1
568,128.833,0.9373,279.38,129.92,35.17,36.07,35.62,73.36,-0.68,-11.68,73.37,-0.53,73.30,-0.69,73.30,-0.54,1
569,128.941,0.9423,279.36,129.74,35.02,36.85,35.92,72.74,-0.68,-11.61,72.75,-0.54,73.11,-0.68,73.11,-0.54,1
570,129.052,0.9379,279.43,129.88,34.96,36.61,35.78,73.04,-0.67,-11.63,73.04,-0.52,73.08,-0.68,73.09,-0.53,1
571,129.535,0.9457,279.54,129.99,35.17,36.37,35.76,73.06,-0.65,-11.62,73.06,-0.51,73.07,-0.67,73.08,-0.52,1
572,129.644,0.9382,279.43,129.96,35.34,36.51,35.92,72.75,-0.67,-11.57,72.75,-0.52,72.96,-0.67,72.96,-0.52,1
573,129.753,0.9424,279.18,129.87,35.00,36.43,35.71,73.17,-0.72,-11.66,73.18,-0.56,73.04,-0.68,73.04,-0.54,1
574,130.177,0.9463,279.34,129.93,34.74,36.66,35.68,73.23,-0.69,-11.65,73.23,-0.54,73.10,-0.69,73.11,-0.54,1
575,130.286,0.9357,279.28,129.91,35.20,36.02,35.61,73.38,-0.70,-11.68,73.38,-0.55,73.20,-0.69,73.20,-0.54,1
576,130.395,0.9388,279.37,129.94,35.17,36.63,35.89,72.80,-0.68,-11.58,72.80,-0.53,73.06,-0.69,73.06,-0.54,1
577,130.836,0.9417,279.55,130.01,35.25,36.45,35.84,72.91,-0.64,-11.59,72.91,-0.51,73.01,-0.67,73.01,-0.53,1
578,130.945,0.9427,279.46,130.03,35.26,36.39,35.82,72.95,-0.66,-11.59,72.96,-0.52,72.99,-0.67,72.99,-0.52,1
579,131.056,0.9401,279.36,129.94,34.75,36.48,35.60,73.39,-0.68,-11.68,73.39,-0.53,73.13,-0.67,73.13,-0.53,1
580,131.489,0.9377,279.33,129.97,34.72,36.16,35.43,73.74,-0.69,-11.73,73.75,-0.54,73.34,-0.68,73.35,-0.53,1
581,131.597,0.9436,279.58,130.11,34.92,36.32,35.61,73.37,-0.64,-11.64,73.37,-0.50,73.35,-0.67,73.36,-0.52,1
582,131.707,0.9408,279.29,130.02,34.93,36.14,35.53,73.55,-0.70,-11.69,73.55,-0.55,73.42,-0.68,73.42,-0.53,1
583,132.137,0.9374,279.23,129.96,34.90,36.26,35.58,73.45,-0.71,-11.68,73.45,-0.55,73.43,-0.69,73.43,-0.54,1
584,132.246,0.9406,279.25,129.90,35.07,36.29,35.68,73.24,-0.70,-11.66,73.24,-0.55,73.36,-0.69,73.37,-0.54,1
585,132.355,0.9423,279.27,129.90,34.95,36.47,35.70,73.19,-0.70,-11.65,73.20,-0.55,73.30,-0.70,73.31,-0.54,1
586,132.782,0.9405,279.46,129.89,34.84,36.74,35.78,73.03,-0.66,-11.63,73.03,-0.52,73.21,-0.68,73.21,-0.54,1
587,132.891,0.9437,279.39,129.89,35.12,36.65,35.88,72.83,-0.67,-11.60,72.84,-0.53,73.08,-0.68,73.08,-0.53,1
588,133.001,0.9459,279.33,129.86,35.03,36.52,35.77,73.06,-0.69,-11.64,73.06,-0.54,73.07,-0.68,73.07,-0.54,1
589,133.426,0.9422,279.33,129.89,34.96,36.77,35.86,72.88,-0.69,-11.61,72.88,-0.54,73.00,-0.68,73.01,-0.54,1
590,133.536,0.9402,279.29,129.90,34.79,36.24,35.51,73.59,-0.70,-11.72,73.59,-0.55,73.21,-0.69,73.21,-0.54,1
591,133.647,0.9396,279.33,129.83,34.81,36.40,35.59,73.41,-0.69,-11.70,73.42,-0.54,73.28,-0.69,73.28,-0.54,1
592,134.077,0.9377,279.37,129.91,34.99,36.66,35.82,72.95,-0.68,-11.61,72.96,-0.53,73.17,-0.69,73.17,-0.54,1
593,134.186,0.9425,279.41,129.94,34.89,36.60,35.73,73.12,-0.67,-11.64,73.13,-0.53,73.15,-0.68,73.15,-0.53,1
