t,sim_t,color,side,turn_deg,during_state,real_x,real_y,yaw_deg
45.11,45.07,CYAN,RIGHT,135,CRUISE,-1.478,0.854,56.2
81.51,81.45,MAGENTA,LEFT,-135,CRUISE,-7.812,-4.976,-134.0
127.91,127.83,BLUE,RIGHT,135,CRUISE,-6.742,5.042,87.8
154.81,154.72,RED,RIGHT,135,CRUISE,-11.396,-0.021,-132.5
195.91,195.80,CYAN,LEFT,-135,CRUISE,-1.455,-4.277,-26.1
208.61,208.49,MAGENTA,LEFT,-135,CRUISE,-3.300,-5.031,-160.9
227.91,227.78,CYAN,RIGHT,135,CRUISE,-1.459,-0.771,63.9
262.31,262.17,RED,RIGHT,135,CRUISE,-11.514,-4.471,-161.0
272.71,272.56,MAGENTA,RIGHT,135,CRUISE,-10.525,-5.018,-26.5
287.31,287.16,RED,LEFT,-135,CRUISE,-11.427,-2.358,108.6
311.81,311.65,MAGENTA,RIGHT,135,CRUISE,-5.284,-5.044,-26.5
346.41,346.23,BLUE,RIGHT,135,CRUISE,-9.017,5.010,108.6
368.31,368.12,RED,RIGHT,135,CRUISE,-11.430,-0.134,-116.6
