t,wall_dt,sim_dt,state,dropped
0.159,0.0003,0.0340,PATROL,0
0.160,0.0005,0.0340,PATROL,0
0.192,0.0325,0.0340,PATROL,0
0.226,0.0342,0.0340,PATROL,0
0.260,0.0340,0.0340,PATROL,0
0.294,0.0341,0.0340,PATROL,0
0.328,0.0340,0.0340,PATROL,0
0.362,0.0338,0.0340,PATROL,0
0.397,0.0352,0.0340,PATROL,0
0.431,0.0338,0.0340,PATROL,0
0.465,0.0337,0.0340,PATROL,0
0.499,0.0344,0.0340,PATROL,0
0.533,0.0340,0.0340,PATROL,0
0.567,0.0342,0.0340,PATROL,0
0.602,0.0343,0.0340,PATROL,0
0.636,0.0341,0.0340,PATROL,0
0.670,0.0339,0.0340,PATROL,0
0.704,0.0340,0.0340,PATROL,0
0.738,0.0344,0.0340,PATROL,0
0.772,0.0337,0.0340,PATROL,0
0.806,0.0343,0.0340,PATROL,0
0.840,0.0341,0.0340,PATROL,0
0.874,0.0337,0.0340,PATROL,0
0.908,0.0344,0.0340,PATROL,0
0.943,0.0343,0.0340,PATROL,0
0.977,0.0340,0.0340,PATROL,0
1.011,0.0345,0.0340,PATROL,0
1.045,0.0342,0.0340,PATROL,0
1.079,0.0337,0.0340,PATROL,0
1.114,0.0345,0.0340,PATROL,0
1.148,0.0342,0.0340,PATROL,0
1.182,0.0344,0.0340,PATROL,0
1.216,0.0341,0.0340,PATROL,0
1.250,0.0338,0.0340,PATROL,0
1.284,0.0342,0.0340,PATROL,0
1.318,0.0340,0.0340,PATROL,0
1.353,0.0344,0.0340,PATROL,0
1.387,0.0344,0.0340,PATROL,0
1.422,0.0347,0.0340,PATROL,0
1.457,0.0346,0.0340,PATROL,0
1.491,0.0341,0.0340,PATROL,0
1.525,0.0347,0.0340,PATROL,0
1.559,0.0341,0.0340,PATROL,0
1.594,0.0342,0.0340,ALIGN,0
1.628,0.0342,0.0340,ALIGN,0
1.662,0.0340,0.0340,APPROACH,0
1.696,0.0340,0.0340,APPROACH,0
1.730,0.0345,0.0340,APPROACH,0
1.764,0.0339,0.0340,APPROACH,0
1.799,0.0345,0.0340,APPROACH,0
1.833,0.0341,0.0340,APPROACH,0
1.867,0.0338,0.0340,APPROACH,0
1.901,0.0340,0.0340,APPROACH,0
1.935,0.0342,0.0340,APPROACH,0
1.969,0.0340,0.0340,APPROACH,0
2.003,0.0342,0.0340,APPROACH,0
2.037,0.0341,0.0340,APPROACH,0
2.071,0.0338,0.0340,APPROACH,0
2.106,0.0346,0.0340,APPROACH,0
2.139,0.0337,0.0340,APPROACH,0
2.173,0.0340,0.0340,APPROACH,0
2.207,0.0341,0.0340,APPROACH,0
2.241,0.0339,0.0340,APPROACH,0
2.276,0.0342,0.0340,APPROACH,0
2.310,0.0343,0.0340,APPROACH,0
2.344,0.0345,0.0340,APPROACH,0
2.378,0.0339,0.0340,APPROACH,0
2.413,0.0346,0.0340,APPROACH,0
2.447,0.0339,0.0340,APPROACH,0
2.481,0.0345,0.0340,APPROACH,0
2.515,0.0339,0.0340,APPROACH,0
2.549,0.0341,0.0340,APPROACH,0
2.583,0.0338,0.0340,APPROACH,0
2.618,0.0348,0.0340,APPROACH,0
2.651,0.0336,0.0340,APPROACH,0
2.686,0.0349,0.0340,APPROACH,0
2.720,0.0339,0.0340,APPROACH,0
2.755,0.0345,0.0340,APPROACH,0
2.788,0.0338,0.0340,APPROACH,0
2.823,0.0343,0.0340,APPROACH,0
2.857,0.0339,0.0340,APPROACH,0
2.891,0.0346,0.0340,APPROACH,0
2.925,0.0340,0.0340,APPROACH,0
2.959,0.0342,0.0340,APPROACH,0
2.994,0.0342,0.0340,APPROACH,0
3.028,0.0344,0.0340,APPROACH,0
3.062,0.0335,0.0340,APPROACH,0
3.096,0.0347,0.0340,APPROACH,0
3.130,0.0338,0.0340,APPROACH,0
3.164,0.0344,0.0340,APPROACH,0
3.199,0.0345,0.0340,APPROACH,0
3.234,0.0348,0.0340,APPROACH,0
3.268,0.0341,0.0340,APPROACH,0
3.302,0.0341,0.0340,APPROACH,0
3.336,0.0340,0.0340,APPROACH,0
3.370,0.0341,0.0340,APPROACH,0
3.404,0.0340,0.0340,APPROACH,0
3.438,0.0336,0.0340,APPROACH,0
3.472,0.0347,0.0340,APPROACH,0
3.506,0.0337,0.0340,APPROACH,0
3.541,0.0346,0.0340,APPROACH,0
3.574,0.0336,0.0340,APPROACH,0
3.609,0.0350,0.0340,APPROACH,0
3.643,0.0341,0.0340,APPROACH,0
3.678,0.0341,0.0340,APPROACH,0
3.712,0.0348,0.0340,APPROACH,0
3.746,0.0339,0.0340,APPROACH,0
3.781,0.0344,0.0340,APPROACH,0
3.814,0.0338,0.0340,APPROACH,0
3.849,0.0344,0.0340,APPROACH,0
3.882,0.0338,0.0340,APPROACH,0
3.917,0.0345,0.0340,APPROACH,0
3.951,0.0342,0.0340,APPROACH,0
3.985,0.0343,0.0340,APPROACH,0
4.020,0.0341,0.0340,APPROACH,0
4.053,0.0339,0.0340,APPROACH,0
4.087,0.0340,0.0340,APPROACH,0
4.122,0.0344,0.0340,APPROACH,0
4.156,0.0340,0.0340,APPROACH,0
4.190,0.0344,0.0340,APPROACH,0
4.224,0.0342,0.0340,APPROACH,0
4.259,0.0342,0.0340,APPROACH,0
4.293,0.0341,0.0340,APPROACH,0
4.327,0.0340,0.0340,APPROACH,0
4.361,0.0343,0.0340,APPROACH,0
4.395,0.0341,0.0340,APPROACH,0
4.429,0.0340,0.0340,APPROACH,0
4.463,0.0342,0.0340,APPROACH,0
4.498,0.0343,0.0340,APPROACH,0
4.532,0.0339,0.0340,APPROACH,0
4.566,0.0341,0.0340,APPROACH,0
4.600,0.0340,0.0340,APPROACH,0
4.634,0.0343,0.0340,APPROACH,0
4.668,0.0342,0.0340,APPROACH,0
4.703,0.0345,0.0340,APPROACH,0
4.737,0.0342,0.0340,APPROACH,0
4.771,0.0344,0.0340,APPROACH,0
4.805,0.0339,0.0340,APPROACH,0
4.839,0.0338,0.0340,APPROACH,0
4.873,0.0342,0.0340,APPROACH,0
4.907,0.0342,0.0340,APPROACH,0
4.942,0.0341,0.0340,APPROACH,0
4.975,0.0339,0.0340,APPROACH,0
5.010,0.0345,0.0340,APPROACH,0
5.044,0.0337,0.0340,APPROACH,0
5.078,0.0346,0.0340,APPROACH,0
5.112,0.0340,0.0340,APPROACH,0
5.146,0.0338,0.0340,APPROACH,0
5.180,0.0344,0.0340,APPROACH,0
5.215,0.0341,0.0340,APPROACH,0
5.249,0.0341,0.0340,APPROACH,0
5.283,0.0340,0.0340,APPROACH,0
5.317,0.0343,0.0340,APPROACH,0
5.351,0.0340,0.0340,APPROACH,0
5.385,0.0343,0.0340,APPROACH,0
5.419,0.0340,0.0340,APPROACH,0
5.453,0.0342,0.0340,APPROACH,0
5.488,0.0345,0.0340,APPROACH,0
5.522,0.0344,0.0340,APPROACH,0
5.556,0.0337,0.0340,APPROACH,0
5.590,0.0341,0.0340,APPROACH,0
5.624,0.0342,0.0340,APPROACH,0
5.659,0.0343,0.0340,APPROACH,0
5.693,0.0342,0.0340,APPROACH,0
5.726,0.0337,0.0340,APPROACH,0
5.760,0.0340,0.0340,APPROACH,0
5.795,0.0344,0.0340,APPROACH,0
5.829,0.0341,0.0340,APPROACH,0
5.863,0.0342,0.0340,APPROACH,0
5.898,0.0344,0.0340,APPROACH,0
5.932,0.0343,0.0340,APPROACH,0
5.966,0.0341,0.0340,APPROACH,0
6.000,0.0343,0.0340,APPROACH,0
6.034,0.0339,0.0340,APPROACH,0
6.069,0.0344,0.0340,APPROACH,0
6.102,0.0338,0.0340,APPROACH,0
6.136,0.0341,0.0340,APPROACH,0
6.170,0.0340,0.0340,APPROACH,0
6.205,0.0343,0.0340,APPROACH,0
6.239,0.0340,0.0340,APPROACH,0
6.273,0.0339,0.0340,APPROACH,0
6.307,0.0348,0.0340,APPROACH,0
6.342,0.0347,0.0340,APPROACH,0
6.376,0.0342,0.0340,APPROACH,0
6.410,0.0341,0.0340,APPROACH,0
6.445,0.0342,0.0340,APPROACH,0
6.479,0.0342,0.0340,APPROACH,0
6.513,0.0345,0.0340,APPROACH,0
6.548,0.0342,0.0340,APPROACH,0
6.581,0.0338,0.0340,APPROACH,0
6.616,0.0344,0.0340,APPROACH,0
6.650,0.0339,0.0340,APPROACH,0
6.684,0.0341,0.0340,APPROACH,0
6.718,0.0343,0.0340,APPROACH,0
6.752,0.0343,0.0340,APPROACH,0
6.787,0.0347,0.0340,APPROACH,0
6.821,0.0343,0.0340,APPROACH,0
6.856,0.0350,0.0340,APPROACH,0
6.891,0.0346,0.0340,APPROACH,0
6.925,0.0339,0.0340,APPROACH,0
6.959,0.0345,0.0340,APPROACH,0
6.993,0.0340,0.0340,APPROACH,0
7.028,0.0347,0.0340,APPROACH,0
7.062,0.0342,0.0340,APPROACH,0
7.096,0.0338,0.0340,APPROACH,0
7.131,0.0345,0.0340,APPROACH,0
7.165,0.0342,0.0340,APPROACH,0
7.199,0.0344,0.0340,APPROACH,0
7.233,0.0342,0.0340,APPROACH,0
7.267,0.0339,0.0340,APPROACH,0
7.301,0.0340,0.0340,APPROACH,0
7.336,0.0342,0.0340,APPROACH,0
7.370,0.0345,0.0340,APPROACH,0
7.404,0.0343,0.0340,APPROACH,0
7.438,0.0341,0.0340,APPROACH,0
7.473,0.0342,0.0340,APPROACH,0
7.507,0.0348,0.0340,APPROACH,0
7.541,0.0341,0.0340,APPROACH,0
7.576,0.0341,0.0340,APPROACH,0
7.610,0.0342,0.0340,APPROACH,0
7.644,0.0342,0.0340,APPROACH,0
7.678,0.0342,0.0340,APPROACH,0
7.712,0.0342,0.0340,APPROACH,0
7.746,0.0338,0.0340,APPROACH,0
7.781,0.0344,0.0340,APPROACH,0
7.815,0.0342,0.0340,APPROACH,0
7.849,0.0342,0.0340,APPROACH,0
7.884,0.0346,0.0340,APPROACH,0
7.918,0.0344,0.0340,APPROACH,0
7.952,0.0343,0.0340,APPROACH,0
7.987,0.0342,0.0340,APPROACH,0
8.021,0.0348,0.0340,APPROACH,0
8.056,0.0347,0.0340,APPROACH,0
8.090,0.0342,0.0340,APPROACH,0
8.125,0.0347,0.0340,APPROACH,0
8.159,0.0345,0.0340,APPROACH,0
8.194,0.0348,0.0340,APPROACH,0
8.228,0.0335,0.0340,APPROACH,0
8.262,0.0347,0.0340,APPROACH,0
8.297,0.0341,0.0340,APPROACH,0
8.331,0.0345,0.0340,APPROACH,0
8.365,0.0343,0.0340,APPROACH,0
8.399,0.0339,0.0340,APPROACH,0
8.433,0.0340,0.0340,APPROACH,0
8.467,0.0342,0.0340,APPROACH,0
8.502,0.0349,0.0340,APPROACH,0
8.537,0.0343,0.0340,APPROACH,0
8.571,0.0343,0.0340,APPROACH,0
8.606,0.0348,0.0340,APPROACH,0
8.639,0.0338,0.0340,APPROACH,0
8.674,0.0343,0.0340,APPROACH,0
8.707,0.0335,0.0340,APPROACH,0
8.742,0.0345,0.0340,APPROACH,0
8.776,0.0343,0.0340,APPROACH,0
8.811,0.0346,0.0340,APPROACH,0
8.845,0.0344,0.0340,APPROACH,0
8.879,0.0342,0.0340,APPROACH,0
8.913,0.0339,0.0340,APPROACH,0
8.947,0.0341,0.0340,APPROACH,0
8.981,0.0341,0.0340,APPROACH,0
9.015,0.0340,0.0340,APPROACH,0
9.050,0.0344,0.0340,APPROACH,0
9.084,0.0342,0.0340,APPROACH,0
9.118,0.0340,0.0340,APPROACH,0
9.152,0.0342,0.0340,APPROACH,0
9.186,0.0343,0.0340,APPROACH,0
9.221,0.0342,0.0340,APPROACH,0
9.255,0.0341,0.0340,APPROACH,0
9.289,0.0343,0.0340,APPROACH,0
9.323,0.0340,0.0340,APPROACH,0
9.357,0.0341,0.0340,APPROACH,0
9.392,0.0343,0.0340,APPROACH,0
9.425,0.0338,0.0340,APPROACH,0
9.460,0.0345,0.0340,APPROACH,0
9.494,0.0340,0.0340,APPROACH,0
9.528,0.0341,0.0340,APPROACH,0
9.562,0.0342,0.0340,APPROACH,0
9.596,0.0341,0.0340,APPROACH,0
9.631,0.0343,0.0340,APPROACH,0
9.665,0.0343,0.0340,APPROACH,0
9.699,0.0342,0.0340,APPROACH,0
9.733,0.0341,0.0340,APPROACH,0
9.767,0.0341,0.0340,APPROACH,0
9.801,0.0338,0.0340,APPROACH,0
9.836,0.0345,0.0340,APPROACH,0
9.870,0.0343,0.0340,APPROACH,0
9.904,0.0343,0.0340,APPROACH,0
9.938,0.0339,0.0340,APPROACH,0
9.973,0.0345,0.0340,APPROACH,0
10.007,0.0342,0.0340,APPROACH,0
10.042,0.0347,0.0340,APPROACH,0
10.076,0.0340,0.0340,APPROACH,0
10.110,0.0343,0.0340,APPROACH,0
10.144,0.0338,0.0340,APPROACH,0
10.178,0.0344,0.0340,APPROACH,0
10.212,0.0339,0.0340,APPROACH,0
10.246,0.0343,0.0340,APPROACH,0
10.280,0.0341,0.0340,APPROACH,0
10.314,0.0338,0.0340,APPROACH,0
10.349,0.0348,0.0340,APPROACH,0
10.383,0.0342,0.0340,APPROACH,0
10.417,0.0338,0.0340,APPROACH,0
10.452,0.0347,0.0340,APPROACH,0
10.487,0.0348,0.0340,APPROACH,0
10.521,0.0343,0.0340,APPROACH,0
10.555,0.0340,0.0340,APPROACH,0
10.589,0.0345,0.0340,APPROACH,0
10.623,0.0340,0.0340,APPROACH,0
10.657,0.0339,0.0340,APPROACH,0
10.691,0.0340,0.0340,APPROACH,0
10.725,0.0342,0.0340,APPROACH,0
10.760,0.0343,0.0340,APPROACH,0
10.794,0.0340,0.0340,APPROACH,0
10.828,0.0339,0.0340,APPROACH,0
10.862,0.0343,0.0340,APPROACH,0
10.896,0.0341,0.0340,APPROACH,0
10.930,0.0338,0.0340,APPROACH,0
10.964,0.0341,0.0340,APPROACH,0
10.998,0.0342,0.0340,APPROACH,0
11.033,0.0345,0.0340,APPROACH,0
11.067,0.0338,0.0340,APPROACH,0
11.101,0.0346,0.0340,APPROACH,0
11.135,0.0343,0.0340,APPROACH,0
11.170,0.0341,0.0340,APPROACH,0
11.203,0.0338,0.0340,APPROACH,0
11.238,0.0347,0.0340,APPROACH,0
11.272,0.0341,0.0340,APPROACH,0
11.306,0.0342,0.0340,APPROACH,0
11.340,0.0340,0.0340,APPROACH,0
11.375,0.0348,0.0340,APPROACH,0
11.409,0.0340,0.0340,APPROACH,0
11.444,0.0348,0.0340,APPROACH,0
11.478,0.0343,0.0340,APPROACH,0
11.513,0.0347,0.0340,APPROACH,0
11.547,0.0340,0.0340,APPROACH,0
11.582,0.0346,0.0340,APPROACH,0
11.616,0.0341,0.0340,APPROACH,0
11.650,0.0346,0.0340,APPROACH,0
11.684,0.0341,0.0340,APPROACH,0
11.719,0.0343,0.0340,APPROACH,0
11.752,0.0338,0.0340,APPROACH,0
11.787,0.0342,0.0340,APPROACH,0
11.821,0.0339,0.0340,APPROACH,0
11.855,0.0343,0.0340,APPROACH,0
11.889,0.0345,0.0340,APPROACH,0
11.924,0.0345,0.0340,APPROACH,0
11.959,0.0348,0.0340,APPROACH,0
11.992,0.0336,0.0340,APPROACH,0
12.027,0.0346,0.0340,APPROACH,0
12.062,0.0349,0.0340,APPROACH,0
12.096,0.0346,0.0340,APPROACH,0
12.131,0.0342,0.0340,APPROACH,0
12.165,0.0346,0.0340,APPROACH,0
12.199,0.0344,0.0340,APPROACH,0
12.234,0.0342,0.0340,APPROACH,0
12.268,0.0342,0.0340,APPROACH,0
12.302,0.0340,0.0340,APPROACH,0
12.337,0.0348,0.0340,APPROACH,0
12.371,0.0339,0.0340,APPROACH,0
12.405,0.0341,0.0340,APPROACH,0
12.439,0.0339,0.0340,APPROACH,0
12.473,0.0341,0.0340,APPROACH,0
12.507,0.0341,0.0340,APPROACH,0
12.541,0.0347,0.0340,APPROACH,0
12.576,0.0344,0.0340,APPROACH,0
12.610,0.0342,0.0340,APPROACH,0
12.644,0.0340,0.0340,APPROACH,0
12.678,0.0340,0.0340,APPROACH,0
12.712,0.0339,0.0340,APPROACH,0
12.746,0.0340,0.0340,APPROACH,0
12.780,0.0342,0.0340,ALIGN,0
12.814,0.0343,0.0340,ALIGN,0
12.849,0.0341,0.0340,ALIGN,0
12.883,0.0341,0.0340,APPROACH,0
12.917,0.0345,0.0340,APPROACH,0
12.951,0.0339,0.0340,APPROACH,0
12.985,0.0345,0.0340,APPROACH,0
13.020,0.0343,0.0340,APPROACH,0
13.054,0.0343,0.0340,APPROACH,0
13.088,0.0340,0.0340,APPROACH,0
13.122,0.0341,0.0340,APPROACH,0
13.156,0.0342,0.0340,APPROACH,0
13.191,0.0343,0.0340,APPROACH,0
13.225,0.0342,0.0340,APPROACH,0
13.259,0.0339,0.0340,APPROACH,0
13.293,0.0346,0.0340,APPROACH,0
13.327,0.0341,0.0340,APPROACH,0
13.362,0.0343,0.0340,APPROACH,0
13.396,0.0343,0.0340,APPROACH,0
13.430,0.0342,0.0340,APPROACH,0
13.464,0.0342,0.0340,APPROACH,0
13.499,0.0341,0.0340,APPROACH,0
13.533,0.0347,0.0340,APPROACH,0
13.567,0.0341,0.0340,APPROACH,0
13.602,0.0343,0.0340,APPROACH,0
13.636,0.0342,0.0340,APPROACH,0
13.671,0.0347,0.0340,APPROACH,0
13.704,0.0335,0.0340,APPROACH,0
13.739,0.0344,0.0340,APPROACH,0
13.773,0.0342,0.0340,APPROACH,0
13.807,0.0343,0.0340,APPROACH,0
13.841,0.0339,0.0340,APPROACH,0
13.875,0.0343,0.0340,APPROACH,0
13.909,0.0342,0.0340,APPROACH,0
13.944,0.0346,0.0340,APPROACH,0
13.978,0.0339,0.0340,APPROACH,0
14.012,0.0344,0.0340,APPROACH,0
14.046,0.0339,0.0340,APPROACH,0
14.080,0.0341,0.0340,APPROACH,0
14.114,0.0340,0.0340,APPROACH,0
14.149,0.0343,0.0340,APPROACH,0
14.182,0.0339,0.0340,APPROACH,0
14.217,0.0343,0.0340,APPROACH,0
14.251,0.0344,0.0340,APPROACH,0
14.285,0.0341,0.0340,APPROACH,0
14.319,0.0340,0.0340,APPROACH,0
14.353,0.0340,0.0340,APPROACH,0
14.388,0.0344,0.0340,APPROACH,0
14.422,0.0342,0.0340,APPROACH,0
14.456,0.0344,0.0340,APPROACH,0
14.490,0.0339,0.0340,APPROACH,0
14.525,0.0345,0.0340,APPROACH,0
14.559,0.0340,0.0340,APPROACH,0
14.593,0.0342,0.0340,APPROACH,0
14.627,0.0343,0.0340,APPROACH,0
14.661,0.0342,0.0340,APPROACH,0
14.695,0.0342,0.0340,APPROACH,0
14.730,0.0342,0.0340,APPROACH,0
14.764,0.0342,0.0340,APPROACH,0
14.798,0.0340,0.0340,APPROACH,0
14.832,0.0345,0.0340,APPROACH,0
14.867,0.0342,0.0340,APPROACH,0
14.901,0.0345,0.0340,APPROACH,0
14.935,0.0340,0.0340,APPROACH,0
14.969,0.0342,0.0340,APPROACH,0
15.003,0.0341,0.0340,APPROACH,0
15.038,0.0342,0.0340,APPROACH,0
15.072,0.0346,0.0340,APPROACH,0
15.106,0.0340,0.0340,APPROACH,0
15.141,0.0344,0.0340,APPROACH,0
15.175,0.0340,0.0340,APPROACH,0
15.209,0.0344,0.0340,APPROACH,0
15.243,0.0340,0.0340,APPROACH,0
15.277,0.0342,0.0340,APPROACH,0
15.311,0.0341,0.0340,APPROACH,0
15.345,0.0340,0.0340,APPROACH,0
15.379,0.0343,0.0340,APPROACH,0
15.414,0.0341,0.0340,APPROACH,0
15.448,0.0341,0.0340,APPROACH,0
15.482,0.0346,0.0340,APPROACH,0
15.517,0.0344,0.0340,APPROACH,0
15.550,0.0336,0.0340,APPROACH,0
15.585,0.0343,0.0340,APPROACH,0
15.619,0.0345,0.0340,APPROACH,0
15.654,0.0345,0.0340,APPROACH,0
15.687,0.0339,0.0340,APPROACH,0
15.721,0.0340,0.0340,APPROACH,0
15.756,0.0344,0.0340,APPROACH,0
15.790,0.0339,0.0340,APPROACH,0
15.824,0.0343,0.0340,APPROACH,0
15.858,0.0344,0.0340,APPROACH,0
15.893,0.0343,0.0340,APPROACH,0
15.927,0.0339,0.0340,APPROACH,0
15.961,0.0339,0.0340,APPROACH,0
15.995,0.0343,0.0340,APPROACH,0
16.029,0.0343,0.0340,APPROACH,0
16.064,0.0344,0.0340,APPROACH,0
16.098,0.0339,0.0340,APPROACH,0
16.132,0.0340,0.0340,APPROACH,0
16.166,0.0343,0.0340,APPROACH,0
16.200,0.0339,0.0340,APPROACH,0
16.234,0.0343,0.0340,APPROACH,0
16.268,0.0344,0.0340,APPROACH,0
16.303,0.0342,0.0340,APPROACH,0
16.337,0.0343,0.0340,APPROACH,0
16.371,0.0341,0.0340,APPROACH,0
16.405,0.0342,0.0340,APPROACH,0
16.439,0.0340,0.0340,APPROACH,0
16.474,0.0346,0.0340,APPROACH,0
16.508,0.0339,0.0340,APPROACH,0
16.542,0.0343,0.0340,APPROACH,0
16.576,0.0340,0.0340,APPROACH,0
16.610,0.0344,0.0340,APPROACH,0
16.644,0.0340,0.0340,APPROACH,0
16.679,0.0342,0.0340,APPROACH,0
16.713,0.0345,0.0340,APPROACH,0
16.747,0.0342,0.0340,APPROACH,0
16.782,0.0343,0.0340,APPROACH,0
16.815,0.0339,0.0340,APPROACH,0
16.850,0.0348,0.0340,APPROACH,0
16.884,0.0340,0.0340,APPROACH,0
16.919,0.0346,0.0340,APPROACH,0
16.953,0.0338,0.0340,APPROACH,0
16.987,0.0341,0.0340,APPROACH,0
17.021,0.0343,0.0340,APPROACH,0
17.055,0.0339,0.0340,APPROACH,0
17.089,0.0344,0.0340,APPROACH,0
17.123,0.0340,0.0340,APPROACH,0
17.158,0.0342,0.0340,APPROACH,0
17.192,0.0345,0.0340,APPROACH,0
17.226,0.0343,0.0340,APPROACH,0
17.260,0.0340,0.0340,APPROACH,0
17.295,0.0346,0.0340,APPROACH,0
17.329,0.0339,0.0340,APPROACH,0
17.363,0.0343,0.0340,APPROACH,0
17.398,0.0343,0.0340,APPROACH,0
17.432,0.0340,0.0340,APPROACH,0
17.466,0.0342,0.0340,APPROACH,0
17.500,0.0341,0.0340,APPROACH,0
17.534,0.0343,0.0340,APPROACH,0
17.568,0.0339,0.0340,APPROACH,0
17.602,0.0341,0.0340,APPROACH,0
17.636,0.0340,0.0340,APPROACH,0
17.670,0.0342,0.0340,APPROACH,0
17.704,0.0340,0.0340,APPROACH,0
17.739,0.0350,0.0340,APPROACH,0
17.773,0.0333,0.0340,APPROACH,0
17.807,0.0343,0.0340,APPROACH,0
17.841,0.0343,0.0340,APPROACH,0
17.875,0.0340,0.0340,APPROACH,0
17.909,0.0338,0.0340,APPROACH,0
17.943,0.0344,0.0340,APPROACH,0
17.978,0.0342,0.0340,APPROACH,0
18.011,0.0338,0.0340,APPROACH,0
18.046,0.0342,0.0340,APPROACH,0
18.080,0.0341,0.0340,APPROACH,0
18.114,0.0339,0.0340,APPROACH,0
18.148,0.0341,0.0340,APPROACH,0
18.182,0.0347,0.0340,APPROACH,0
18.217,0.0345,0.0340,APPROACH,0
18.251,0.0341,0.0340,APPROACH,0
18.285,0.0342,0.0340,APPROACH,0
18.320,0.0344,0.0340,APPROACH,0
18.354,0.0341,0.0340,APPROACH,0
18.387,0.0337,0.0340,APPROACH,0
18.422,0.0344,0.0340,APPROACH,0
18.456,0.0338,0.0340,APPROACH,0
18.490,0.0345,0.0340,APPROACH,0
18.524,0.0338,0.0340,APPROACH,0
18.559,0.0348,0.0340,APPROACH,0
18.592,0.0337,0.0340,APPROACH,0
18.627,0.0342,0.0340,APPROACH,0
18.661,0.0343,0.0340,APPROACH,0
18.695,0.0343,0.0340,APPROACH,0
18.729,0.0340,0.0340,APPROACH,0
18.763,0.0342,0.0340,APPROACH,0
18.798,0.0344,0.0340,APPROACH,0
18.832,0.0344,0.0340,APPROACH,0
18.866,0.0340,0.0340,APPROACH,0
18.900,0.0344,0.0340,APPROACH,0
18.935,0.0345,0.0340,APPROACH,0
18.969,0.0336,0.0340,APPROACH,0
19.003,0.0344,0.0340,APPROACH,0
19.037,0.0343,0.0340,APPROACH,0
19.072,0.0343,0.0340,APPROACH,0
19.106,0.0344,0.0340,APPROACH,0
19.140,0.0340,0.0340,APPROACH,0
19.174,0.0345,0.0340,APPROACH,0
19.208,0.0340,0.0340,APPROACH,0
19.243,0.0341,0.0340,APPROACH,0
19.277,0.0339,0.0340,APPROACH,0
19.310,0.0339,0.0340,APPROACH,0
19.345,0.0345,0.0340,APPROACH,0
19.379,0.0338,0.0340,APPROACH,0
19.413,0.0341,0.0340,APPROACH,0
19.447,0.0346,0.0340,APPROACH,0
19.482,0.0343,0.0340,APPROACH,0
19.516,0.0341,0.0340,APPROACH,0
19.550,0.0346,0.0340,APPROACH,0
19.584,0.0339,0.0340,APPROACH,0
19.619,0.0346,0.0340,APPROACH,0
19.654,0.0349,0.0340,APPROACH,0
19.688,0.0344,0.0340,APPROACH,0
19.723,0.0344,0.0340,APPROACH,0
19.756,0.0338,0.0340,APPROACH,0
19.791,0.0345,0.0340,APPROACH,0
19.825,0.0340,0.0340,APPROACH,0
19.859,0.0344,0.0340,APPROACH,0
19.893,0.0338,0.0340,APPROACH,0
19.927,0.0341,0.0340,APPROACH,0
19.961,0.0339,0.0340,APPROACH,0
19.996,0.0348,0.0340,APPROACH,0
20.030,0.0342,0.0340,APPROACH,0
20.064,0.0343,0.0340,APPROACH,0
20.099,0.0343,0.0340,APPROACH,0
20.133,0.0339,0.0340,APPROACH,0
20.167,0.0343,0.0340,APPROACH,0
20.201,0.0345,0.0340,APPROACH,0
20.235,0.0341,0.0340,APPROACH,0
20.270,0.0343,0.0340,APPROACH,0
20.304,0.0341,0.0340,APPROACH,0
20.338,0.0340,0.0340,APPROACH,0
20.372,0.0338,0.0340,APPROACH,0
20.406,0.0341,0.0340,APPROACH,0
20.440,0.0348,0.0340,APPROACH,0
20.475,0.0348,0.0340,BLIND_DASH,0
20.509,0.0343,0.0340,BLIND_DASH,0
20.543,0.0339,0.0340,BLIND_DASH,0
20.578,0.0345,0.0340,BLIND_DASH,0
20.612,0.0347,0.0340,BLIND_DASH,0
20.647,0.0340,0.0340,BLIND_DASH,0
20.680,0.0338,0.0340,BLIND_DASH,0
20.715,0.0345,0.0340,BLIND_DASH,0
20.749,0.0345,0.0340,BLIND_DASH,0
20.783,0.0341,0.0340,BLIND_DASH,0
20.818,0.0345,0.0340,BLIND_DASH,0
20.852,0.0341,0.0340,BLIND_DASH,0
20.886,0.0339,0.0340,BLIND_DASH,0
20.920,0.0339,0.0340,BLIND_DASH,0
20.954,0.0341,0.0340,BLIND_DASH,0
20.988,0.0339,0.0340,BLIND_DASH,0
21.022,0.0346,0.0340,BLIND_DASH,0
21.057,0.0341,0.0340,BLIND_DASH,0
21.091,0.0343,0.0340,BLIND_DASH,0
21.125,0.0342,0.0340,BLIND_DASH,0
21.159,0.0341,0.0340,BLIND_DASH,0
21.194,0.0345,0.0340,BLIND_DASH,0
21.228,0.0342,0.0340,BLIND_DASH,0
21.262,0.0343,0.0340,BLIND_DASH,0
21.296,0.0338,0.0340,BLIND_DASH,0
21.330,0.0344,0.0340,BLIND_DASH,0
21.364,0.0340,0.0340,BLIND_DASH,0
21.398,0.0342,0.0340,BLIND_DASH,0
21.433,0.0344,0.0340,BLIND_DASH,0
21.467,0.0343,0.0340,BLIND_DASH,0
21.501,0.0343,0.0340,BLIND_DASH,0
21.536,0.0341,0.0340,BLIND_DASH,0
21.570,0.0342,0.0340,BLIND_DASH,0
21.604,0.0348,0.0340,BLIND_DASH,0
21.639,0.0341,0.0340,BLIND_DASH,0
21.673,0.0345,0.0340,BLIND_DASH,0
21.707,0.0343,0.0340,BLIND_DASH,0
21.741,0.0338,0.0340,BLIND_DASH,0
21.776,0.0344,0.0340,BLIND_DASH,0
21.810,0.0341,0.0340,BLIND_DASH,0
21.844,0.0339,0.0340,BLIND_DASH,0
21.878,0.0339,0.0340,BLIND_DASH,0
21.912,0.0341,0.0340,BLIND_DASH,0
21.946,0.0345,0.0340,BLIND_DASH,0
21.980,0.0341,0.0340,BLIND_DASH,0
22.015,0.0344,0.0340,BLIND_DASH,0
22.049,0.0341,0.0340,BLIND_DASH,0
22.083,0.0346,0.0340,BLIND_DASH,0
22.118,0.0343,0.0340,BLIND_DASH,0
22.152,0.0344,0.0340,BLIND_DASH,0
22.186,0.0340,0.0340,BLIND_DASH,0
22.220,0.0339,0.0340,BLIND_DASH,0
22.255,0.0346,0.0340,BLIND_DASH,0
22.289,0.0344,0.0340,BLIND_DASH,0
22.323,0.0339,0.0340,BLIND_DASH,0
22.357,0.0340,0.0340,BLIND_DASH,0
22.391,0.0341,0.0340,PATROL,0
22.425,0.0343,0.0340,PATROL,0
22.459,0.0343,0.0340,PATROL,0
22.494,0.0341,0.0340,PATROL,0
22.529,0.0350,0.0340,PATROL,0
22.563,0.0341,0.0340,PATROL,0
22.596,0.0337,0.0340,PATROL,0
22.631,0.0341,0.0340,PATROL,0
22.665,0.0340,0.0340,PATROL,0
22.699,0.0341,0.0340,PATROL,0
22.733,0.0342,0.0340,PATROL,0
22.767,0.0340,0.0340,PATROL,0
22.801,0.0345,0.0340,PATROL,0
22.836,0.0342,0.0340,PATROL,0
22.870,0.0343,0.0340,PATROL,0
22.904,0.0342,0.0340,PATROL,0
22.938,0.0342,0.0340,PATROL,0
22.972,0.0340,0.0340,PATROL,0
23.007,0.0344,0.0340,PATROL,0
23.041,0.0346,0.0340,PATROL,0
23.075,0.0342,0.0340,PATROL,0
23.109,0.0339,0.0340,PATROL,0
23.144,0.0343,0.0340,PATROL,0
23.177,0.0340,0.0340,PATROL,0
23.212,0.0348,0.0340,PATROL,0
23.246,0.0342,0.0340,PATROL,0
23.281,0.0342,0.0340,PATROL,0
23.315,0.0345,0.0340,ALIGN,0
23.349,0.0343,0.0340,ALIGN,0
23.383,0.0338,0.0340,ALIGN,0
23.417,0.0341,0.0340,ALIGN,0
23.452,0.0346,0.0340,ALIGN,0
23.486,0.0344,0.0340,ALIGN,0
23.520,0.0339,0.0340,ALIGN,0
23.554,0.0338,0.0340,ALIGN,0
23.588,0.0344,0.0340,ALIGN,0
23.622,0.0339,0.0340,ALIGN,0
23.657,0.0343,0.0340,ALIGN,0
23.691,0.0343,0.0340,ALIGN,0
23.725,0.0342,0.0340,ALIGN,0
23.759,0.0341,0.0340,ALIGN,0
23.793,0.0343,0.0340,ALIGN,0
23.827,0.0340,0.0340,ALIGN,0
23.862,0.0342,0.0340,ALIGN,0
23.896,0.0347,0.0340,ALIGN,0
23.930,0.0334,0.0340,ALIGN,0
23.964,0.0344,0.0340,ALIGN,0
23.998,0.0341,0.0340,ALIGN,0
24.032,0.0341,0.0340,ALIGN,0
24.067,0.0340,0.0340,ALIGN,0
24.101,0.0340,0.0340,ALIGN,0
24.135,0.0347,0.0340,ALIGN,0
24.169,0.0338,0.0340,ALIGN,0
24.203,0.0345,0.0340,ALIGN,0
24.237,0.0338,0.0340,ALIGN,0
24.272,0.0344,0.0340,ALIGN,0
24.306,0.0341,0.0340,ALIGN,0
24.340,0.0340,0.0340,ALIGN,0
24.374,0.0340,0.0340,ALIGN,0
24.408,0.0343,0.0340,ALIGN,0
24.442,0.0340,0.0340,ALIGN,0
24.476,0.0344,0.0340,ALIGN,0
24.511,0.0344,0.0340,ALIGN,0
24.545,0.0341,0.0340,ALIGN,0
24.579,0.0342,0.0340,APPROACH,0
24.614,0.0345,0.0340,APPROACH,0
24.648,0.0338,0.0340,APPROACH,0
24.682,0.0345,0.0340,APPROACH,0
24.716,0.0342,0.0340,APPROACH,0
24.750,0.0342,0.0340,APPROACH,0
24.785,0.0342,0.0340,APPROACH,0
24.819,0.0342,0.0340,APPROACH,0
24.853,0.0346,0.0340,APPROACH,0
24.887,0.0340,0.0340,APPROACH,0
24.921,0.0341,0.0340,APPROACH,0
24.956,0.0342,0.0340,APPROACH,0
24.990,0.0341,0.0340,APPROACH,0
25.024,0.0343,0.0340,APPROACH,0
25.059,0.0345,0.0340,APPROACH,0
25.092,0.0339,0.0340,APPROACH,0
25.127,0.0344,0.0340,APPROACH,0
25.161,0.0339,0.0340,APPROACH,0
25.195,0.0339,0.0340,APPROACH,0
25.230,0.0350,0.0340,APPROACH,0
25.264,0.0339,0.0340,APPROACH,0
25.298,0.0344,0.0340,APPROACH,0
25.332,0.0341,0.0340,APPROACH,0
25.367,0.0351,0.0340,APPROACH,0
25.401,0.0340,0.0340,APPROACH,0
25.435,0.0340,0.0340,APPROACH,0
25.469,0.0343,0.0340,APPROACH,0
25.504,0.0342,0.0340,APPROACH,0
25.538,0.0344,0.0340,APPROACH,0
25.572,0.0338,0.0340,APPROACH,0
25.606,0.0343,0.0340,APPROACH,0
25.640,0.0339,0.0340,APPROACH,0
25.674,0.0344,0.0340,APPROACH,0
25.709,0.0342,0.0340,APPROACH,0
25.742,0.0338,0.0340,APPROACH,0
25.778,0.0352,0.0340,APPROACH,0
25.812,0.0342,0.0340,APPROACH,0
25.847,0.0347,0.0340,APPROACH,0
25.881,0.0343,0.0340,APPROACH,0
25.915,0.0340,0.0340,APPROACH,0
25.950,0.0348,0.0340,APPROACH,0
25.983,0.0338,0.0340,APPROACH,0
26.018,0.0349,0.0340,APPROACH,0
26.052,0.0339,0.0340,APPROACH,0
26.086,0.0340,0.0340,APPROACH,0
26.120,0.0343,0.0340,APPROACH,0
26.155,0.0341,0.0340,APPROACH,0
26.189,0.0345,0.0340,APPROACH,0
26.224,0.0345,0.0340,APPROACH,0
26.257,0.0339,0.0340,APPROACH,0
26.292,0.0342,0.0340,APPROACH,0
26.326,0.0341,0.0340,APPROACH,0
26.360,0.0341,0.0340,APPROACH,0
26.394,0.0346,0.0340,APPROACH,0
26.429,0.0343,0.0340,APPROACH,0
26.463,0.0340,0.0340,APPROACH,0
26.497,0.0343,0.0340,APPROACH,0
26.531,0.0339,0.0340,APPROACH,0
26.565,0.0344,0.0340,APPROACH,0
26.599,0.0339,0.0340,APPROACH,0
26.634,0.0348,0.0340,APPROACH,0
26.668,0.0342,0.0340,APPROACH,0
26.702,0.0341,0.0340,APPROACH,0
26.736,0.0339,0.0340,APPROACH,0
26.770,0.0340,0.0340,APPROACH,0
26.805,0.0346,0.0340,APPROACH,0
26.839,0.0342,0.0340,APPROACH,0
26.874,0.0344,0.0340,APPROACH,0
26.908,0.0348,0.0340,APPROACH,0
26.943,0.0346,0.0340,APPROACH,0
26.978,0.0354,0.0340,APPROACH,0
27.011,0.0332,0.0340,APPROACH,0
27.046,0.0346,0.0340,APPROACH,0
27.080,0.0344,0.0340,APPROACH,0
27.114,0.0338,0.0340,APPROACH,0
27.149,0.0348,0.0340,APPROACH,0
27.183,0.0341,0.0340,APPROACH,0
27.217,0.0342,0.0340,APPROACH,0
27.251,0.0339,0.0340,APPROACH,0
27.286,0.0344,0.0340,APPROACH,0
27.320,0.0343,0.0340,APPROACH,0
27.354,0.0338,0.0340,APPROACH,0
27.388,0.0343,0.0340,APPROACH,0
27.423,0.0345,0.0340,APPROACH,0
27.456,0.0337,0.0340,APPROACH,0
27.491,0.0346,0.0340,APPROACH,0
27.524,0.0335,0.0340,APPROACH,0
27.559,0.0348,0.0340,APPROACH,0
27.593,0.0337,0.0340,APPROACH,0
27.627,0.0344,0.0340,APPROACH,0
27.661,0.0342,0.0340,APPROACH,0
27.696,0.0343,0.0340,APPROACH,0
27.730,0.0344,0.0340,APPROACH,0
27.764,0.0341,0.0340,APPROACH,0
27.798,0.0340,0.0340,APPROACH,0
27.832,0.0341,0.0340,APPROACH,0
27.867,0.0342,0.0340,APPROACH,0
27.901,0.0340,0.0340,APPROACH,0
27.935,0.0343,0.0340,APPROACH,0
27.969,0.0338,0.0340,APPROACH,0
28.003,0.0347,0.0340,APPROACH,0
28.038,0.0342,0.0340,APPROACH,0
28.071,0.0339,0.0340,APPROACH,0
28.106,0.0343,0.0340,APPROACH,0
28.140,0.0344,0.0340,APPROACH,0
28.174,0.0338,0.0340,APPROACH,0
28.209,0.0346,0.0340,APPROACH,0
28.243,0.0342,0.0340,APPROACH,0
28.277,0.0340,0.0340,APPROACH,0
28.311,0.0342,0.0340,APPROACH,0
28.345,0.0341,0.0340,APPROACH,0
28.379,0.0340,0.0340,APPROACH,0
28.413,0.0340,0.0340,APPROACH,0
28.448,0.0354,0.0340,APPROACH,0
28.483,0.0342,0.0340,APPROACH,0
28.517,0.0343,0.0340,APPROACH,0
28.551,0.0341,0.0340,APPROACH,0
28.585,0.0339,0.0340,APPROACH,0
28.619,0.0343,0.0340,APPROACH,0
28.653,0.0339,0.0340,APPROACH,0
28.688,0.0346,0.0340,APPROACH,0
28.722,0.0339,0.0340,APPROACH,0
28.756,0.0340,0.0340,APPROACH,0
28.790,0.0347,0.0340,APPROACH,0
28.824,0.0337,0.0340,APPROACH,0
28.859,0.0346,0.0340,APPROACH,0
28.892,0.0337,0.0340,APPROACH,0
28.927,0.0343,0.0340,APPROACH,0
28.961,0.0338,0.0340,APPROACH,0
28.995,0.0343,0.0340,APPROACH,0
29.029,0.0342,0.0340,APPROACH,0
29.063,0.0341,0.0340,APPROACH,0
29.098,0.0344,0.0340,APPROACH,0
29.132,0.0342,0.0340,APPROACH,0
29.166,0.0342,0.0340,APPROACH,0
29.200,0.0338,0.0340,APPROACH,0
29.234,0.0341,0.0340,APPROACH,0
29.269,0.0347,0.0340,APPROACH,0
29.303,0.0346,0.0340,APPROACH,0
29.338,0.0343,0.0340,APPROACH,0
29.372,0.0340,0.0340,APPROACH,0
29.406,0.0343,0.0340,APPROACH,0
29.440,0.0343,0.0340,APPROACH,0
29.474,0.0341,0.0340,APPROACH,0
29.508,0.0339,0.0340,APPROACH,0
29.542,0.0343,0.0340,APPROACH,0
29.577,0.0344,0.0340,APPROACH,0
29.611,0.0338,0.0340,APPROACH,0
29.644,0.0339,0.0340,APPROACH,0
29.679,0.0344,0.0340,APPROACH,0
29.713,0.0339,0.0340,APPROACH,0
29.747,0.0343,0.0340,APPROACH,0
29.781,0.0344,0.0340,APPROACH,0
29.816,0.0341,0.0340,APPROACH,0
29.850,0.0348,0.0340,APPROACH,0
29.885,0.0342,0.0340,APPROACH,0
29.919,0.0342,0.0340,APPROACH,0
29.953,0.0343,0.0340,APPROACH,0
29.987,0.0338,0.0340,APPROACH,0
30.021,0.0346,0.0340,APPROACH,0
30.056,0.0347,0.0340,APPROACH,0
30.090,0.0343,0.0340,APPROACH,0
30.125,0.0343,0.0340,APPROACH,0
30.159,0.0339,0.0340,APPROACH,0
30.193,0.0344,0.0340,APPROACH,0
30.227,0.0337,0.0340,APPROACH,0
30.261,0.0340,0.0340,APPROACH,0
30.296,0.0347,0.0340,APPROACH,0
30.330,0.0342,0.0340,APPROACH,0
30.364,0.0347,0.0340,APPROACH,0
30.398,0.0339,0.0340,APPROACH,0
30.433,0.0345,0.0340,APPROACH,0
30.467,0.0339,0.0340,APPROACH,0
30.501,0.0341,0.0340,APPROACH,0
30.535,0.0343,0.0340,APPROACH,0
30.569,0.0341,0.0340,APPROACH,0
30.603,0.0343,0.0340,APPROACH,0
30.637,0.0339,0.0340,APPROACH,0
30.671,0.0339,0.0340,APPROACH,0
30.706,0.0342,0.0340,APPROACH,0
30.740,0.0343,0.0340,APPROACH,0
30.775,0.0347,0.0340,APPROACH,0
30.809,0.0341,0.0340,APPROACH,0
30.843,0.0344,0.0340,APPROACH,0
30.877,0.0340,0.0340,APPROACH,0
30.911,0.0339,0.0340,APPROACH,0
30.946,0.0345,0.0340,APPROACH,0
30.980,0.0345,0.0340,APPROACH,0
31.014,0.0342,0.0340,APPROACH,0
31.048,0.0338,0.0340,APPROACH,0
31.082,0.0342,0.0340,APPROACH,0
31.116,0.0340,0.0340,APPROACH,0
31.151,0.0344,0.0340,APPROACH,0
31.185,0.0341,0.0340,APPROACH,0
31.219,0.0341,0.0340,APPROACH,0
31.253,0.0344,0.0340,APPROACH,0
31.288,0.0344,0.0340,APPROACH,0
31.322,0.0338,0.0340,APPROACH,0
31.356,0.0347,0.0340,APPROACH,0
31.390,0.0341,0.0340,APPROACH,0
31.424,0.0339,0.0340,APPROACH,0
31.459,0.0348,0.0340,APPROACH,0
31.493,0.0342,0.0340,APPROACH,0
31.527,0.0342,0.0340,APPROACH,0
31.561,0.0339,0.0340,APPROACH,0
31.596,0.0344,0.0340,APPROACH,0
31.630,0.0342,0.0340,APPROACH,0
31.664,0.0337,0.0340,APPROACH,0
31.698,0.0340,0.0340,APPROACH,0
31.732,0.0341,0.0340,APPROACH,0
31.766,0.0345,0.0340,APPROACH,0
31.801,0.0348,0.0340,APPROACH,0
31.835,0.0337,0.0340,APPROACH,0
31.869,0.0342,0.0340,APPROACH,0
31.903,0.0341,0.0340,APPROACH,0
31.937,0.0343,0.0340,APPROACH,0
31.972,0.0342,0.0340,APPROACH,0
32.006,0.0341,0.0340,APPROACH,0
32.040,0.0341,0.0340,APPROACH,0
32.074,0.0338,0.0340,APPROACH,0
32.108,0.0343,0.0340,APPROACH,0
32.142,0.0341,0.0340,APPROACH,0
32.176,0.0339,0.0340,APPROACH,0
32.211,0.0349,0.0340,APPROACH,0
32.245,0.0343,0.0340,APPROACH,0
32.279,0.0344,0.0340,APPROACH,0
32.314,0.0347,0.0340,APPROACH,0
32.349,0.0344,0.0340,APPROACH,0
32.382,0.0336,0.0340,APPROACH,0
32.417,0.0345,0.0340,APPROACH,0
32.451,0.0342,0.0340,APPROACH,0
32.485,0.0339,0.0340,APPROACH,0
32.519,0.0344,0.0340,APPROACH,0
32.553,0.0339,0.0340,APPROACH,0
32.587,0.0341,0.0340,APPROACH,0
32.621,0.0344,0.0340,APPROACH,0
32.656,0.0341,0.0340,APPROACH,0
32.690,0.0342,0.0340,APPROACH,0
32.724,0.0339,0.0340,APPROACH,0
32.758,0.0346,0.0340,APPROACH,0
32.793,0.0345,0.0340,APPROACH,0
32.827,0.0337,0.0340,APPROACH,0
32.861,0.0346,0.0340,APPROACH,0
32.895,0.0342,0.0340,APPROACH,0
32.929,0.0339,0.0340,APPROACH,0
32.964,0.0344,0.0340,APPROACH,0
32.998,0.0343,0.0340,APPROACH,0
33.032,0.0339,0.0340,APPROACH,0
33.067,0.0348,0.0340,APPROACH,0
33.100,0.0338,0.0340,APPROACH,0
33.135,0.0345,0.0340,APPROACH,0
33.169,0.0344,0.0340,APPROACH,0
33.204,0.0342,0.0340,APPROACH,0
33.238,0.0346,0.0340,APPROACH,0
33.272,0.0342,0.0340,APPROACH,0
33.307,0.0342,0.0340,APPROACH,0
33.341,0.0346,0.0340,APPROACH,0
33.376,0.0345,0.0340,APPROACH,0
33.410,0.0341,0.0340,APPROACH,0
33.443,0.0338,0.0340,APPROACH,0
33.478,0.0344,0.0340,APPROACH,0
33.512,0.0342,0.0340,APPROACH,0
33.546,0.0339,0.0340,APPROACH,0
33.580,0.0342,0.0340,APPROACH,0
33.614,0.0341,0.0340,APPROACH,0
33.648,0.0340,0.0340,APPROACH,0
33.683,0.0348,0.0340,APPROACH,0
33.717,0.0338,0.0340,APPROACH,0
33.752,0.0346,0.0340,APPROACH,0
33.786,0.0347,0.0340,APPROACH,0
33.820,0.0342,0.0340,APPROACH,0
33.855,0.0344,0.0340,APPROACH,0
33.889,0.0340,0.0340,APPROACH,0
33.923,0.0341,0.0340,APPROACH,0
33.957,0.0343,0.0340,APPROACH,0
33.991,0.0342,0.0340,APPROACH,0
34.026,0.0342,0.0340,APPROACH,0
34.060,0.0342,0.0340,APPROACH,0
34.094,0.0340,0.0340,APPROACH,0
34.128,0.0343,0.0340,APPROACH,0
34.162,0.0341,0.0340,APPROACH,0
34.197,0.0346,0.0340,APPROACH,0
34.232,0.0347,0.0340,APPROACH,0
34.265,0.0337,0.0340,APPROACH,0
34.299,0.0339,0.0340,APPROACH,0
34.334,0.0348,0.0340,APPROACH,0
34.368,0.0340,0.0340,APPROACH,0
34.402,0.0346,0.0340,APPROACH,0
34.437,0.0342,0.0340,APPROACH,0
34.470,0.0338,0.0340,APPROACH,0
34.505,0.0345,0.0340,APPROACH,0
34.539,0.0345,0.0340,APPROACH,0
34.573,0.0341,0.0340,APPROACH,0
34.607,0.0339,0.0340,APPROACH,0
34.641,0.0341,0.0340,APPROACH,0
34.676,0.0344,0.0340,APPROACH,0
34.710,0.0343,0.0340,APPROACH,0
34.744,0.0341,0.0340,APPROACH,0
34.779,0.0344,0.0340,APPROACH,0
34.813,0.0344,0.0340,APPROACH,0
34.847,0.0340,0.0340,APPROACH,0
34.881,0.0343,0.0340,APPROACH,0
34.915,0.0339,0.0340,APPROACH,0
34.949,0.0344,0.0340,APPROACH,0
34.984,0.0341,0.0340,APPROACH,0
35.018,0.0344,0.0340,APPROACH,0
35.052,0.0341,0.0340,APPROACH,0
35.086,0.0340,0.0340,APPROACH,0
35.120,0.0340,0.0340,APPROACH,0
35.154,0.0344,0.0340,APPROACH,0
35.189,0.0342,0.0340,APPROACH,0
35.223,0.0344,0.0340,APPROACH,0
35.257,0.0338,0.0340,APPROACH,0
35.291,0.0340,0.0340,APPROACH,0
35.325,0.0344,0.0340,APPROACH,0
35.359,0.0341,0.0340,APPROACH,0
35.394,0.0343,0.0340,APPROACH,0
35.428,0.0341,0.0340,APPROACH,0
35.462,0.0342,0.0340,APPROACH,0
35.496,0.0344,0.0340,APPROACH,0
35.530,0.0340,0.0340,APPROACH,0
35.564,0.0339,0.0340,APPROACH,0
35.598,0.0343,0.0340,APPROACH,0
35.633,0.0348,0.0340,APPROACH,0
35.668,0.0343,0.0340,APPROACH,0
35.702,0.0344,0.0340,APPROACH,0
35.736,0.0344,0.0340,APPROACH,0
35.770,0.0341,0.0340,APPROACH,0
35.805,0.0346,0.0340,APPROACH,0
35.839,0.0345,0.0340,APPROACH,0
35.874,0.0347,0.0340,APPROACH,0
35.908,0.0339,0.0340,APPROACH,0
35.942,0.0342,0.0340,APPROACH,0
35.976,0.0341,0.0340,APPROACH,0
36.010,0.0340,0.0340,APPROACH,0
36.044,0.0339,0.0340,APPROACH,0
36.078,0.0341,0.0340,APPROACH,0
36.113,0.0344,0.0340,APPROACH,0
36.147,0.0340,0.0340,APPROACH,0
36.181,0.0344,0.0340,APPROACH,0
36.215,0.0341,0.0340,APPROACH,0
36.249,0.0340,0.0340,APPROACH,0
36.284,0.0342,0.0340,APPROACH,0
36.317,0.0339,0.0340,APPROACH,0
36.351,0.0340,0.0340,APPROACH,0
36.385,0.0340,0.0340,APPROACH,0
36.420,0.0345,0.0340,APPROACH,0
36.454,0.0342,0.0340,APPROACH,0
36.488,0.0338,0.0340,APPROACH,0
36.522,0.0344,0.0340,APPROACH,0
36.556,0.0339,0.0340,APPROACH,0
36.590,0.0341,0.0340,APPROACH,0
36.625,0.0345,0.0340,APPROACH,0
36.659,0.0344,0.0340,APPROACH,0
36.693,0.0342,0.0340,APPROACH,0
36.728,0.0344,0.0340,APPROACH,0
36.762,0.0339,0.0340,APPROACH,0
36.796,0.0341,0.0340,APPROACH,0
36.830,0.0341,0.0340,APPROACH,0
36.864,0.0343,0.0340,APPROACH,0
36.898,0.0339,0.0340,APPROACH,0
36.932,0.0343,0.0340,APPROACH,0
36.966,0.0339,0.0340,APPROACH,0
37.001,0.0344,0.0340,APPROACH,0
37.035,0.0348,0.0340,APPROACH,0
37.070,0.0344,0.0340,APPROACH,0
37.104,0.0345,0.0340,APPROACH,0
37.139,0.0348,0.0340,APPROACH,0
37.173,0.0341,0.0340,APPROACH,0
37.208,0.0345,0.0340,APPROACH,0
37.242,0.0340,0.0340,APPROACH,0
37.276,0.0343,0.0340,BLIND_DASH,0
37.310,0.0344,0.0340,BLIND_DASH,0
37.345,0.0342,0.0340,BLIND_DASH,0
37.379,0.0342,0.0340,BLIND_DASH,0
37.413,0.0341,0.0340,BLIND_DASH,0
37.447,0.0342,0.0340,BLIND_DASH,0
37.481,0.0340,0.0340,BLIND_DASH,0
37.515,0.0342,0.0340,BLIND_DASH,0
37.550,0.0344,0.0340,BLIND_DASH,0
37.584,0.0344,0.0340,BLIND_DASH,0
37.618,0.0342,0.0340,BLIND_DASH,0
37.652,0.0340,0.0340,BLIND_DASH,0
37.687,0.0348,0.0340,BLIND_DASH,0
37.721,0.0340,0.0340,BLIND_DASH,0
37.756,0.0346,0.0340,BLIND_DASH,0
37.790,0.0344,0.0340,BLIND_DASH,0
37.825,0.0351,0.0340,BLIND_DASH,0
37.859,0.0340,0.0340,BLIND_DASH,0
37.894,0.0344,0.0340,BLIND_DASH,0
37.928,0.0347,0.0340,BLIND_DASH,0
37.962,0.0339,0.0340,BLIND_DASH,0
37.996,0.0343,0.0340,BLIND_DASH,0
38.031,0.0343,0.0340,BLIND_DASH,0
38.065,0.0339,0.0340,BLIND_DASH,0
38.099,0.0340,0.0340,BLIND_DASH,0
38.133,0.0340,0.0340,BLIND_DASH,0
38.167,0.0340,0.0340,BLIND_DASH,0
38.202,0.0351,0.0340,BLIND_DASH,0
38.236,0.0341,0.0340,BLIND_DASH,0
38.270,0.0344,0.0340,BLIND_DASH,0
38.304,0.0341,0.0340,BLIND_DASH,0
38.339,0.0345,0.0340,BLIND_DASH,0
38.373,0.0342,0.0340,BLIND_DASH,0
38.408,0.0349,0.0340,BLIND_DASH,0
38.442,0.0339,0.0340,BLIND_DASH,0
38.476,0.0342,0.0340,BLIND_DASH,0
38.510,0.0344,0.0340,BLIND_DASH,0
38.544,0.0339,0.0340,BLIND_DASH,0
38.579,0.0343,0.0340,BLIND_DASH,0
38.613,0.0345,0.0340,BLIND_DASH,0
38.647,0.0342,0.0340,BLIND_DASH,0
38.681,0.0338,0.0340,BLIND_DASH,0
38.715,0.0340,0.0340,BLIND_DASH,0
38.750,0.0346,0.0340,BLIND_DASH,0
38.784,0.0339,0.0340,BLIND_DASH,0
38.818,0.0346,0.0340,BLIND_DASH,0
38.852,0.0339,0.0340,BLIND_DASH,0
38.886,0.0342,0.0340,ALIGN,0
38.921,0.0346,0.0340,ALIGN,0
38.955,0.0339,0.0340,ALIGN,0
38.989,0.0342,0.0340,ALIGN,0
39.023,0.0341,0.0340,ALIGN,0
39.058,0.0343,0.0340,ALIGN,0
39.092,0.0341,0.0340,ALIGN,0
39.126,0.0338,0.0340,ALIGN,0
39.160,0.0343,0.0340,ALIGN,0
39.194,0.0339,0.0340,ALIGN,0
39.228,0.0343,0.0340,ALIGN,0
39.262,0.0341,0.0340,ALIGN,0
39.297,0.0350,0.0340,ALIGN,0
39.331,0.0337,0.0340,ALIGN,0
39.365,0.0342,0.0340,ALIGN,0
39.399,0.0338,0.0340,ALIGN,0
39.433,0.0342,0.0340,ALIGN,0
39.468,0.0343,0.0340,ALIGN,0
39.502,0.0342,0.0340,ALIGN,0
39.536,0.0344,0.0340,ALIGN,0
39.570,0.0340,0.0340,ALIGN,0
39.604,0.0342,0.0340,ALIGN,0
39.639,0.0345,0.0340,ALIGN,0
39.673,0.0338,0.0340,ALIGN,0
39.707,0.0340,0.0340,ALIGN,0
39.741,0.0342,0.0340,ALIGN,0
39.775,0.0339,0.0340,ALIGN,0
39.810,0.0349,0.0340,ALIGN,0
39.844,0.0342,0.0340,ALIGN,0
39.878,0.0342,0.0340,APPROACH,0
39.912,0.0343,0.0340,APPROACH,0
39.947,0.0342,0.0340,APPROACH,0
39.981,0.0342,0.0340,APPROACH,0
40.015,0.0344,0.0340,APPROACH,0
40.049,0.0342,0.0340,APPROACH,0
40.083,0.0339,0.0340,APPROACH,0
40.118,0.0344,0.0340,APPROACH,0
40.152,0.0340,0.0340,APPROACH,0
40.186,0.0343,0.0340,APPROACH,0
40.221,0.0346,0.0340,APPROACH,0
40.255,0.0341,0.0340,APPROACH,0
40.289,0.0345,0.0340,APPROACH,0
40.323,0.0339,0.0340,APPROACH,0
40.357,0.0343,0.0340,APPROACH,0
40.392,0.0341,0.0340,APPROACH,0
40.426,0.0344,0.0340,APPROACH,0
40.460,0.0342,0.0340,APPROACH,0
40.494,0.0343,0.0340,APPROACH,0
40.529,0.0341,0.0340,APPROACH,0
40.563,0.0345,0.0340,APPROACH,0
40.597,0.0337,0.0340,APPROACH,0
40.631,0.0344,0.0340,APPROACH,0
40.665,0.0340,0.0340,APPROACH,0
40.700,0.0346,0.0340,APPROACH,0
40.734,0.0345,0.0340,APPROACH,0
40.769,0.0348,0.0340,APPROACH,0
40.803,0.0346,0.0340,APPROACH,0
40.838,0.0348,0.0340,APPROACH,0
40.872,0.0337,0.0340,APPROACH,0
40.906,0.0344,0.0340,APPROACH,0
40.941,0.0345,0.0340,APPROACH,0
40.975,0.0340,0.0340,APPROACH,0
41.009,0.0345,0.0340,APPROACH,0
41.043,0.0341,0.0340,APPROACH,0
41.078,0.0342,0.0340,APPROACH,0
41.112,0.0344,0.0340,APPROACH,0
41.146,0.0340,0.0340,APPROACH,0
41.180,0.0340,0.0340,APPROACH,0
41.215,0.0346,0.0340,APPROACH,0
41.249,0.0345,0.0340,APPROACH,0
41.283,0.0340,0.0340,APPROACH,0
41.318,0.0343,0.0340,APPROACH,0
41.352,0.0343,0.0340,APPROACH,0
41.386,0.0342,0.0340,APPROACH,0
41.420,0.0342,0.0340,APPROACH,0
41.454,0.0343,0.0340,APPROACH,0
41.489,0.0344,0.0340,APPROACH,0
41.523,0.0343,0.0340,APPROACH,0
41.557,0.0340,0.0340,APPROACH,0
41.592,0.0344,0.0340,APPROACH,0
41.625,0.0338,0.0340,APPROACH,0
41.660,0.0344,0.0340,APPROACH,0
41.694,0.0339,0.0340,APPROACH,0
41.728,0.0344,0.0340,APPROACH,0
41.762,0.0338,0.0340,APPROACH,0
41.796,0.0342,0.0340,APPROACH,0
41.830,0.0342,0.0340,APPROACH,0
41.864,0.0339,0.0340,APPROACH,0
41.899,0.0344,0.0340,APPROACH,0
41.933,0.0344,0.0340,APPROACH,0
41.967,0.0342,0.0340,APPROACH,0
42.001,0.0341,0.0340,APPROACH,0
42.036,0.0346,0.0340,APPROACH,0
42.070,0.0343,0.0340,APPROACH,0
42.104,0.0340,0.0340,APPROACH,0
42.139,0.0345,0.0340,APPROACH,0
42.173,0.0342,0.0340,APPROACH,0
42.207,0.0336,0.0340,APPROACH,0
42.241,0.0343,0.0340,APPROACH,0
42.276,0.0349,0.0340,APPROACH,0
42.310,0.0344,0.0340,APPROACH,0
42.345,0.0345,0.0340,APPROACH,0
42.379,0.0342,0.0340,APPROACH,0
42.413,0.0342,0.0340,APPROACH,0
42.447,0.0340,0.0340,APPROACH,0
42.482,0.0349,0.0340,APPROACH,0
42.516,0.0340,0.0340,APPROACH,0
42.550,0.0342,0.0340,APPROACH,0
42.585,0.0344,0.0340,APPROACH,0
42.619,0.0341,0.0340,APPROACH,0
42.653,0.0340,0.0340,APPROACH,0
42.687,0.0341,0.0340,APPROACH,0
42.721,0.0339,0.0340,APPROACH,0
42.756,0.0347,0.0340,APPROACH,0
42.790,0.0341,0.0340,APPROACH,0
42.824,0.0338,0.0340,APPROACH,0
42.859,0.0354,0.0340,APPROACH,0
42.893,0.0337,0.0340,APPROACH,0
42.928,0.0350,0.0340,APPROACH,0
42.962,0.0340,0.0340,APPROACH,0
42.996,0.0339,0.0340,APPROACH,0
43.030,0.0342,0.0340,APPROACH,0
43.064,0.0343,0.0340,APPROACH,0
43.098,0.0344,0.0340,APPROACH,0
43.132,0.0336,0.0340,APPROACH,0
43.166,0.0341,0.0340,APPROACH,0
43.200,0.0340,0.0340,APPROACH,0
43.234,0.0340,0.0340,APPROACH,0
43.269,0.0345,0.0340,APPROACH,0
43.303,0.0341,0.0340,APPROACH,0
43.337,0.0341,0.0340,APPROACH,0
43.371,0.0341,0.0340,APPROACH,0
43.405,0.0342,0.0340,APPROACH,0
43.440,0.0346,0.0340,APPROACH,0
43.473,0.0339,0.0340,APPROACH,0
43.508,0.0340,0.0340,APPROACH,0
43.542,0.0344,0.0340,APPROACH,0
43.576,0.0343,0.0340,APPROACH,0
43.610,0.0340,0.0340,APPROACH,0
43.644,0.0340,0.0340,APPROACH,0
43.678,0.0338,0.0340,APPROACH,0
43.713,0.0344,0.0340,APPROACH,0
43.747,0.0341,0.0340,APPROACH,0
43.781,0.0346,0.0340,APPROACH,0
43.815,0.0339,0.0340,APPROACH,0
43.850,0.0345,0.0340,APPROACH,0
43.883,0.0338,0.0340,APPROACH,0
43.918,0.0345,0.0340,APPROACH,0
43.952,0.0342,0.0340,APPROACH,0
43.986,0.0342,0.0340,APPROACH,0
44.020,0.0341,0.0340,APPROACH,0
44.055,0.0342,0.0340,APPROACH,0
44.089,0.0340,0.0340,APPROACH,0
44.123,0.0341,0.0340,APPROACH,0
44.157,0.0341,0.0340,APPROACH,0
44.191,0.0342,0.0340,APPROACH,0
44.226,0.0345,0.0340,APPROACH,0
44.260,0.0342,0.0340,APPROACH,0
44.294,0.0346,0.0340,APPROACH,0
44.329,0.0343,0.0340,APPROACH,0
44.363,0.0343,0.0340,APPROACH,0
44.397,0.0342,0.0340,APPROACH,0
44.431,0.0342,0.0340,APPROACH,0
44.466,0.0342,0.0340,APPROACH,0
44.500,0.0341,0.0340,APPROACH,0
44.534,0.0340,0.0340,APPROACH,0
44.568,0.0340,0.0340,APPROACH,0
44.602,0.0344,0.0340,APPROACH,0
44.636,0.0343,0.0340,APPROACH,0
44.671,0.0343,0.0340,APPROACH,0
44.705,0.0342,0.0340,APPROACH,0
44.739,0.0337,0.0340,APPROACH,0
44.773,0.0342,0.0340,APPROACH,0
44.807,0.0342,0.0340,APPROACH,0
44.841,0.0341,0.0340,APPROACH,0
44.875,0.0340,0.0340,APPROACH,0
44.909,0.0340,0.0340,APPROACH,0
44.943,0.0343,0.0340,APPROACH,0
44.978,0.0343,0.0340,APPROACH,0
45.012,0.0340,0.0340,APPROACH,0
45.045,0.0338,0.0340,APPROACH,0
45.080,0.0345,0.0340,APPROACH,0
45.114,0.0341,0.0340,APPROACH,0
45.148,0.0343,0.0340,APPROACH,0
45.183,0.0346,0.0340,APPROACH,0
45.217,0.0339,0.0340,APPROACH,0
45.252,0.0348,0.0340,APPROACH,0
45.286,0.0342,0.0340,APPROACH,0
45.320,0.0341,0.0340,APPROACH,0
45.354,0.0344,0.0340,APPROACH,0
45.388,0.0338,0.0340,APPROACH,0
45.422,0.0342,0.0340,APPROACH,0
45.457,0.0343,0.0340,APPROACH,0
45.491,0.0340,0.0340,APPROACH,0
45.524,0.0339,0.0340,APPROACH,0
45.559,0.0345,0.0340,APPROACH,0
45.593,0.0339,0.0340,APPROACH,0
45.627,0.0346,0.0340,APPROACH,0
45.662,0.0348,0.0340,APPROACH,0
45.697,0.0346,0.0340,APPROACH,0
45.731,0.0341,0.0340,APPROACH,0
45.765,0.0340,0.0340,APPROACH,0
45.800,0.0352,0.0340,APPROACH,0
45.835,0.0347,0.0340,APPROACH,0
45.869,0.0346,0.0340,APPROACH,0
45.904,0.0351,0.0340,APPROACH,0
45.939,0.0341,0.0340,APPROACH,0
45.973,0.0342,0.0340,APPROACH,0
46.007,0.0339,0.0340,APPROACH,0
46.041,0.0342,0.0340,APPROACH,0
46.075,0.0339,0.0340,APPROACH,0
46.109,0.0342,0.0340,APPROACH,0
46.143,0.0340,0.0340,APPROACH,0
46.178,0.0346,0.0340,APPROACH,0
46.212,0.0340,0.0340,APPROACH,0
46.246,0.0346,0.0340,APPROACH,0
46.280,0.0335,0.0340,APPROACH,0
46.314,0.0342,0.0340,APPROACH,0
46.348,0.0343,0.0340,APPROACH,0
46.383,0.0344,0.0340,APPROACH,0
46.417,0.0340,0.0340,APPROACH,0
46.451,0.0344,0.0340,APPROACH,0
46.485,0.0341,0.0340,APPROACH,0
46.519,0.0342,0.0340,APPROACH,0
46.554,0.0344,0.0340,APPROACH,0
46.588,0.0341,0.0340,APPROACH,0
46.622,0.0340,0.0340,APPROACH,0
46.657,0.0345,0.0340,APPROACH,0
46.690,0.0339,0.0340,APPROACH,0
46.725,0.0345,0.0340,APPROACH,0
46.759,0.0342,0.0340,APPROACH,0
46.793,0.0340,0.0340,APPROACH,0
46.827,0.0340,0.0340,APPROACH,0
46.861,0.0343,0.0340,APPROACH,0
46.895,0.0339,0.0340,APPROACH,0
46.929,0.0340,0.0340,APPROACH,0
46.964,0.0345,0.0340,APPROACH,0
46.998,0.0343,0.0340,APPROACH,0
47.032,0.0340,0.0340,APPROACH,0
47.066,0.0342,0.0340,APPROACH,0
47.100,0.0341,0.0340,APPROACH,0
47.134,0.0340,0.0340,APPROACH,0
47.169,0.0344,0.0340,APPROACH,0
47.203,0.0347,0.0340,APPROACH,0
47.237,0.0339,0.0340,APPROACH,0
47.272,0.0345,0.0340,APPROACH,0
47.306,0.0345,0.0340,APPROACH,0
47.341,0.0341,0.0340,APPROACH,0
47.375,0.0343,0.0340,BLIND_DASH,0
47.409,0.0341,0.0340,BLIND_DASH,0
47.443,0.0343,0.0340,BLIND_DASH,0
47.477,0.0342,0.0340,BLIND_DASH,0
47.511,0.0339,0.0340,BLIND_DASH,0
47.545,0.0342,0.0340,BLIND_DASH,0
47.579,0.0339,0.0340,BLIND_DASH,0
47.613,0.0341,0.0340,BLIND_DASH,0
47.647,0.0340,0.0340,BLIND_DASH,0
47.682,0.0346,0.0340,BLIND_DASH,0
47.716,0.0340,0.0340,BLIND_DASH,0
47.751,0.0347,0.0340,BLIND_DASH,0
47.785,0.0346,0.0340,BLIND_DASH,0
47.820,0.0345,0.0340,BLIND_DASH,0
47.854,0.0345,0.0340,BLIND_DASH,0
47.889,0.0348,0.0340,BLIND_DASH,0
47.923,0.0342,0.0340,BLIND_DASH,0
47.958,0.0343,0.0340,BLIND_DASH,0
47.992,0.0341,0.0340,BLIND_DASH,0
48.026,0.0339,0.0340,BLIND_DASH,0
48.060,0.0341,0.0340,BLIND_DASH,0
48.094,0.0341,0.0340,BLIND_DASH,0
48.128,0.0345,0.0340,BLIND_DASH,0
48.163,0.0342,0.0340,BLIND_DASH,0
48.197,0.0342,0.0340,BLIND_DASH,0
48.231,0.0340,0.0340,BLIND_DASH,0
48.265,0.0340,0.0340,BLIND_DASH,0
48.299,0.0341,0.0340,BLIND_DASH,0
48.333,0.0341,0.0340,BLIND_DASH,0
48.368,0.0346,0.0340,BLIND_DASH,0
48.401,0.0339,0.0340,BLIND_DASH,0
48.436,0.0345,0.0340,BLIND_DASH,0
48.470,0.0344,0.0340,BLIND_DASH,0
48.505,0.0343,0.0340,BLIND_DASH,0
48.539,0.0342,0.0340,BLIND_DASH,0
48.573,0.0343,0.0340,BLIND_DASH,0
48.607,0.0341,0.0340,BLIND_DASH,0
48.641,0.0340,0.0340,BLIND_DASH,0
48.675,0.0339,0.0340,BLIND_DASH,0
48.709,0.0342,0.0340,BLIND_DASH,0
48.744,0.0345,0.0340,BLIND_DASH,0
48.778,0.0338,0.0340,BLIND_DASH,0
48.812,0.0345,0.0340,BLIND_DASH,0
48.846,0.0336,0.0340,BLIND_DASH,0
48.880,0.0340,0.0340,PATROL,0
48.914,0.0344,0.0340,PATROL,0
48.948,0.0342,0.0340,PATROL,0
48.982,0.0337,0.0340,PATROL,0
49.016,0.0343,0.0340,PATROL,0
49.051,0.0346,0.0340,PATROL,0
49.085,0.0343,0.0340,PATROL,0
49.119,0.0344,0.0340,PATROL,0
49.154,0.0346,0.0340,PATROL,0
49.188,0.0340,0.0340,PATROL,0
49.223,0.0347,0.0340,PATROL,0
49.257,0.0343,0.0340,PATROL,0
49.291,0.0340,0.0340,PATROL,0
49.325,0.0343,0.0340,PATROL,0
49.360,0.0344,0.0340,PATROL,0
49.394,0.0343,0.0340,PATROL,0
49.428,0.0341,0.0340,PATROL,0
49.462,0.0339,0.0340,PATROL,0
49.497,0.0348,0.0340,PATROL,0
49.531,0.0341,0.0340,PATROL,0
49.565,0.0339,0.0340,PATROL,0
49.598,0.0336,0.0340,PATROL,0
49.633,0.0342,0.0340,PATROL,0
49.667,0.0345,0.0340,PATROL,0
49.701,0.0340,0.0340,PATROL,0
49.735,0.0341,0.0340,PATROL,0
49.769,0.0339,0.0340,PATROL,0
49.803,0.0343,0.0340,PATROL,0
49.838,0.0341,0.0340,PATROL,0
49.872,0.0346,0.0340,PATROL,0
49.906,0.0340,0.0340,PATROL,0
49.940,0.0340,0.0340,PATROL,0
49.974,0.0341,0.0340,PATROL,0
50.008,0.0341,0.0340,PATROL,0
50.043,0.0341,0.0340,PATROL,0
50.077,0.0341,0.0340,PATROL,0
50.111,0.0342,0.0340,PATROL,0
50.145,0.0339,0.0340,PATROL,0
50.179,0.0342,0.0340,PATROL,0
50.213,0.0344,0.0340,PATROL,0
50.248,0.0344,0.0340,PATROL,0
50.282,0.0340,0.0340,PATROL,0
50.316,0.0342,0.0340,PATROL,0
50.350,0.0340,0.0340,PATROL,0
50.384,0.0344,0.0340,PATROL,0
50.418,0.0339,0.0340,PATROL,0
50.452,0.0340,0.0340,PATROL,0
50.487,0.0343,0.0340,PATROL,0
50.521,0.0347,0.0340,PATROL,0
50.555,0.0338,0.0340,PATROL,0
50.590,0.0344,0.0340,PATROL,0
50.624,0.0340,0.0340,PATROL,0
50.658,0.0343,0.0340,PATROL,0
50.692,0.0341,0.0340,PATROL,0
50.726,0.0340,0.0340,PATROL,0
50.760,0.0341,0.0340,PATROL,0
50.794,0.0342,0.0340,PATROL,0
50.829,0.0343,0.0340,PATROL,0
50.863,0.0342,0.0340,PATROL,0
50.897,0.0337,0.0340,PATROL,0
50.931,0.0342,0.0340,PATROL,0
50.965,0.0344,0.0340,PATROL,0
50.999,0.0341,0.0340,PATROL,0
51.034,0.0349,0.0340,PATROL,0
51.068,0.0337,0.0340,PATROL,0
51.102,0.0345,0.0340,PATROL,0
51.137,0.0341,0.0340,PATROL,0
51.171,0.0341,0.0340,PATROL,0
51.205,0.0340,0.0340,PATROL,0
51.239,0.0340,0.0340,PATROL,0
51.273,0.0343,0.0340,PATROL,0
51.307,0.0342,0.0340,PATROL,0
51.341,0.0341,0.0340,PATROL,0
51.375,0.0341,0.0340,PATROL,0
51.410,0.0344,0.0340,PATROL,0
51.444,0.0339,0.0340,PATROL,0
51.478,0.0344,0.0340,PATROL,0
51.512,0.0343,0.0340,PATROL,0
51.547,0.0342,0.0340,PATROL,0
51.580,0.0339,0.0340,PATROL,0
51.615,0.0343,0.0340,PATROL,0
51.649,0.0339,0.0340,PATROL,0
51.683,0.0343,0.0340,PATROL,0
51.717,0.0341,0.0340,PATROL,0
51.751,0.0341,0.0340,PATROL,0
51.785,0.0341,0.0340,PATROL,0
51.819,0.0342,0.0340,PATROL,0
51.854,0.0347,0.0340,PATROL,0
51.888,0.0336,0.0340,PATROL,0
51.922,0.0342,0.0340,PATROL,0
51.957,0.0346,0.0340,PATROL,0
51.991,0.0341,0.0340,PATROL,0
52.025,0.0343,0.0340,PATROL,0
52.059,0.0340,0.0340,PATROL,0
52.094,0.0346,0.0340,PATROL,0
52.128,0.0343,0.0340,PATROL,0
52.162,0.0340,0.0340,PATROL,0
52.196,0.0340,0.0340,PATROL,0
52.230,0.0342,0.0340,PATROL,0
52.264,0.0338,0.0340,PATROL,0
52.298,0.0344,0.0340,PATROL,0
52.333,0.0344,0.0340,PATROL,0
52.367,0.0345,0.0340,PATROL,0
52.402,0.0346,0.0340,PATROL,0
52.436,0.0344,0.0340,PATROL,0
52.470,0.0340,0.0340,PATROL,0
52.505,0.0352,0.0340,PATROL,0
52.539,0.0341,0.0340,PATROL,0
52.573,0.0340,0.0340,PATROL,0
52.608,0.0344,0.0340,PATROL,0
52.642,0.0342,0.0340,PATROL,0
52.676,0.0343,0.0340,PATROL,0
52.711,0.0343,0.0340,PATROL,0
52.745,0.0342,0.0340,PATROL,0
52.779,0.0339,0.0340,PATROL,0
52.813,0.0340,0.0340,PATROL,0
52.847,0.0343,0.0340,PATROL,0
52.881,0.0342,0.0340,PATROL,0
52.915,0.0342,0.0340,PATROL,0
52.950,0.0349,0.0340,PATROL,0
52.984,0.0340,0.0340,PATROL,0
53.019,0.0348,0.0340,PATROL,0
53.054,0.0347,0.0340,PATROL,0
53.088,0.0343,0.0340,PATROL,0
53.122,0.0339,0.0340,PATROL,0
53.156,0.0342,0.0340,PATROL,0
53.190,0.0337,0.0340,PATROL,0
53.225,0.0347,0.0340,PATROL,0
53.259,0.0341,0.0340,PATROL,0
53.293,0.0343,0.0340,PATROL,0
53.327,0.0342,0.0340,PATROL,0
53.361,0.0340,0.0340,PATROL,0
53.395,0.0342,0.0340,PATROL,0
53.430,0.0341,0.0340,PATROL,0
53.464,0.0341,0.0340,PATROL,0
53.498,0.0342,0.0340,PATROL,0
53.533,0.0346,0.0340,PATROL,0
53.566,0.0337,0.0340,PATROL,0
53.601,0.0345,0.0340,PATROL,0
53.635,0.0342,0.0340,PATROL,0
53.669,0.0339,0.0340,PATROL,0
53.703,0.0347,0.0340,PATROL,0
53.737,0.0339,0.0340,PATROL,0
53.772,0.0344,0.0340,PATROL,0
53.806,0.0339,0.0340,PATROL,0
53.840,0.0344,0.0340,PATROL,0
53.874,0.0340,0.0340,PATROL,0
53.908,0.0343,0.0340,PATROL,0
53.943,0.0347,0.0340,PATROL,0
53.978,0.0347,0.0340,PATROL,0
54.011,0.0332,0.0340,PATROL,0
54.046,0.0348,0.0340,PATROL,0
54.080,0.0345,0.0340,PATROL,0
54.115,0.0343,0.0340,PATROL,0
54.149,0.0343,0.0340,PATROL,0
54.183,0.0339,0.0340,PATROL,0
54.217,0.0342,0.0340,PATROL,0
54.251,0.0340,0.0340,PATROL,0
54.285,0.0343,0.0340,PATROL,0
54.319,0.0338,0.0340,PATROL,0
54.353,0.0342,0.0340,PATROL,0
54.388,0.0343,0.0340,PATROL,0
54.422,0.0341,0.0340,PATROL,0
54.456,0.0344,0.0340,PATROL,0
54.490,0.0339,0.0340,PATROL,0
54.525,0.0344,0.0340,PATROL,0
54.559,0.0346,0.0340,PATROL,0
54.594,0.0346,0.0340,PATROL,0
54.628,0.0343,0.0340,PATROL,0
54.662,0.0341,0.0340,PATROL,0
54.696,0.0340,0.0340,PATROL,0
54.730,0.0344,0.0340,PATROL,0
54.765,0.0343,0.0340,PATROL,0
54.799,0.0340,0.0340,PATROL,0
54.833,0.0341,0.0340,PATROL,0
54.867,0.0340,0.0340,PATROL,0
54.901,0.0345,0.0340,PATROL,0
54.936,0.0347,0.0340,PATROL,0
54.970,0.0336,0.0340,PATROL,0
55.004,0.0342,0.0340,PATROL,0
55.038,0.0345,0.0340,PATROL,0
55.073,0.0344,0.0340,PATROL,0
55.107,0.0340,0.0340,PATROL,0
55.141,0.0343,0.0340,PATROL,0
55.175,0.0342,0.0340,PATROL,0
55.210,0.0344,0.0340,PATROL,0
55.244,0.0342,0.0340,PATROL,0
55.278,0.0343,0.0340,PATROL,0
55.312,0.0342,0.0340,PATROL,0
55.346,0.0340,0.0340,PATROL,0
55.381,0.0343,0.0340,PATROL,0
55.415,0.0341,0.0340,PATROL,0
55.449,0.0345,0.0340,PATROL,0
55.483,0.0338,0.0340,PATROL,0
55.518,0.0349,0.0340,PATROL,0
55.552,0.0341,0.0340,PATROL,0
55.586,0.0339,0.0340,PATROL,0
55.621,0.0344,0.0340,PATROL,0
55.655,0.0342,0.0340,PATROL,0
55.689,0.0342,0.0340,PATROL,0
55.724,0.0349,0.0340,PATROL,0
55.759,0.0348,0.0340,PATROL,0
55.792,0.0337,0.0340,PATROL,0
55.826,0.0339,0.0340,PATROL,0
55.860,0.0343,0.0340,PATROL,0
55.894,0.0339,0.0340,PATROL,0
55.929,0.0344,0.0340,PATROL,0
55.963,0.0343,0.0340,PATROL,0
55.997,0.0338,0.0340,PATROL,0
56.032,0.0346,0.0340,PATROL,0
56.066,0.0346,0.0340,PATROL,0
56.100,0.0340,0.0340,PATROL,0
56.134,0.0339,0.0340,PATROL,0
56.168,0.0340,0.0340,PATROL,0
56.202,0.0342,0.0340,PATROL,0
56.237,0.0343,0.0340,PATROL,0
56.270,0.0340,0.0340,PATROL,0
56.304,0.0339,0.0340,PATROL,0
56.339,0.0342,0.0340,PATROL,0
56.372,0.0336,0.0340,PATROL,0
56.407,0.0345,0.0340,PATROL,0
56.441,0.0343,0.0340,PATROL,0
56.475,0.0344,0.0340,PATROL,0
56.510,0.0341,0.0340,PATROL,0
56.544,0.0340,0.0340,PATROL,0
56.578,0.0342,0.0340,PATROL,0
56.612,0.0340,0.0340,PATROL,0
56.646,0.0344,0.0340,PATROL,0
56.680,0.0341,0.0340,PATROL,0
56.714,0.0341,0.0340,PATROL,0
56.749,0.0343,0.0340,PATROL,0
56.783,0.0340,0.0340,PATROL,0
56.817,0.0342,0.0340,PATROL,0
56.851,0.0341,0.0340,PATROL,0
56.885,0.0342,0.0340,PATROL,0
56.919,0.0340,0.0340,PATROL,0
56.953,0.0341,0.0340,PATROL,0
56.987,0.0339,0.0340,PATROL,0
57.021,0.0343,0.0340,PATROL,0
57.056,0.0341,0.0340,PATROL,0
57.090,0.0343,0.0340,PATROL,0
57.124,0.0341,0.0340,PATROL,0
57.158,0.0340,0.0340,PATROL,0
57.192,0.0339,0.0340,PATROL,0
57.226,0.0343,0.0340,PATROL,0
57.260,0.0340,0.0340,PATROL,0
57.295,0.0346,0.0340,PATROL,0
57.329,0.0341,0.0340,PATROL,0
57.363,0.0343,0.0340,PATROL,0
57.398,0.0345,0.0340,PATROL,0
57.432,0.0345,0.0340,PATROL,0
57.467,0.0350,0.0340,PATROL,0
57.502,0.0343,0.0340,PATROL,0
57.535,0.0338,0.0340,PATROL,0
57.570,0.0343,0.0340,PATROL,0
57.604,0.0343,0.0340,PATROL,0
57.638,0.0341,0.0340,PATROL,0
57.672,0.0342,0.0340,PATROL,0
57.706,0.0337,0.0340,PATROL,0
57.740,0.0344,0.0340,PATROL,0
57.774,0.0339,0.0340,PATROL,0
57.809,0.0349,0.0340,PATROL,0
57.844,0.0345,0.0340,PATROL,0
57.878,0.0343,0.0340,PATROL,0
57.912,0.0340,0.0340,PATROL,0
57.947,0.0350,0.0340,PATROL,0
57.981,0.0342,0.0340,PATROL,0
58.016,0.0343,0.0340,PATROL,0
58.050,0.0346,0.0340,PATROL,0
58.085,0.0345,0.0340,PATROL,0
58.118,0.0335,0.0340,PATROL,0
58.152,0.0341,0.0340,PATROL,0
58.186,0.0339,0.0340,PATROL,0
58.221,0.0344,0.0340,PATROL,0
58.255,0.0340,0.0340,PATROL,0
58.289,0.0344,0.0340,PATROL,0
58.323,0.0336,0.0340,PATROL,0
58.358,0.0350,0.0340,PATROL,0
58.392,0.0343,0.0340,PATROL,0
58.426,0.0344,0.0340,PATROL,0
58.460,0.0341,0.0340,PATROL,0
58.495,0.0341,0.0340,PATROL,0
58.529,0.0344,0.0340,PATROL,0
58.563,0.0343,0.0340,PATROL,0
58.597,0.0338,0.0340,PATROL,0
58.631,0.0343,0.0340,PATROL,0
58.665,0.0340,0.0340,PATROL,0
58.700,0.0343,0.0340,PATROL,0
58.734,0.0341,0.0340,PATROL,0
58.768,0.0343,0.0340,PATROL,0
58.802,0.0340,0.0340,PATROL,0
58.836,0.0341,0.0340,PATROL,0
58.871,0.0345,0.0340,PATROL,0
58.905,0.0343,0.0340,PATROL,0
58.939,0.0342,0.0340,PATROL,0
58.974,0.0343,0.0340,PATROL,0
59.008,0.0345,0.0340,PATROL,0
59.042,0.0341,0.0340,PATROL,0
59.076,0.0341,0.0340,PATROL,0
59.111,0.0343,0.0340,PATROL,0
59.145,0.0340,0.0340,PATROL,0
59.178,0.0339,0.0340,PATROL,0
59.213,0.0342,0.0340,PATROL,0
59.247,0.0341,0.0340,PATROL,0
59.281,0.0343,0.0340,PATROL,0
59.315,0.0344,0.0340,PATROL,0
59.350,0.0347,0.0340,PATROL,0
59.385,0.0346,0.0340,PATROL,0
59.419,0.0344,0.0340,PATROL,0
59.453,0.0341,0.0340,PATROL,0
59.488,0.0345,0.0340,PATROL,0
59.522,0.0344,0.0340,PATROL,0
59.556,0.0339,0.0340,PATROL,0
59.591,0.0346,0.0340,PATROL,0
59.625,0.0345,0.0340,PATROL,0
59.660,0.0346,0.0340,PATROL,0
59.694,0.0342,0.0340,PATROL,0
59.728,0.0338,0.0340,PATROL,0
59.762,0.0343,0.0340,PATROL,0
59.796,0.0341,0.0340,PATROL,0
59.830,0.0341,0.0340,PATROL,0
59.864,0.0339,0.0340,PATROL,0
59.899,0.0347,0.0340,PATROL,0
59.933,0.0342,0.0340,PATROL,0
59.967,0.0340,0.0340,PATROL,0
60.001,0.0345,0.0340,PATROL,0
60.036,0.0344,0.0340,PATROL,0
60.071,0.0351,0.0340,PATROL,0
63.103,3.0320,2.6860,ALIGN,1
63.103,0.0002,0.0340,ALIGN,0
63.103,0.0001,0.0340,ALIGN,0
63.103,0.0001,0.0340,ALIGN,0
63.104,0.0001,0.0340,ALIGN,0
63.104,0.0001,0.0340,ALIGN,0
63.104,0.0001,0.0340,ALIGN,0
63.104,0.0004,0.0340,ALIGN,0
63.104,0.0002,0.0340,ALIGN,0
63.105,0.0002,0.0340,ALIGN,0
63.116,0.0111,0.0340,ALIGN,0
63.150,0.0339,0.0340,ALIGN,0
63.184,0.0345,0.0340,ALIGN,0
63.218,0.0342,0.0340,ALIGN,0
63.252,0.0339,0.0340,ALIGN,0
63.287,0.0343,0.0340,ALIGN,0
63.322,0.0351,0.0340,ALIGN,0
63.355,0.0336,0.0340,ALIGN,0
63.389,0.0340,0.0340,ALIGN,0
63.424,0.0346,0.0340,ALIGN,0
63.458,0.0340,0.0340,ALIGN,0
63.493,0.0347,0.0340,ALIGN,0
63.527,0.0343,0.0340,ALIGN,0
63.561,0.0340,0.0340,APPROACH,0
63.595,0.0342,0.0340,APPROACH,0
63.629,0.0339,0.0340,APPROACH,0
63.663,0.0346,0.0340,APPROACH,0
63.698,0.0341,0.0340,APPROACH,0
63.732,0.0340,0.0340,APPROACH,0
63.766,0.0343,0.0340,APPROACH,0
63.800,0.0344,0.0340,APPROACH,0
63.834,0.0338,0.0340,APPROACH,0
63.869,0.0348,0.0340,APPROACH,0
63.903,0.0343,0.0340,APPROACH,0
63.937,0.0344,0.0340,APPROACH,0
63.971,0.0339,0.0340,APPROACH,0
64.006,0.0343,0.0340,APPROACH,0
64.040,0.0343,0.0340,APPROACH,0
64.075,0.0346,0.0340,APPROACH,0
64.109,0.0342,0.0340,APPROACH,0
64.143,0.0338,0.0340,APPROACH,0
64.177,0.0340,0.0340,APPROACH,0
64.211,0.0343,0.0340,APPROACH,0
64.245,0.0342,0.0340,APPROACH,0
64.280,0.0343,0.0340,APPROACH,0
64.314,0.0340,0.0340,APPROACH,0
64.348,0.0344,0.0340,APPROACH,0
64.382,0.0339,0.0340,APPROACH,0
64.416,0.0343,0.0340,APPROACH,0
64.451,0.0347,0.0340,APPROACH,0
64.485,0.0341,0.0340,APPROACH,0
64.519,0.0340,0.0340,APPROACH,0
64.553,0.0344,0.0340,APPROACH,0
64.587,0.0338,0.0340,APPROACH,0
64.621,0.0341,0.0340,APPROACH,0
64.656,0.0344,0.0340,APPROACH,0
64.689,0.0339,0.0340,APPROACH,0
64.724,0.0346,0.0340,APPROACH,0
64.759,0.0347,0.0340,APPROACH,0
64.792,0.0333,0.0340,APPROACH,0
64.826,0.0341,0.0340,APPROACH,0
64.860,0.0341,0.0340,APPROACH,0
64.895,0.0345,0.0340,APPROACH,0
64.929,0.0344,0.0340,APPROACH,0
64.963,0.0340,0.0340,APPROACH,0
64.998,0.0346,0.0340,APPROACH,0
65.033,0.0347,0.0340,APPROACH,0
65.066,0.0337,0.0340,APPROACH,0
65.100,0.0340,0.0340,APPROACH,0
65.134,0.0340,0.0340,APPROACH,0
65.168,0.0339,0.0340,APPROACH,0
65.203,0.0347,0.0340,APPROACH,0
65.237,0.0341,0.0340,APPROACH,0
65.271,0.0339,0.0340,APPROACH,0
65.305,0.0341,0.0340,APPROACH,0
65.339,0.0340,0.0340,APPROACH,0
65.373,0.0340,0.0340,APPROACH,0
65.407,0.0346,0.0340,APPROACH,0
65.442,0.0343,0.0340,APPROACH,0
65.476,0.0342,0.0340,APPROACH,0
65.510,0.0341,0.0340,APPROACH,0
65.544,0.0341,0.0340,APPROACH,0
65.578,0.0340,0.0340,APPROACH,0
65.612,0.0342,0.0340,APPROACH,0
65.646,0.0339,0.0340,APPROACH,0
65.681,0.0346,0.0340,APPROACH,0
65.715,0.0339,0.0340,APPROACH,0
65.749,0.0342,0.0340,APPROACH,0
65.783,0.0342,0.0340,APPROACH,0
65.817,0.0340,0.0340,APPROACH,0
65.852,0.0347,0.0340,APPROACH,0
65.886,0.0342,0.0340,APPROACH,0
65.920,0.0341,0.0340,APPROACH,0
65.954,0.0341,0.0340,APPROACH,0
65.988,0.0337,0.0340,APPROACH,0
66.023,0.0346,0.0340,APPROACH,0
66.057,0.0339,0.0340,APPROACH,0
66.091,0.0340,0.0340,APPROACH,0
66.125,0.0341,0.0340,APPROACH,0
66.159,0.0344,0.0340,APPROACH,0
66.194,0.0348,0.0340,APPROACH,0
66.228,0.0343,0.0340,APPROACH,0
66.262,0.0341,0.0340,APPROACH,0
66.297,0.0347,0.0340,APPROACH,0
66.331,0.0337,0.0340,APPROACH,0
66.365,0.0344,0.0340,APPROACH,0
66.399,0.0339,0.0340,APPROACH,0
66.433,0.0346,0.0340,APPROACH,0
66.467,0.0339,0.0340,APPROACH,0
66.502,0.0343,0.0340,APPROACH,0
66.536,0.0342,0.0340,APPROACH,0
66.570,0.0339,0.0340,APPROACH,0
66.604,0.0341,0.0340,APPROACH,0
66.638,0.0339,0.0340,APPROACH,0
66.672,0.0340,0.0340,APPROACH,0
66.706,0.0343,0.0340,APPROACH,0
66.741,0.0345,0.0340,APPROACH,0
66.775,0.0339,0.0340,APPROACH,0
66.809,0.0345,0.0340,APPROACH,0
66.843,0.0341,0.0340,APPROACH,0
66.877,0.0340,0.0340,APPROACH,0
66.911,0.0344,0.0340,APPROACH,0
66.946,0.0344,0.0340,APPROACH,0
66.980,0.0342,0.0340,APPROACH,0
67.014,0.0343,0.0340,APPROACH,0
67.048,0.0339,0.0340,APPROACH,0
67.083,0.0343,0.0340,APPROACH,0
67.117,0.0341,0.0340,APPROACH,0
67.151,0.0346,0.0340,APPROACH,0
67.186,0.0344,0.0340,APPROACH,0
67.220,0.0345,0.0340,APPROACH,0
67.254,0.0339,0.0340,APPROACH,0
67.289,0.0349,0.0340,APPROACH,0
67.323,0.0338,0.0340,APPROACH,0
67.357,0.0343,0.0340,APPROACH,0
67.392,0.0347,0.0340,APPROACH,0
67.426,0.0341,0.0340,APPROACH,0
67.460,0.0340,0.0340,APPROACH,0
67.494,0.0345,0.0340,APPROACH,0
67.529,0.0343,0.0340,APPROACH,0
67.563,0.0339,0.0340,APPROACH,0
67.597,0.0341,0.0340,APPROACH,0
67.631,0.0341,0.0340,APPROACH,0
67.665,0.0341,0.0340,APPROACH,0
67.699,0.0342,0.0340,APPROACH,0
67.733,0.0341,0.0340,APPROACH,0
67.767,0.0337,0.0340,APPROACH,0
67.801,0.0345,0.0340,APPROACH,0
67.835,0.0342,0.0340,APPROACH,0
67.870,0.0341,0.0340,APPROACH,0
67.904,0.0342,0.0340,APPROACH,0
67.938,0.0342,0.0340,APPROACH,0
67.972,0.0342,0.0340,APPROACH,0
68.006,0.0339,0.0340,APPROACH,0
68.040,0.0341,0.0340,APPROACH,0
68.074,0.0341,0.0340,APPROACH,0
68.109,0.0345,0.0340,APPROACH,0
68.143,0.0339,0.0340,APPROACH,0
68.177,0.0345,0.0340,APPROACH,0
68.212,0.0353,0.0340,APPROACH,0
68.247,0.0343,0.0340,APPROACH,0
68.281,0.0339,0.0340,APPROACH,0
68.315,0.0344,0.0340,APPROACH,0
68.349,0.0339,0.0340,APPROACH,0
68.383,0.0344,0.0340,APPROACH,0
68.417,0.0342,0.0340,APPROACH,0
68.451,0.0339,0.0340,APPROACH,0
68.486,0.0343,0.0340,APPROACH,0
68.520,0.0338,0.0340,APPROACH,0
68.554,0.0345,0.0340,APPROACH,0
68.588,0.0342,0.0340,APPROACH,0
68.623,0.0345,0.0340,APPROACH,0
68.657,0.0341,0.0340,APPROACH,0
68.691,0.0341,0.0340,APPROACH,0
68.725,0.0342,0.0340,APPROACH,0
68.759,0.0341,0.0340,APPROACH,0
68.793,0.0339,0.0340,APPROACH,0
68.827,0.0344,0.0340,APPROACH,0
68.861,0.0339,0.0340,APPROACH,0
68.895,0.0340,0.0340,APPROACH,0
68.930,0.0344,0.0340,APPROACH,0
68.964,0.0339,0.0340,APPROACH,0
68.998,0.0342,0.0340,APPROACH,0
69.032,0.0339,0.0340,APPROACH,0
69.066,0.0344,0.0340,APPROACH,0
69.100,0.0342,0.0340,APPROACH,0
69.135,0.0342,0.0340,APPROACH,0
69.169,0.0340,0.0340,APPROACH,0
69.203,0.0343,0.0340,APPROACH,0
69.237,0.0340,0.0340,APPROACH,0
69.271,0.0340,0.0340,APPROACH,0
69.305,0.0345,0.0340,APPROACH,0
69.340,0.0343,0.0340,APPROACH,0
69.374,0.0338,0.0340,APPROACH,0
69.408,0.0344,0.0340,APPROACH,0
69.442,0.0340,0.0340,APPROACH,0
69.476,0.0344,0.0340,APPROACH,0
69.510,0.0342,0.0340,APPROACH,0
69.545,0.0342,0.0340,APPROACH,0
69.579,0.0343,0.0340,APPROACH,0
69.614,0.0346,0.0340,APPROACH,0
69.647,0.0337,0.0340,APPROACH,0
69.682,0.0343,0.0340,APPROACH,0
69.716,0.0341,0.0340,APPROACH,0
69.750,0.0345,0.0340,APPROACH,0
69.784,0.0340,0.0340,APPROACH,0
69.818,0.0341,0.0340,APPROACH,0
69.852,0.0341,0.0340,APPROACH,0
69.887,0.0341,0.0340,APPROACH,0
69.921,0.0347,0.0340,APPROACH,0
69.955,0.0339,0.0340,APPROACH,0
69.989,0.0340,0.0340,APPROACH,0
70.023,0.0341,0.0340,APPROACH,0
70.058,0.0343,0.0340,APPROACH,0
70.091,0.0339,0.0340,APPROACH,0
70.126,0.0343,0.0340,APPROACH,0
70.160,0.0342,0.0340,APPROACH,0
70.194,0.0341,0.0340,APPROACH,0
70.228,0.0341,0.0340,APPROACH,0
70.262,0.0342,0.0340,APPROACH,0
70.296,0.0338,0.0340,APPROACH,0
70.330,0.0344,0.0340,APPROACH,0
70.365,0.0341,0.0340,APPROACH,0
70.399,0.0343,0.0340,APPROACH,0
70.433,0.0346,0.0340,APPROACH,0
70.468,0.0344,0.0340,APPROACH,0
70.502,0.0341,0.0340,APPROACH,0
70.536,0.0344,0.0340,APPROACH,0
70.570,0.0338,0.0340,APPROACH,0
70.605,0.0348,0.0340,APPROACH,0
70.639,0.0341,0.0340,APPROACH,0
70.673,0.0343,0.0340,APPROACH,0
70.708,0.0341,0.0340,APPROACH,0
70.742,0.0340,0.0340,APPROACH,0
70.776,0.0343,0.0340,APPROACH,0
70.810,0.0343,0.0340,APPROACH,0
70.844,0.0341,0.0340,APPROACH,0
70.879,0.0344,0.0340,APPROACH,0
70.913,0.0348,0.0340,APPROACH,0
70.948,0.0345,0.0340,APPROACH,0
70.982,0.0342,0.0340,APPROACH,0
71.016,0.0341,0.0340,APPROACH,0
71.051,0.0348,0.0340,APPROACH,0
71.085,0.0340,0.0340,APPROACH,0
71.119,0.0341,0.0340,APPROACH,0
71.153,0.0340,0.0340,APPROACH,0
71.187,0.0341,0.0340,APPROACH,0
71.222,0.0343,0.0340,APPROACH,0
71.256,0.0345,0.0340,APPROACH,0
71.291,0.0348,0.0340,APPROACH,0
71.325,0.0339,0.0340,APPROACH,0
71.359,0.0342,0.0340,APPROACH,0
71.393,0.0339,0.0340,APPROACH,0
71.427,0.0341,0.0340,APPROACH,0
71.461,0.0344,0.0340,APPROACH,0
71.495,0.0343,0.0340,APPROACH,0
71.530,0.0347,0.0340,APPROACH,0
71.564,0.0343,0.0340,APPROACH,0
71.599,0.0344,0.0340,APPROACH,0
71.633,0.0345,0.0340,APPROACH,0
71.667,0.0341,0.0340,APPROACH,0
71.702,0.0347,0.0340,APPROACH,0
71.737,0.0344,0.0340,APPROACH,0
71.771,0.0341,0.0340,APPROACH,0
71.805,0.0345,0.0340,APPROACH,0
71.840,0.0345,0.0340,APPROACH,0
71.874,0.0341,0.0340,APPROACH,0
71.908,0.0343,0.0340,APPROACH,0
71.942,0.0342,0.0340,APPROACH,0
71.976,0.0341,0.0340,APPROACH,0
72.011,0.0351,0.0340,APPROACH,0
72.046,0.0344,0.0340,APPROACH,0
72.080,0.0340,0.0340,APPROACH,0
72.114,0.0341,0.0340,APPROACH,0
72.148,0.0341,0.0340,APPROACH,0
72.182,0.0340,0.0340,APPROACH,0
72.217,0.0345,0.0340,APPROACH,0
72.251,0.0341,0.0340,APPROACH,0
72.285,0.0347,0.0340,APPROACH,0
72.320,0.0343,0.0340,APPROACH,0
72.354,0.0343,0.0340,APPROACH,0
72.388,0.0342,0.0340,APPROACH,0
72.422,0.0340,0.0340,APPROACH,0
72.456,0.0341,0.0340,APPROACH,0
72.490,0.0343,0.0340,APPROACH,0
72.524,0.0336,0.0340,APPROACH,0
72.559,0.0345,0.0340,APPROACH,0
72.593,0.0339,0.0340,APPROACH,0
72.627,0.0343,0.0340,APPROACH,0
72.661,0.0340,0.0340,APPROACH,0
72.695,0.0344,0.0340,APPROACH,0
72.730,0.0343,0.0340,APPROACH,0
72.764,0.0343,0.0340,APPROACH,0
72.798,0.0340,0.0340,APPROACH,0
72.833,0.0346,0.0340,APPROACH,0
72.867,0.0345,0.0340,APPROACH,0
72.901,0.0343,0.0340,APPROACH,0
72.936,0.0342,0.0340,APPROACH,0
72.969,0.0337,0.0340,APPROACH,0
73.003,0.0342,0.0340,APPROACH,0
73.037,0.0340,0.0340,APPROACH,0
73.072,0.0345,0.0340,APPROACH,0
73.107,0.0347,0.0340,APPROACH,0
73.141,0.0342,0.0340,APPROACH,0
73.175,0.0339,0.0340,APPROACH,0
73.209,0.0340,0.0340,APPROACH,0
73.244,0.0349,0.0340,APPROACH,0
73.278,0.0341,0.0340,APPROACH,0
73.312,0.0340,0.0340,APPROACH,0
73.346,0.0343,0.0340,APPROACH,0
73.380,0.0341,0.0340,APPROACH,0
73.414,0.0338,0.0340,APPROACH,0
73.448,0.0343,0.0340,APPROACH,0
73.482,0.0338,0.0340,APPROACH,0
73.516,0.0344,0.0340,APPROACH,0
73.551,0.0345,0.0340,APPROACH,0
73.585,0.0343,0.0340,APPROACH,0
73.620,0.0343,0.0340,APPROACH,0
73.654,0.0341,0.0340,APPROACH,0
73.688,0.0346,0.0340,APPROACH,0
73.722,0.0337,0.0340,APPROACH,0
73.756,0.0340,0.0340,APPROACH,0
73.790,0.0340,0.0340,APPROACH,0
73.825,0.0344,0.0340,APPROACH,0
73.859,0.0343,0.0340,APPROACH,0
73.893,0.0338,0.0340,APPROACH,0
73.927,0.0340,0.0340,APPROACH,0
73.961,0.0341,0.0340,APPROACH,0
73.995,0.0344,0.0340,APPROACH,0
74.029,0.0341,0.0340,APPROACH,0
74.063,0.0340,0.0340,APPROACH,0
74.098,0.0346,0.0340,APPROACH,0
74.133,0.0348,0.0340,APPROACH,0
74.167,0.0348,0.0340,APPROACH,0
74.201,0.0338,0.0340,APPROACH,0
74.235,0.0341,0.0340,APPROACH,0
74.269,0.0339,0.0340,APPROACH,0
74.304,0.0344,0.0340,APPROACH,0
74.338,0.0343,0.0340,APPROACH,0
74.372,0.0342,0.0340,APPROACH,0
74.406,0.0343,0.0340,APPROACH,0
74.440,0.0340,0.0340,APPROACH,0
74.474,0.0341,0.0340,APPROACH,0
74.509,0.0342,0.0340,APPROACH,0
74.543,0.0342,0.0340,APPROACH,0
74.577,0.0342,0.0340,APPROACH,0
74.612,0.0347,0.0340,APPROACH,0
74.646,0.0343,0.0340,APPROACH,0
74.680,0.0342,0.0340,APPROACH,0
74.714,0.0342,0.0340,APPROACH,0
74.749,0.0341,0.0340,APPROACH,0
74.782,0.0339,0.0340,APPROACH,0
74.817,0.0344,0.0340,APPROACH,0
74.851,0.0343,0.0340,APPROACH,0
74.885,0.0339,0.0340,APPROACH,0
74.919,0.0341,0.0340,APPROACH,0
74.953,0.0341,0.0340,APPROACH,0
74.987,0.0341,0.0340,BLIND_DASH,0
75.022,0.0344,0.0340,BLIND_DASH,0
75.057,0.0349,0.0340,BLIND_DASH,0
75.091,0.0342,0.0340,BLIND_DASH,0
75.125,0.0343,0.0340,BLIND_DASH,0
75.159,0.0342,0.0340,BLIND_DASH,0
75.194,0.0342,0.0340,BLIND_DASH,0
75.228,0.0341,0.0340,BLIND_DASH,0
75.262,0.0342,0.0340,BLIND_DASH,0
75.296,0.0344,0.0340,BLIND_DASH,0
75.330,0.0338,0.0340,BLIND_DASH,0
75.364,0.0341,0.0340,BLIND_DASH,0
75.399,0.0347,0.0340,BLIND_DASH,0
75.433,0.0340,0.0340,BLIND_DASH,0
75.467,0.0342,0.0340,BLIND_DASH,0
75.502,0.0346,0.0340,BLIND_DASH,0
75.536,0.0338,0.0340,BLIND_DASH,0
75.570,0.0343,0.0340,BLIND_DASH,0
75.604,0.0344,0.0340,BLIND_DASH,0
75.639,0.0343,0.0340,BLIND_DASH,0
75.673,0.0344,0.0340,BLIND_DASH,0
75.707,0.0339,0.0340,BLIND_DASH,0
75.741,0.0344,0.0340,BLIND_DASH,0
75.776,0.0342,0.0340,BLIND_DASH,0
75.810,0.0340,0.0340,BLIND_DASH,0
75.844,0.0343,0.0340,BLIND_DASH,0
75.878,0.0339,0.0340,BLIND_DASH,0
75.912,0.0341,0.0340,BLIND_DASH,0
75.946,0.0342,0.0340,BLIND_DASH,0
75.980,0.0341,0.0340,BLIND_DASH,0
76.014,0.0342,0.0340,BLIND_DASH,0
76.048,0.0340,0.0340,BLIND_DASH,0
76.082,0.0342,0.0340,BLIND_DASH,0
76.116,0.0339,0.0340,BLIND_DASH,0
76.151,0.0342,0.0340,BLIND_DASH,0
76.185,0.0342,0.0340,PATROL,0
76.219,0.0340,0.0340,PATROL,0
76.253,0.0339,0.0340,PATROL,0
76.287,0.0342,0.0340,PATROL,0
76.321,0.0340,0.0340,PATROL,0
76.355,0.0342,0.0340,PATROL,0
76.390,0.0345,0.0340,PATROL,0
76.423,0.0339,0.0340,PATROL,0
76.459,0.0353,0.0340,PATROL,0
76.493,0.0343,0.0340,PATROL,0
76.528,0.0350,0.0340,PATROL,0
76.563,0.0346,0.0340,PATROL,0
76.597,0.0341,0.0340,PATROL,0
76.631,0.0345,0.0340,PATROL,0
76.665,0.0340,0.0340,PATROL,0
76.699,0.0339,0.0340,PATROL,0
76.734,0.0345,0.0340,PATROL,0
76.768,0.0345,0.0340,PATROL,0
76.802,0.0342,0.0340,PATROL,0
76.837,0.0342,0.0340,PATROL,0
76.871,0.0340,0.0340,PATROL,0
76.905,0.0341,0.0340,PATROL,0
76.939,0.0341,0.0340,PATROL,0
76.973,0.0339,0.0340,PATROL,0
77.007,0.0348,0.0340,PATROL,0
77.042,0.0344,0.0340,PATROL,0
77.076,0.0339,0.0340,PATROL,0
77.110,0.0343,0.0340,PATROL,0
77.145,0.0345,0.0340,PATROL,0
77.179,0.0346,0.0340,PATROL,0
77.214,0.0344,0.0340,PATROL,0
77.247,0.0339,0.0340,PATROL,0
77.281,0.0340,0.0340,PATROL,0
77.316,0.0344,0.0340,PATROL,0
77.350,0.0345,0.0340,PATROL,0
77.384,0.0339,0.0340,PATROL,0
77.418,0.0341,0.0340,PATROL,0
77.453,0.0345,0.0340,PATROL,0
77.487,0.0343,0.0340,PATROL,0
77.521,0.0342,0.0340,PATROL,0
77.555,0.0343,0.0340,PATROL,0
77.590,0.0341,0.0340,PATROL,0
77.624,0.0344,0.0340,PATROL,0
77.658,0.0342,0.0340,PATROL,0
77.693,0.0346,0.0340,PATROL,0
77.727,0.0338,0.0340,PATROL,0
77.761,0.0345,0.0340,PATROL,0
77.796,0.0345,0.0340,PATROL,0
77.830,0.0343,0.0340,PATROL,0
77.864,0.0340,0.0340,PATROL,0
77.898,0.0343,0.0340,PATROL,0
77.932,0.0338,0.0340,PATROL,0
77.967,0.0350,0.0340,PATROL,0
78.001,0.0341,0.0340,PATROL,0
78.035,0.0339,0.0340,PATROL,0
78.069,0.0346,0.0340,PATROL,0
78.104,0.0342,0.0340,PATROL,0
78.138,0.0340,0.0340,PATROL,0
78.172,0.0344,0.0340,PATROL,0
78.206,0.0341,0.0340,PATROL,0
78.241,0.0344,0.0340,PATROL,0
78.274,0.0339,0.0340,PATROL,0
78.309,0.0342,0.0340,PATROL,0
78.343,0.0343,0.0340,PATROL,0
78.377,0.0341,0.0340,PATROL,0
78.411,0.0340,0.0340,PATROL,0
78.445,0.0342,0.0340,PATROL,0
78.479,0.0341,0.0340,PATROL,0
78.513,0.0340,0.0340,PATROL,0
78.548,0.0345,0.0340,PATROL,0
78.582,0.0345,0.0340,PATROL,0
78.617,0.0348,0.0340,PATROL,0
78.651,0.0337,0.0340,PATROL,0
78.686,0.0347,0.0340,PATROL,0
78.719,0.0339,0.0340,PATROL,0
78.754,0.0346,0.0340,PATROL,0
78.788,0.0340,0.0340,PATROL,0
78.822,0.0342,0.0340,PATROL,0
78.856,0.0341,0.0340,PATROL,0
78.891,0.0342,0.0340,PATROL,0
78.925,0.0342,0.0340,PATROL,0
78.959,0.0347,0.0340,PATROL,0
78.994,0.0341,0.0340,PATROL,0
79.028,0.0343,0.0340,PATROL,0
79.062,0.0341,0.0340,PATROL,0
79.096,0.0341,0.0340,PATROL,0
79.130,0.0342,0.0340,PATROL,0
79.165,0.0343,0.0340,PATROL,0
79.199,0.0342,0.0340,PATROL,0
79.233,0.0341,0.0340,PATROL,0
79.267,0.0341,0.0340,PATROL,0
79.301,0.0341,0.0340,PATROL,0
79.335,0.0342,0.0340,PATROL,0
79.370,0.0347,0.0340,PATROL,0
79.404,0.0340,0.0340,PATROL,0
79.438,0.0339,0.0340,PATROL,0
79.472,0.0340,0.0340,PATROL,0
79.506,0.0343,0.0340,PATROL,0
79.541,0.0345,0.0340,PATROL,0
79.575,0.0342,0.0340,PATROL,0
79.609,0.0342,0.0340,PATROL,0
79.643,0.0341,0.0340,PATROL,0
79.678,0.0342,0.0340,PATROL,0
79.712,0.0345,0.0340,PATROL,0
79.746,0.0337,0.0340,PATROL,0
79.781,0.0347,0.0340,PATROL,0
79.814,0.0339,0.0340,PATROL,0
79.849,0.0344,0.0340,PATROL,0
79.883,0.0340,0.0340,PATROL,0
79.917,0.0339,0.0340,PATROL,0
79.951,0.0340,0.0340,PATROL,0
79.985,0.0344,0.0340,PATROL,0
80.019,0.0343,0.0340,PATROL,0
80.054,0.0342,0.0340,PATROL,0
80.087,0.0338,0.0340,PATROL,0
80.122,0.0341,0.0340,PATROL,0
80.156,0.0339,0.0340,PATROL,0
80.190,0.0340,0.0340,PATROL,0
80.224,0.0342,0.0340,PATROL,0
80.258,0.0342,0.0340,PATROL,0
80.292,0.0339,0.0340,PATROL,0
80.326,0.0342,0.0340,PATROL,0
80.360,0.0344,0.0340,PATROL,0
80.395,0.0342,0.0340,PATROL,0
80.429,0.0341,0.0340,PATROL,0
80.463,0.0341,0.0340,PATROL,0
80.497,0.0343,0.0340,PATROL,0
80.532,0.0347,0.0340,PATROL,0
80.566,0.0346,0.0340,PATROL,0
80.601,0.0347,0.0340,PATROL,0
