t,x,y,yaw,state,wp_index,cell_number,real_x,real_y,real_yaw,target_ball_guess
0.57,-9.584,-3.375,0.000,APPROACH,0,1,-9.609,-3.375,0.000,ball_3
1.07,-9.437,-3.373,0.024,APPROACH,0,1,-9.511,-3.375,0.013,ball_3
1.57,-9.290,-3.368,0.042,APPROACH,0,1,-9.353,-3.373,0.035,ball_3
2.07,-9.135,-3.360,0.060,APPROACH,0,1,-9.245,-3.369,0.047,ball_3
2.57,-8.987,-3.350,0.073,APPROACH,0,1,-9.084,-3.362,0.063,ball_3
3.07,-8.842,-3.338,0.083,APPROACH,0,1,-8.977,-3.355,0.071,ball_3
3.57,-8.684,-3.325,0.091,APPROACH,0,1,-8.815,-3.344,0.080,ball_3
4.07,-8.535,-3.311,0.097,APPROACH,0,1,-8.710,-3.335,0.084,ball_3
4.57,-8.389,-3.296,0.101,APPROACH,0,1,-8.549,-3.322,0.089,ball_3
5.07,-8.237,-3.280,0.104,APPROACH,0,1,-8.440,-3.312,0.091,ball_3
5.57,-8.093,-3.265,0.106,APPROACH,0,1,-8.273,-3.297,0.094,ball_5
6.07,-7.946,-3.249,0.108,APPROACH,0,1,-8.167,-3.287,0.095,ball_5
6.57,-7.788,-3.232,0.109,APPROACH,0,1,-8.006,-3.272,0.096,ball_5
7.07,-7.643,-3.216,0.110,APPROACH,0,1,-7.898,-3.261,0.097,ball_5
7.57,-7.495,-3.200,0.110,APPROACH,0,1,-7.737,-3.246,0.097,ball_5
8.07,-7.341,-3.183,0.110,APPROACH,0,1,-7.629,-3.235,0.098,ball_5
8.57,-7.198,-3.167,0.111,APPROACH,0,1,-7.463,-3.219,0.098,ball_5
9.07,-7.052,-3.151,0.111,APPROACH,0,1,-7.354,-3.209,0.098,ball_5
9.57,-6.894,-3.133,0.111,APPROACH,0,1,-7.193,-3.193,0.097,ball_7
10.07,-6.747,-3.117,0.110,APPROACH,0,1,-7.086,-3.182,0.097,ball_7
10.57,-6.600,-3.101,0.110,APPROACH,0,1,-6.925,-3.167,0.097,ball_7
11.07,-6.448,-3.084,0.109,APPROACH,0,1,-6.816,-3.156,0.096,ball_7
11.57,-6.307,-3.069,0.108,APPROACH,0,1,-6.648,-3.140,0.095,ball_7
12.07,-6.147,-3.052,0.106,APPROACH,0,1,-6.540,-3.130,0.093,ball_7
12.57,-6.002,-3.033,0.176,ALIGN,0,1,-6.385,-3.118,0.135,ball_4
13.07,-5.952,-3.022,0.352,ALIGN,0,1,-6.324,-3.115,0.231,ball_4
13.57,-5.952,-3.022,0.618,ALIGN,0,1,-6.349,-3.148,0.507,ball_4
14.07,-5.952,-3.022,0.790,APPROACH,0,1,-6.359,-3.169,0.660,ball_9
14.57,-5.912,-2.972,0.928,APPROACH,0,1,-6.340,-3.167,0.823,ball_9
15.07,-5.821,-2.853,0.911,APPROACH,0,1,-6.270,-3.090,0.821,ball_4
15.57,-5.729,-2.737,0.901,APPROACH,0,1,-6.160,-2.972,0.810,ball_4
16.07,-5.631,-2.614,0.892,APPROACH,0,1,-6.085,-2.893,0.803,ball_4
16.57,-5.538,-2.500,0.882,APPROACH,0,1,-5.971,-2.775,0.792,ball_4
17.07,-5.440,-2.382,0.870,APPROACH,0,1,-5.893,-2.696,0.784,
17.57,-5.348,-2.275,0.855,PATROL,0,1,-5.773,-2.575,0.769,
18.07,-5.327,-2.251,0.977,PATROL,0,1,-5.738,-2.543,0.782,
18.57,-5.327,-2.251,1.234,PATROL,0,1,-5.742,-2.585,1.064,
19.07,-5.327,-2.251,1.493,PATROL,0,1,-5.738,-2.614,1.254,
19.57,-5.327,-2.251,1.756,PATROL,0,1,-5.722,-2.654,1.542,
20.07,-5.329,-2.245,2.028,PATROL,0,1,-5.705,-2.677,1.737,
20.57,-5.349,-2.217,2.281,PATROL,0,1,-5.681,-2.678,2.042,
21.07,-5.406,-2.170,2.568,PATROL,0,1,-5.678,-2.655,2.231,
21.57,-5.497,-2.128,2.835,PATROL,0,1,-5.707,-2.597,2.524,
22.07,-5.628,-2.108,3.093,PATROL,0,1,-5.754,-2.552,2.722,
22.57,-5.790,-2.116,3.258,PATROL,0,1,-5.882,-2.496,2.930,
23.07,-5.972,-2.147,3.349,PATROL,0,1,-5.996,-2.471,3.004,
23.57,-6.158,-2.192,3.399,PATROL,0,1,-6.195,-2.446,3.071,
24.07,-6.341,-2.244,3.429,PATROL,0,1,-6.327,-2.436,3.096,
24.57,-6.525,-2.300,3.447,PATROL,0,1,-6.534,-2.428,3.117,
25.07,-6.713,-2.361,3.459,PATROL,0,1,-6.670,-2.425,3.125,
25.57,-6.897,-2.422,3.466,PATROL,0,1,-6.882,-2.422,3.131,
26.07,-7.093,-2.489,3.470,PATROL,0,1,-7.024,-2.421,3.133,
26.57,-7.276,-2.551,3.473,PATROL,0,1,-7.244,-2.420,3.135,
27.07,-7.461,-2.615,3.474,PATROL,0,1,-7.385,-2.419,3.135,
27.57,-7.645,-2.679,3.475,PATROL,0,1,-7.602,-2.417,3.135,
28.07,-7.846,-2.748,3.476,PATROL,0,1,-7.746,-2.417,3.135,
28.57,-8.034,-2.814,3.476,PATROL,0,1,-7.957,-2.415,3.135,
29.07,-8.213,-2.876,3.476,PATROL,0,1,-8.101,-2.414,3.135,
29.57,-8.405,-2.942,3.476,PATROL,0,1,-8.326,-2.413,3.135,
30.07,-8.589,-3.007,3.477,PATROL,0,1,-8.471,-2.412,3.135,
30.57,-8.775,-3.072,3.479,PATROL,0,1,-8.684,-2.411,3.136,
31.07,-8.973,-3.141,3.480,PATROL,0,1,-8.828,-2.410,3.136,
31.57,-9.157,-3.206,3.480,PATROL,0,1,-9.043,-2.409,3.137,
32.07,-9.350,-3.274,3.483,PATROL,1,2,-9.188,-2.408,3.138,
32.57,-9.448,-3.311,3.570,PATROL,1,2,-9.351,-2.405,-3.089,
33.07,-9.449,-3.312,3.826,PATROL,1,2,-9.336,-2.389,-2.923,
33.57,-9.449,-3.312,4.083,PATROL,1,2,-9.309,-2.355,-2.634,
34.07,-9.449,-3.312,4.360,PATROL,1,2,-9.297,-2.328,-2.442,
34.57,-9.449,-3.312,4.620,PATROL,1,2,-9.289,-2.286,-2.158,
35.07,-9.448,-3.317,4.868,PATROL,1,2,-9.291,-2.257,-1.962,
35.57,-9.437,-3.350,5.141,PATROL,1,2,-9.311,-2.242,-1.658,
36.07,-9.400,-3.406,5.410,PATROL,1,2,-9.325,-2.258,-1.465,
36.57,-9.322,-3.474,5.695,PATROL,1,2,-9.332,-2.320,-1.173,
37.07,-9.207,-3.528,5.952,PATROL,1,2,-9.317,-2.380,-0.981,
37.57,-9.056,-3.562,6.138,PATROL,1,2,-9.244,-2.490,-0.743,
38.07,-8.875,-3.577,6.249,PATROL,1,2,-9.163,-2.567,-0.653,
38.57,-8.699,-3.576,6.309,PATROL,1,2,-9.006,-2.684,-0.569,
39.07,-8.499,-3.566,6.350,PATROL,1,2,-8.894,-2.755,-0.537,
39.57,-8.308,-3.551,6.374,PATROL,1,2,-8.718,-2.858,-0.506,
40.07,-8.114,-3.532,6.389,PATROL,1,2,-8.598,-2.925,-0.494,
40.57,-7.922,-3.510,6.398,PATROL,1,2,-8.412,-3.024,-0.482,
41.07,-7.719,-3.486,6.405,PATROL,1,2,-8.284,-3.091,-0.477,
41.57,-7.517,-3.461,6.409,PATROL,1,2,-8.087,-3.192,-0.471,
42.07,-7.323,-3.436,6.413,PATROL,1,2,-7.959,-3.257,-0.468,
42.57,-7.130,-3.411,6.416,PATROL,2,3,-7.768,-3.353,-0.465,
43.07,-6.947,-3.388,6.384,PATROL,2,3,-7.644,-3.414,-0.475,
43.57,-6.760,-3.374,6.340,PATROL,2,3,-7.461,-3.510,-0.529,
44.07,-6.560,-3.366,6.312,PATROL,2,3,-7.337,-3.582,-0.551,
44.57,-6.359,-3.362,6.297,PATROL,2,3,-7.148,-3.699,-0.570,
45.07,-6.164,-3.360,6.287,PATROL,2,3,-7.028,-3.776,-0.578,
45.57,-5.967,-3.360,6.282,PATROL,2,3,-6.849,-3.893,-0.584,
46.07,-5.773,-3.360,6.279,PATROL,2,3,-6.729,-3.972,-0.586,
46.57,-5.562,-3.362,6.277,PATROL,2,3,-6.549,-4.091,-0.589,
47.07,-5.372,-3.363,6.275,PATROL,2,3,-6.428,-4.172,-0.589,
47.57,-5.167,-3.365,6.275,PATROL,2,3,-6.240,-4.297,-0.590,
48.07,-4.972,-3.366,6.274,PATROL,2,3,-6.122,-4.376,-0.590,
48.57,-4.776,-3.368,6.274,PATROL,2,3,-5.941,-4.497,-0.590,
49.07,-4.577,-3.370,6.273,PATROL,2,3,-5.824,-4.576,-0.590,
49.57,-4.364,-3.372,6.273,PATROL,3,4,-5.646,-4.695,-0.590,
50.07,-4.174,-3.374,6.277,PATROL,3,4,-5.525,-4.775,-0.588,
50.57,-3.971,-3.375,6.280,PATROL,3,4,-5.338,-4.900,-0.584,
51.07,-3.772,-3.375,6.281,PATROL,3,4,-5.220,-4.978,-0.582,
51.57,-3.577,-3.375,6.282,PATROL,3,4,-5.041,-5.096,-0.581,
52.07,-3.366,-3.377,6.241,PATROL,3,4,-4.920,-5.175,-0.580,
52.57,-3.197,-3.417,5.922,PATROL,3,4,-4.784,-5.261,-0.875,
