frame,time,conf,cx,cy,box_w,box_h,ball_pixel,z_cm,x_cm,y_cm,dist_cm,bearing_deg,smooth_z_cm,smooth_x_cm,smooth_dist_cm,smooth_bearing_deg
2,4.754,0.6733,415.39,347.14,47.66,29.35,37.40,89.57,28.55,27.79,94.01,17.68,89.57,28.55,94.01,17.68
3,4.852,0.6558,414.13,346.32,49.12,28.79,37.61,89.08,28.17,27.49,93.43,17.55,89.40,28.42,93.81,17.64
4,4.942,0.7118,413.31,345.25,49.37,28.87,37.75,88.74,27.92,27.20,93.03,17.46,89.17,28.25,93.54,17.58
5,5.025,0.6804,412.92,343.31,50.65,30.82,39.51,84.78,26.61,25.66,88.86,17.42,87.63,27.67,91.90,17.52
6,5.111,0.9033,368.27,277.15,54.33,41.48,47.47,70.56,15.84,12.02,72.32,12.66,81.66,23.53,85.05,15.82
7,5.192,0.9108,370.06,272.96,52.64,39.93,45.85,73.07,16.67,11.83,74.94,12.85,78.65,21.13,81.51,14.78
8,5.272,0.9219,374.31,262.87,53.82,37.30,44.80,74.77,17.69,10.60,76.84,13.31,77.29,19.93,79.87,14.27
9,5.352,0.8956,371.05,246.54,52.31,35.62,43.17,77.61,17.86,8.47,79.63,12.96,77.40,19.20,79.79,13.81
10,5.431,0.9215,362.47,210.25,52.72,30.37,40.02,83.72,17.83,3.06,85.60,12.02,79.61,18.72,81.82,13.18
11,5.511,0.8454,330.38,177.14,51.09,28.81,38.36,87.32,12.99,-2.59,88.28,8.46,82.31,16.72,84.08,11.53
12,5.593,0.5298,308.20,217.76,49.90,42.57,46.09,72.68,7.59,3.74,73.07,5.96,78.94,13.52,80.23,9.58
16,5.926,0.4426,488.17,165.53,45.66,64.37,54.22,61.79,28.69,-3.27,68.13,24.91,72.94,18.83,75.99,14.95
21,6.340,0.8417,134.72,204.60,108.22,118.81,113.39,29.54,-7.17,0.74,30.40,-13.63,57.75,9.73,60.04,4.94
22,6.421,0.8282,137.96,183.62,95.79,120.16,107.28,31.23,-7.37,-0.52,32.08,-13.28,48.47,3.75,50.25,-1.44
23,6.504,0.7591,142.42,188.06,118.30,120.51,119.40,28.06,-6.37,-0.22,28.77,-12.80,41.32,0.20,42.73,-5.41
24,6.585,0.7643,155.38,178.82,116.75,126.20,121.38,27.60,-5.55,-0.73,28.15,-11.38,36.52,-1.81,37.63,-7.50
25,6.667,0.8088,163.60,164.45,113.53,126.00,119.60,28.01,-5.18,-1.54,28.48,-10.47,33.54,-2.99,34.43,-8.54
26,6.746,0.8170,154.51,158.49,116.57,122.17,119.34,28.07,-5.70,-1.88,28.64,-11.47,31.63,-3.94,32.40,-9.57
27,6.824,0.7787,149.75,147.86,120.28,124.28,122.26,27.40,-5.82,-2.42,28.01,-12.00,30.15,-4.60,30.87,-10.42
28,6.903,0.8094,132.95,145.98,111.25,128.45,119.54,28.02,-6.90,-2.58,28.86,-13.83,29.40,-5.40,30.16,-11.61
29,6.983,0.6969,121.15,143.82,107.22,122.99,114.84,29.17,-7.87,-2.81,30.21,-15.09,29.32,-6.26,30.18,-12.83
31,7.140,0.6592,118.37,145.06,105.80,121.97,113.60,29.49,-8.12,-2.77,30.59,-15.39,29.38,-6.91,30.32,-13.73
32,7.219,0.7289,114.70,153.21,108.92,122.75,115.63,28.97,-8.19,-2.25,30.11,-15.78,29.24,-7.36,30.25,-14.44
33,7.298,0.4243,114.67,145.58,114.70,122.67,118.62,28.24,-7.98,-2.62,29.35,-15.78,28.89,-7.58,29.93,-14.91
34,7.377,0.7326,101.69,147.48,107.29,117.88,112.46,29.79,-9.19,-2.65,31.18,-17.15,29.20,-8.14,30.37,-15.70
36,7.539,0.4823,115.96,131.01,100.92,123.47,111.63,30.01,-8.41,-3.66,31.17,-15.65,29.49,-8.23,30.65,-15.68
37,7.619,0.5520,130.85,142.58,114.90,130.84,122.61,27.32,-6.84,-2.70,28.17,-14.05,28.73,-7.75,29.78,-15.11
38,7.699,0.5953,128.82,147.36,107.46,118.86,113.02,29.64,-7.54,-2.65,30.59,-14.27,29.05,-7.67,30.06,-14.82
39,7.778,0.5575,129.42,147.84,107.72,117.89,112.69,29.73,-7.53,-2.63,30.67,-14.21,29.29,-7.62,30.27,-14.60
40,7.859,0.4242,131.94,153.65,108.44,118.89,113.54,29.50,-7.32,-2.26,30.40,-13.94,29.36,-7.52,30.32,-14.37
49,8.581,0.4716,178.69,203.74,85.41,100.25,92.53,36.20,-5.60,0.85,36.63,-8.79,31.76,-6.84,32.53,-12.42
87,11.595,0.4591,504.83,235.36,12.35,26.12,17.96,186.55,92.83,16.18,208.37,26.46,85.93,28.04,94.07,1.19
88,11.677,0.8624,498.54,217.48,24.92,46.25,33.95,98.69,47.87,5.03,109.69,25.88,90.40,34.98,99.54,9.83
89,11.756,0.9091,495.30,230.17,31.40,54.05,41.19,81.33,38.92,6.21,90.16,25.58,87.22,36.36,96.25,15.34
90,11.836,0.9426,483.63,266.99,54.73,54.83,54.78,61.15,27.84,9.17,67.19,24.48,78.10,33.38,86.08,18.54
91,11.917,0.9397,471.07,291.91,59.80,56.84,58.30,57.46,24.72,11.48,62.55,23.27,70.87,30.35,77.85,20.20
92,11.999,0.9091,490.07,298.33,41.86,52.25,46.77,71.63,33.53,15.23,79.09,25.09,71.14,31.46,78.28,21.91
93,12.080,0.9076,487.69,310.21,46.61,53.45,49.91,67.12,31.10,15.87,73.97,24.86,69.73,31.34,76.77,22.94
94,12.161,0.9339,474.24,325.29,61.46,55.74,58.53,57.23,24.98,15.26,62.45,23.58,65.36,29.11,71.76,23.17
95,12.241,0.9062,449.73,334.18,59.89,58.63,59.26,56.53,21.90,16.08,60.63,21.18,62.27,26.59,67.86,22.47
96,12.321,0.9281,414.44,337.56,59.05,57.18,58.11,57.65,18.27,16.78,60.48,17.58,60.65,23.68,65.28,20.76
97,12.401,0.9127,414.39,328.32,58.97,56.62,57.78,57.98,18.37,15.81,60.82,17.58,59.72,21.82,63.72,19.65
98,12.479,0.9524,397.43,332.87,58.82,52.34,55.48,60.38,17.08,17.01,62.75,15.79,59.95,20.16,63.38,18.30
99,12.558,0.9466,385.18,331.46,59.07,47.61,53.03,63.17,16.32,17.62,65.24,14.49,61.08,18.82,64.03,16.96
100,12.635,0.9430,386.40,332.26,60.47,43.91,51.53,65.01,16.95,18.24,67.19,14.62,62.45,18.16,65.13,16.14
101,12.715,0.9257,384.68,330.96,59.27,42.33,50.09,66.88,17.21,18.59,69.06,14.43,64.00,17.83,66.51,15.54
102,12.796,0.9132,368.69,322.20,58.86,39.07,47.95,69.86,15.75,18.19,71.61,12.70,66.05,17.10,68.30,14.55
103,12.875,0.9378,361.94,321.44,58.37,40.83,48.82,68.62,14.54,17.77,70.15,11.96,66.95,16.20,68.94,13.64
104,12.953,0.9404,345.24,320.32,57.70,41.74,49.07,68.27,12.18,17.52,69.35,10.12,67.41,14.80,69.08,12.41
105,13.031,0.9209,332.01,318.97,57.93,40.89,48.67,68.83,10.46,17.48,69.62,8.64,67.91,13.28,69.27,11.09
106,13.110,0.8967,310.70,320.50,56.50,41.83,48.62,68.91,7.54,17.71,69.32,6.24,68.26,11.27,69.29,9.39
107,13.188,0.8932,286.41,318.98,57.87,44.29,50.63,66.17,4.02,16.80,66.29,3.48,67.53,8.73,68.24,7.32
108,13.268,0.9456,271.42,320.87,58.10,48.27,52.96,63.26,1.95,16.30,63.29,1.77,66.03,6.36,66.51,5.38
109,13.353,0.9483,260.51,323.32,56.54,51.59,54.01,62.03,0.56,16.29,62.03,0.52,64.63,4.33,64.94,3.68
110,13.435,0.9358,259.66,335.07,56.97,58.08,57.52,58.24,0.43,16.66,58.24,0.42,62.39,2.96,62.59,2.54
111,13.519,0.9457,259.29,342.35,58.06,60.62,59.33,56.46,0.37,16.98,56.47,0.38,60.32,2.06,60.45,1.78
112,13.601,0.9203,255.62,347.99,58.37,61.48,59.90,55.92,-0.04,17.45,55.92,-0.04,58.78,1.32,58.86,1.14
113,13.681,0.9335,253.96,355.34,60.23,55.32,57.72,58.04,-0.24,18.96,58.04,-0.23,58.52,0.78,58.58,0.66
114,13.761,0.9353,258.67,348.26,60.52,60.58,60.55,55.33,0.30,17.29,55.33,0.31,57.40,0.61,57.44,0.54
115,13.839,0.9366,261.83,324.49,61.27,61.14,61.20,54.74,0.64,14.50,54.74,0.67,56.47,0.62,56.49,0.58
116,13.919,0.9331,266.48,313.24,61.79,60.98,61.38,54.58,1.14,13.23,54.59,1.20,55.81,0.80,55.83,0.80
117,14.000,0.9436,278.35,308.43,63.38,63.15,63.27,52.95,2.37,12.33,53.00,2.56,54.81,1.35,54.84,1.42
118,14.080,0.9422,286.82,291.73,63.82,42.00,51.78,64.70,3.99,12.91,64.82,3.53,58.27,2.27,58.33,2.15
119,14.159,0.8874,293.14,293.43,63.40,36.85,48.34,69.30,5.15,14.06,69.49,4.25,62.13,3.28,62.24,2.89
120,14.238,0.8957,284.81,284.00,64.55,38.02,49.54,67.62,3.90,12.44,67.73,3.30,64.05,3.50,64.16,3.03
121,14.317,0.9336,275.19,290.03,65.71,55.11,60.18,55.67,2.14,10.91,55.71,2.20,61.12,3.02,61.20,2.74
122,14.397,0.8910,261.37,310.06,63.54,47.10,54.71,61.24,0.66,14.46,61.24,0.62,61.16,2.19,61.22,2.00
123,14.477,0.5783,247.01,309.34,55.94,34.53,43.95,76.23,-1.37,17.89,76.24,-1.03,66.43,0.95,66.47,0.94
124,14.557,0.5131,236.20,310.35,59.88,37.36,47.30,70.82,-2.80,16.76,70.88,-2.27,67.97,-0.37,68.02,-0.18
125,14.635,0.8070,221.19,305.01,63.28,43.61,52.53,63.77,-4.44,14.41,63.92,-3.98,66.50,-1.79,66.58,-1.51
126,14.717,0.8682,214.51,307.88,65.02,49.58,56.78,59.00,-4.90,13.67,59.21,-4.74,63.88,-2.88,64.00,-2.64
127,14.796,0.8043,221.72,290.79,64.35,38.73,49.92,67.10,-4.60,13.26,67.26,-3.92,65.01,-3.48,65.14,-3.09
131,15.107,0.4486,251.35,234.62,54.18,18.49,31.65,105.83,-0.98,9.02,105.84,-0.53,79.29,-2.61,79.38,-2.20
135,15.419,0.9097,244.50,204.70,64.59,53.04,58.53,57.24,-1.32,1.45,57.25,-1.32,71.57,-2.16,71.64,-1.89
136,15.498,0.9305,267.04,208.32,62.75,63.66,63.21,53.00,1.17,1.73,53.01,1.27,65.07,-0.99,65.12,-0.78
137,15.576,0.9317,268.21,238.59,62.73,63.35,63.04,53.14,1.30,4.95,53.16,1.40,60.90,-0.19,60.93,-0.02
138,15.655,0.9090,271.08,247.09,62.33,63.94,63.13,53.07,1.60,5.85,53.09,1.73,58.16,0.44,58.19,0.59
139,15.735,0.9309,273.39,260.65,62.09,62.21,62.15,53.90,1.87,7.40,53.93,1.99,56.67,0.94,56.70,1.08
140,15.815,0.9458,289.97,241.48,61.88,60.37,61.12,54.81,3.72,5.42,54.93,3.89,56.02,1.91,56.08,2.06
141,15.896,0.9220,316.51,245.27,60.77,62.73,61.74,54.26,6.57,5.78,54.66,6.90,55.40,3.54,55.58,3.76
142,15.977,0.9147,332.24,279.53,62.17,63.69,62.93,53.24,8.12,9.32,53.85,8.67,54.64,5.14,54.98,5.48
143,16.056,0.9382,352.16,289.91,60.69,62.40,61.54,54.44,10.47,10.66,55.43,10.89,54.57,7.01,55.14,7.37
144,16.136,0.9294,379.94,299.49,61.90,59.51,60.69,55.20,13.68,11.87,56.87,13.92,54.79,9.34,55.74,9.66
145,16.215,0.9282,412.89,289.81,62.43,58.37,60.37,55.49,17.41,10.86,58.16,17.42,55.04,12.17,56.59,12.38
146,16.293,0.9401,471.82,288.60,62.24,58.78,60.48,55.39,23.91,10.70,60.33,23.35,55.16,16.28,57.90,16.22
150,16.607,0.7796,501.41,365.18,19.18,35.64,26.15,128.12,62.89,44.38,142.73,26.14,80.70,32.59,87.59,19.69
151,16.686,0.9220,477.33,360.05,66.47,45.91,55.24,60.64,26.84,20.38,66.32,23.88,73.68,30.58,80.14,21.16
152,16.767,0.9372,424.90,341.77,65.61,62.04,63.80,52.50,17.74,15.73,55.42,18.66,66.27,26.08,71.49,20.28
153,16.846,0.9411,405.74,319.92,65.02,61.39,63.18,53.02,15.88,13.57,55.35,16.67,61.63,22.51,65.84,19.02
154,16.925,0.9272,371.77,299.64,64.28,63.26,63.77,52.54,12.16,11.31,53.93,13.04,58.45,18.89,61.67,16.93
155,17.003,0.9251,355.34,307.17,65.13,64.96,65.05,51.50,10.23,11.86,52.51,11.24,56.02,15.86,58.46,14.93
156,17.083,0.9424,342.40,303.88,64.99,65.21,65.10,51.46,8.89,11.51,52.22,9.80,54.42,13.42,56.28,13.14
157,17.161,0.9211,349.71,313.32,65.74,65.11,65.42,51.21,9.60,12.42,52.10,10.62,53.30,12.08,54.82,12.26
158,17.240,0.9288,363.41,315.64,66.86,65.56,66.21,50.60,10.87,12.51,51.75,12.12,52.35,11.66,53.74,12.21
159,17.318,0.9269,395.45,339.65,70.76,72.02,71.39,46.92,13.09,13.86,48.72,15.58,50.45,12.16,51.98,13.39
160,17.396,0.9320,404.16,329.25,70.40,66.01,68.17,49.14,14.56,13.49,51.26,16.51,49.99,13.00,51.73,14.48
161,17.476,0.9197,400.45,319.93,71.20,69.49,70.34,47.62,13.76,12.18,49.57,16.11,49.17,13.27,50.97,15.05
162,17.558,0.9260,400.70,328.60,71.06,68.61,69.82,47.98,13.88,13.11,49.95,16.14,48.75,13.48,50.62,15.43
163,17.636,0.9324,379.55,318.13,69.73,66.74,68.22,49.11,12.13,12.39,50.58,13.88,48.87,13.01,50.60,14.89
164,17.717,0.9236,384.16,304.47,70.80,65.12,67.90,49.34,12.65,11.10,50.93,14.38,49.04,12.88,50.72,14.71
165,17.797,0.9290,382.38,299.90,69.18,67.57,68.37,49.00,12.38,10.57,50.54,14.18,49.02,12.71,50.66,14.53
166,17.876,0.9588,379.76,326.71,69.89,70.46,70.17,47.74,11.82,12.86,49.18,13.90,48.57,12.40,50.14,14.31
167,17.955,0.9238,383.68,348.97,70.20,67.40,68.78,48.70,12.44,15.29,50.27,14.32,48.62,12.41,50.18,14.31
168,18.034,0.9432,378.89,353.61,70.55,58.78,64.39,52.02,12.79,16.82,53.57,13.81,49.81,12.54,51.37,14.14
169,18.113,0.8901,374.09,353.12,72.04,47.61,58.57,57.20,13.51,18.43,58.77,13.29,52.40,12.88,53.96,13.84
170,18.192,0.7387,367.10,330.64,57.47,17.73,31.92,104.94,23.32,29.10,107.49,12.53,70.79,16.53,72.70,13.38
171,18.270,0.4335,369.82,362.22,73.29,36.15,51.47,65.08,14.82,22.16,66.75,12.82,68.79,15.93,70.62,13.19
172,18.351,0.7712,372.08,351.59,71.40,48.28,58.71,57.06,13.25,18.21,58.57,13.07,64.68,14.99,66.40,13.15
173,18.430,0.5504,369.43,356.48,72.20,41.82,54.95,60.96,13.83,20.05,62.51,12.78,63.38,14.59,65.04,13.02
178,18.824,0.6324,285.83,363.03,25.66,39.94,32.01,104.64,6.24,35.79,104.83,3.41,77.82,11.67,78.97,9.66
179,18.902,0.6911,285.29,352.18,24.10,61.65,38.55,86.90,5.09,27.84,87.05,3.35,81.00,9.36,81.80,7.45
195,20.146,0.4896,73.17,145.45,82.81,88.23,85.48,39.19,-14.33,-3.65,41.73,-20.09,66.37,1.07,67.77,-2.19
196,20.223,0.4645,68.89,160.56,89.41,85.84,87.61,38.24,-14.31,-2.40,40.83,-20.52,56.52,-4.31,58.34,-8.60
198,20.379,0.4111,85.82,167.87,79.95,98.70,88.83,37.71,-12.84,-1.82,39.84,-18.80,49.94,-7.30,51.86,-12.17
200,20.536,0.5370,83.49,183.17,84.43,106.17,94.68,35.38,-12.21,-0.63,37.43,-19.04,44.84,-9.01,46.81,-14.57
203,20.777,0.4877,107.07,203.45,82.47,96.66,89.28,37.52,-11.18,0.86,39.15,-16.59,42.28,-9.77,44.13,-15.28
204,20.856,0.4472,108.91,183.51,85.66,94.75,90.09,37.18,-10.94,-0.63,38.76,-16.39,40.50,-10.18,42.25,-15.67
205,20.935,0.6153,100.99,192.35,90.97,99.70,95.23,35.18,-10.91,0.02,36.83,-17.22,38.63,-10.43,40.35,-16.21
207,21.095,0.5747,102.56,201.64,88.42,96.01,92.14,36.36,-11.16,0.70,38.03,-17.06,37.84,-10.69,39.54,-16.51
209,21.251,0.3895,258.37,218.18,13.50,12.55,13.02,257.34,1.22,13.47,257.34,0.27,114.66,-6.52,115.77,-10.64
210,21.332,0.4975,83.55,228.17,87.98,104.36,95.82,34.96,-12.06,2.53,36.98,-19.03,86.77,-8.46,88.19,-13.57
211,21.410,0.5029,75.89,184.79,86.88,92.94,89.86,37.28,-13.43,-0.54,39.63,-19.81,69.45,-10.20,71.20,-15.76
212,21.494,0.6370,326.56,373.36,18.44,19.29,18.86,177.64,25.07,64.43,179.40,8.03,107.31,2.14,109.07,-7.43
213,21.573,0.3515,241.73,161.30,13.52,12.29,12.89,259.91,-7.42,-15.96,260.02,-1.63,160.72,-1.20,161.90,-5.40
214,21.652,0.3800,73.79,141.56,88.13,109.07,98.05,34.17,-12.45,-3.45,36.37,-20.02,116.43,-5.14,117.96,-10.52
215,21.733,0.5627,77.19,150.54,90.90,110.44,100.20,33.43,-11.96,-2.77,35.51,-19.68,87.38,-7.53,89.10,-13.72
217,21.889,0.4034,108.99,123.66,89.82,93.13,91.46,36.63,-10.77,-5.01,38.18,-16.38,69.62,-8.66,71.28,-14.66
219,22.045,0.3510,314.49,107.58,14.86,10.75,12.64,265.05,31.01,-44.75,266.85,6.67,138.02,5.22,139.73,-7.19
237,23.456,0.3751,169.83,207.75,80.78,76.94,78.84,42.49,-7.32,1.34,43.12,-9.78,104.58,0.83,105.92,-8.10
322,30.117,0.4423,343.57,366.35,8.82,9.28,9.05,370.24,64.85,129.10,375.88,9.93,197.56,23.24,200.40,-1.79
338,31.369,0.4226,430.67,375.90,86.57,14.20,35.06,95.55,33.38,35.14,101.21,19.26,161.86,26.79,165.68,5.58
339,31.448,0.6756,427.89,374.32,77.61,17.37,36.71,91.25,31.37,33.27,96.49,18.97,137.14,28.39,141.47,10.27
340,31.528,0.8089,426.33,371.90,78.44,22.20,41.73,80.27,27.35,28.88,84.80,18.81,117.24,28.02,121.63,13.26
341,31.608,0.8835,420.08,368.04,75.42,29.92,47.50,70.52,23.14,24.83,74.23,18.17,100.89,26.32,105.04,14.98
342,31.692,0.9425,416.84,361.64,75.69,42.71,56.86,58.92,18.95,19.99,61.89,17.83,86.20,23.74,89.94,15.98
343,31.773,0.9422,415.19,353.82,73.96,58.35,65.69,51.00,16.24,16.50,53.52,17.66,73.88,21.11,77.19,16.57
344,31.852,0.9161,404.31,338.40,73.54,71.40,72.46,46.23,13.71,13.54,48.22,16.52,64.20,18.52,67.05,16.55
345,31.930,0.9000,403.18,333.66,73.35,71.68,72.51,46.20,13.60,13.09,48.16,16.40,57.90,16.80,60.44,16.50
346,32.010,0.9141,404.29,339.58,73.44,73.01,73.22,45.75,13.57,13.50,47.72,16.52,53.65,15.67,55.99,16.51
347,32.087,0.9218,400.82,339.04,73.62,71.83,72.72,46.07,13.34,13.55,47.96,16.15,50.99,14.85,53.18,16.38
348,32.167,0.9388,399.13,342.00,73.40,74.16,73.78,45.41,13.00,13.62,47.23,15.97,49.04,14.20,51.10,16.24
349,32.246,0.9329,400.66,342.58,73.93,74.34,74.13,45.19,13.07,13.61,47.04,16.14,47.69,13.81,49.68,16.20
350,32.326,0.8763,409.39,343.14,76.46,63.66,69.77,48.02,14.73,14.52,50.23,17.06,47.81,14.13,49.87,16.50
351,32.405,0.4015,408.27,329.23,68.57,30.93,46.05,72.75,22.15,19.97,76.05,16.94,56.54,16.94,59.03,16.65
355,32.728,0.9113,387.50,323.74,76.79,64.38,70.31,47.65,12.53,12.55,49.27,14.73,53.42,15.40,55.61,15.98
356,32.806,0.9084,384.98,333.09,76.10,85.29,80.57,41.58,10.73,11.73,42.94,14.47,49.28,13.76,51.18,15.45
357,32.885,0.9359,383.91,322.69,75.77,73.84,74.80,44.79,11.46,11.71,46.23,14.35,47.71,12.96,49.45,15.07
358,32.963,0.9270,389.61,318.01,76.48,72.58,74.50,44.97,12.02,11.33,46.54,14.96,46.75,12.63,48.43,15.03
359,33.042,0.9549,393.94,314.24,76.67,73.68,75.16,44.57,12.30,10.90,46.24,15.42,45.99,12.51,47.66,15.17
360,33.123,0.9466,398.45,316.48,76.44,73.96,75.19,44.56,12.69,11.09,46.33,15.90,45.49,12.58,47.20,15.42
361,33.204,0.9428,399.11,312.58,75.46,73.61,74.53,44.95,12.87,10.84,46.76,15.97,45.30,12.68,47.04,15.62
362,33.290,0.9362,400.32,327.84,76.36,75.08,75.71,44.25,12.77,12.02,46.05,16.10,44.93,12.71,46.70,15.79
363,33.370,0.9419,396.92,333.11,77.24,77.05,77.15,43.42,12.24,12.25,45.12,15.74,44.40,12.54,46.14,15.77
364,33.449,0.9278,394.02,338.83,76.47,76.18,76.33,43.89,12.11,12.89,45.53,15.43,44.22,12.39,45.93,15.65
365,33.528,0.9209,390.11,344.30,77.26,75.41,76.33,43.89,11.77,13.37,45.44,15.01,44.11,12.18,45.76,15.43
366,33.608,0.9227,385.75,347.78,76.31,70.43,73.31,45.69,11.86,14.24,47.21,14.55,44.66,12.06,46.27,15.12
367,33.687,0.9368,380.71,351.65,76.52,62.70,69.27,48.36,12.06,15.44,49.84,14.00,45.96,12.06,47.52,14.73
368,33.767,0.9191,387.24,352.24,77.56,61.52,69.08,48.50,12.73,15.54,50.14,14.71,46.85,12.30,48.44,14.72
369,33.847,0.9247,384.42,352.75,77.35,60.50,68.41,48.97,12.58,15.74,50.56,14.41,47.59,12.40,49.18,14.61
370,33.926,0.8826,385.69,349.77,76.89,66.47,71.49,46.86,12.16,14.79,48.41,14.54,47.33,12.31,48.91,14.59
371,34.005,0.8722,387.20,345.99,77.27,73.31,75.27,44.51,11.68,13.71,46.02,14.70,46.35,12.09,47.90,14.63
372,34.090,0.7730,393.63,341.02,67.80,67.65,67.72,49.47,13.62,14.74,51.31,15.39,47.44,12.62,49.09,14.89
374,34.247,0.8472,391.93,333.41,76.64,73.48,75.05,44.64,12.14,12.62,46.26,15.21,46.46,12.45,48.10,15.00
375,34.328,0.9396,391.05,325.92,75.73,73.91,74.82,44.78,12.09,11.99,46.38,15.11,45.87,12.33,47.50,15.04
376,34.408,0.9330,397.47,323.42,76.24,74.24,75.23,44.53,12.60,11.70,46.28,15.80,45.40,12.42,47.07,15.31
377,34.487,0.9496,395.21,315.97,75.91,72.97,74.43,45.01,12.53,11.16,46.72,15.56,45.26,12.46,46.95,15.40
378,34.565,0.9528,394.67,315.18,75.75,74.26,75.00,44.67,12.39,11.00,46.35,15.50,45.06,12.44,46.74,15.43
379,34.644,0.9313,400.26,313.71,76.04,73.05,74.53,44.95,12.97,10.94,46.78,16.09,45.02,12.62,46.75,15.66
380,34.723,0.9198,403.61,310.36,76.81,73.84,75.31,44.48,13.13,10.53,46.38,16.45,44.83,12.80,46.62,15.94
381,34.807,0.9074,402.01,317.75,75.75,74.56,75.15,44.57,13.02,11.21,46.44,16.28,44.74,12.88,46.56,16.06
382,34.892,0.9389,399.92,327.12,76.01,77.04,76.52,43.78,12.60,11.83,45.55,16.06,44.40,12.78,46.21,16.06
383,34.971,0.9162,398.49,339.62,75.97,77.50,76.73,43.66,12.44,12.89,45.40,15.91,44.14,12.66,45.92,16.00
384,35.049,0.8742,401.72,343.85,77.96,78.19,78.07,42.91,12.51,13.03,44.69,16.25,43.71,12.61,45.49,16.09
385,35.129,0.8484,399.39,336.18,74.80,73.44,74.12,45.20,12.96,13.03,47.02,16.00,44.23,12.73,46.03,16.06
386,35.208,0.9472,393.75,329.77,75.94,74.25,75.09,44.61,12.29,12.29,46.27,15.40,44.36,12.58,46.11,15.83
387,35.287,0.9247,400.78,316.97,75.78,73.24,74.50,44.96,13.02,11.24,46.81,16.15,44.57,12.73,46.36,15.94
388,35.367,0.9252,399.78,319.77,75.53,72.92,74.21,45.14,12.98,11.54,46.97,16.04,44.77,12.82,46.57,15.98
389,35.446,0.9231,399.90,320.84,75.40,73.73,74.56,44.93,12.93,11.58,46.75,16.06,44.83,12.86,46.64,16.00
390,35.525,0.9247,399.95,318.24,75.36,73.45,74.40,45.03,12.96,11.37,46.86,16.06,44.90,12.89,46.71,16.02
391,35.603,0.9134,403.23,320.25,76.52,72.71,74.59,44.91,13.22,11.52,46.82,16.41,44.90,13.01,46.75,16.16
392,35.687,0.7060,407.43,324.38,78.45,72.31,75.32,44.48,13.47,11.78,46.47,16.85,44.75,13.17,46.65,16.40
393,35.765,0.8531,410.00,323.72,76.91,74.67,75.78,44.21,13.62,11.65,46.26,17.12,44.56,13.33,46.51,16.65
394,35.843,0.9288,415.13,326.98,75.99,75.02,75.51,44.37,14.12,11.98,46.56,17.65,44.49,13.60,46.53,17.00
395,35.923,0.9310,416.31,319.69,76.30,72.99,74.63,44.89,14.39,11.46,47.14,17.78,44.63,13.88,46.74,17.27
396,36.003,0.9343,422.39,317.56,76.98,73.19,75.06,44.63,14.85,11.21,47.04,18.41,44.63,14.22,46.85,17.67
397,36.081,0.9518,408.55,316.74,76.77,72.08,74.39,45.04,13.74,11.24,47.09,16.97,44.77,14.05,46.93,17.42
398,36.159,0.9187,414.35,320.40,76.01,72.75,74.36,45.05,14.27,11.57,47.26,17.57,44.87,14.13,47.04,17.48
399,36.238,0.8938,415.24,316.74,75.19,71.83,73.49,45.58,14.52,11.37,47.84,17.67,45.12,14.26,47.32,17.54
400,36.317,0.7655,414.14,311.73,74.65,71.06,72.83,46.00,14.55,11.01,48.24,17.55,45.43,14.36,47.64,17.55
401,36.396,0.7508,408.66,310.53,79.51,70.50,74.87,44.74,13.66,10.61,46.78,16.98,45.19,14.12,47.34,17.35
402,36.480,0.5313,411.94,315.24,78.54,69.88,74.09,45.22,14.10,11.15,47.37,17.32,45.20,14.11,47.35,17.34
406,36.798,0.6934,404.36,301.42,72.90,69.46,71.16,47.08,13.97,10.30,49.11,16.53,45.86,14.06,47.97,17.05
407,36.877,0.8695,400.59,299.78,72.88,70.04,71.45,46.89,13.56,10.11,48.81,16.13,46.22,13.89,48.26,16.73
408,36.956,0.8937,394.81,289.81,74.70,68.91,71.75,46.69,12.96,9.13,48.46,15.52,46.38,13.56,48.33,16.31
409,37.036,0.9120,394.52,292.28,73.78,71.39,72.57,46.16,12.79,9.26,47.90,15.49,46.30,13.29,48.18,16.02
410,37.115,0.9209,389.82,291.26,74.16,70.63,72.38,46.29,12.39,9.19,47.92,14.98,46.30,12.98,48.09,15.66
411,37.195,0.9392,391.33,297.62,75.28,70.98,73.10,45.83,12.40,9.68,47.48,15.15,46.13,12.78,47.87,15.48
412,37.278,0.9098,391.60,307.35,76.98,72.28,74.60,44.91,12.18,10.36,46.53,15.17,45.70,12.57,47.40,15.37
413,37.357,0.9174,394.31,308.04,74.14,71.66,72.89,45.96,12.71,10.67,47.69,15.46,45.79,12.62,47.50,15.40
414,37.437,0.9315,394.40,307.88,75.48,72.16,73.80,45.39,12.56,10.52,47.10,15.47,45.65,12.60,47.36,15.43
415,37.518,0.9415,394.96,302.42,75.25,70.90,73.04,45.86,12.75,10.13,47.60,15.53,45.73,12.65,47.44,15.46
416,37.597,0.9439,393.93,301.31,75.82,71.71,73.74,45.43,12.53,9.93,47.13,15.42,45.62,12.61,47.33,15.45
417,37.677,0.9424,392.67,295.06,75.19,70.57,72.84,45.99,12.57,9.48,47.68,15.29,45.75,12.60,47.45,15.39
418,37.757,0.9357,392.09,293.81,74.45,72.25,73.34,45.68,12.43,9.30,47.34,15.23,45.73,12.54,47.41,15.33
419,37.836,0.9389,392.82,295.82,75.27,72.20,73.72,45.44,12.43,9.44,47.11,15.30,45.63,12.50,47.31,15.32
420,37.916,0.9251,395.28,307.23,74.12,73.70,73.91,45.33,12.63,10.45,47.05,15.57,45.52,12.55,47.22,15.41
421,37.995,0.9188,393.99,307.11,75.84,71.62,73.70,45.45,12.54,10.46,47.15,15.43,45.50,12.55,47.20,15.42
422,38.080,0.9428,396.51,300.31,76.02,71.69,73.83,45.38,12.75,9.83,47.14,15.70,45.46,12.62,47.17,15.51
423,38.160,0.9397,392.22,299.16,76.40,71.27,73.79,45.40,12.37,9.73,47.05,15.24,45.44,12.53,47.13,15.42
424,38.239,0.9258,391.95,304.50,77.45,72.85,75.12,44.60,12.13,10.03,46.22,15.21,45.14,12.39,46.81,15.35
425,38.319,0.9298,395.31,308.13,74.81,72.75,73.78,45.41,12.65,10.55,47.14,15.57,45.24,12.48,46.93,15.42
426,38.399,0.9489,393.25,310.42,75.89,72.86,74.36,45.05,12.37,10.67,46.72,15.35,45.17,12.44,46.85,15.40
427,38.479,0.9365,392.14,307.27,75.23,72.26,73.73,45.43,12.37,10.47,47.09,15.23,45.26,12.42,46.94,15.34
428,38.558,0.9241,391.76,306.66,74.85,72.05,73.44,45.62,12.39,10.46,47.27,15.19,45.39,12.41,47.05,15.29
429,38.636,0.9224,392.44,305.39,76.10,73.15,74.61,44.90,12.25,10.18,46.54,15.26,45.22,12.35,46.87,15.28
430,38.717,0.9203,394.55,307.36,74.47,72.92,73.69,45.46,12.60,10.49,47.17,15.49,45.30,12.44,46.98,15.35
431,38.801,0.9315,394.59,307.35,75.12,72.23,73.66,45.48,12.61,10.49,47.19,15.49,45.36,12.50,47.05,15.40
432,38.886,0.9399,394.38,307.90,75.25,71.71,73.46,45.60,12.62,10.57,47.32,15.47,45.45,12.54,47.15,15.43
433,38.965,0.9363,394.36,310.34,75.97,72.44,74.19,45.16,12.50,10.69,46.85,15.47,45.35,12.52,47.04,15.44
434,39.044,0.9386,393.25,313.99,75.81,72.15,73.96,45.30,12.43,11.05,46.97,15.35,45.33,12.49,47.02,15.41
435,39.123,0.9386,394.07,314.77,75.36,72.15,73.74,45.43,12.54,11.15,47.13,15.44,45.36,12.51,47.06,15.42
436,39.203,0.9471,394.57,315.67,75.87,71.82,73.82,45.38,12.58,11.22,47.09,15.49,45.37,12.53,47.07,15.44
437,39.284,0.9310,394.06,311.04,75.76,72.61,74.17,45.16,12.47,10.75,46.85,15.44,45.30,12.51,46.99,15.44
438,39.363,0.9383,395.27,312.50,74.80,72.66,73.72,45.44,12.66,10.95,47.17,15.57,45.35,12.56,47.06,15.48
439,39.443,0.9342,395.46,310.09,74.38,72.86,73.62,45.50,12.69,10.75,47.24,15.59,45.40,12.61,47.12,15.52
440,39.523,0.9401,395.01,312.34,74.89,73.02,73.95,45.30,12.59,10.90,47.02,15.54,45.37,12.60,47.08,15.53
441,39.603,0.9376,394.82,314.38,74.65,73.06,73.85,45.36,12.59,11.10,47.08,15.52,45.37,12.60,47.08,15.52
442,39.687,0.9479,396.83,316.37,76.02,72.41,74.20,45.15,12.72,11.23,46.91,15.73,45.29,12.64,47.02,15.60
443,39.766,0.9432,396.83,315.43,76.27,73.24,74.74,44.82,12.62,11.06,46.56,15.73,45.13,12.64,46.86,15.64
444,39.844,0.9487,394.29,314.06,75.85,72.66,74.24,45.13,12.48,11.02,46.82,15.46,45.13,12.58,46.85,15.58
445,39.925,0.9498,394.07,309.40,76.34,72.77,74.54,44.94,12.41,10.55,46.63,15.44,45.06,12.52,46.77,15.53
449,40.240,0.9153,387.60,308.46,74.66,72.69,73.67,45.47,11.97,10.59,47.02,14.75,45.21,12.33,46.86,15.25
450,40.318,0.9145,387.04,308.31,74.82,72.03,73.41,45.63,11.96,10.62,47.17,14.69,45.36,12.20,46.97,15.06
451,40.398,0.9000,386.19,307.18,74.12,70.13,72.10,46.47,12.10,10.70,48.02,14.59,45.74,12.16,47.34,14.89
452,40.482,0.9215,385.57,301.32,74.08,70.29,72.16,46.43,12.03,10.15,47.96,14.53,45.98,12.12,47.55,14.77
453,40.561,0.9303,384.24,300.96,74.22,72.85,73.53,45.56,11.68,9.93,47.03,14.38,45.83,11.97,47.37,14.63
454,40.640,0.9399,383.08,299.01,73.85,70.83,72.33,46.32,11.77,9.91,47.79,14.26,46.00,11.90,47.52,14.50
455,40.719,0.9416,382.73,298.15,74.04,71.82,72.92,45.94,11.64,9.75,47.39,14.22,45.98,11.81,47.47,14.40
456,40.801,0.9438,382.48,299.16,73.93,71.92,72.92,45.94,11.62,9.85,47.39,14.20,45.97,11.74,47.44,14.33
457,40.880,0.9406,382.86,300.09,74.00,71.82,72.90,45.95,11.66,9.93,47.41,14.24,45.96,11.71,47.43,14.30
458,40.959,0.9409,382.90,299.19,73.85,71.27,72.55,46.18,11.72,9.90,47.64,14.24,46.04,11.72,47.51,14.28
459,41.038,0.9402,382.94,299.96,73.77,71.89,72.82,46.00,11.68,9.93,47.46,14.25,46.03,11.70,47.49,14.27
460,41.116,0.9390,383.42,299.73,74.01,71.38,72.69,46.09,11.75,9.93,47.56,14.30,46.05,11.72,47.52,14.28
461,41.195,0.9358,383.54,301.10,74.22,72.93,73.57,45.54,11.62,9.94,46.99,14.31,45.87,11.68,47.33,14.29
462,41.283,0.9372,383.43,300.65,74.06,72.23,73.14,45.80,11.67,9.95,47.27,14.30,45.85,11.68,47.31,14.29
463,41.361,0.9280,383.83,302.16,74.36,73.02,73.68,45.46,11.62,10.02,46.93,14.34,45.71,11.66,47.18,14.31
464,41.441,0.9260,384.05,302.44,74.36,72.84,73.60,45.52,11.66,10.05,46.99,14.37,45.64,11.66,47.11,14.33
465,41.520,0.9307,383.43,302.13,74.11,72.98,73.54,45.55,11.61,10.03,47.01,14.30,45.61,11.64,47.07,14.32
466,41.598,0.9281,382.75,304.50,74.19,71.75,72.96,45.92,11.64,10.33,47.37,14.23,45.72,11.64,47.18,14.29
467,41.676,0.9285,382.06,306.31,74.22,72.70,73.46,45.60,11.50,10.43,47.03,14.15,45.68,11.59,47.13,14.24
468,41.757,0.9345,382.50,307.97,74.31,72.60,73.45,45.61,11.54,10.58,47.05,14.20,45.65,11.57,47.10,14.22
469,41.838,0.9372,383.18,310.32,73.97,74.40,74.18,45.16,11.49,10.69,46.60,14.27,45.48,11.54,46.92,14.24
470,41.916,0.9397,383.27,312.34,73.64,73.35,73.50,45.58,11.60,10.97,47.03,14.28,45.52,11.56,46.96,14.25
471,41.996,0.9375,383.25,310.79,73.92,73.71,73.82,45.38,11.55,10.78,46.83,14.28,45.47,11.56,46.92,14.26
472,42.079,0.9362,383.12,311.20,73.77,73.66,73.71,45.45,11.55,10.83,46.89,14.26,45.46,11.56,46.91,14.26
473,42.158,0.9294,384.23,310.12,74.32,73.57,73.95,45.30,11.62,10.70,46.77,14.38,45.41,11.58,46.86,14.31
474,42.237,0.9378,383.48,312.64,73.76,74.21,73.98,45.28,11.54,10.92,46.73,14.30,45.36,11.57,46.81,14.30
475,42.317,0.9411,382.09,313.44,74.16,72.99,73.57,45.53,11.48,11.06,46.96,14.15,45.42,11.54,46.86,14.25
476,42.398,0.9431,381.88,314.35,74.17,73.57,73.87,45.35,11.42,11.10,46.76,14.13,45.40,11.50,46.83,14.21
477,42.477,0.9428,382.60,315.87,74.38,73.46,73.92,45.32,11.47,11.23,46.75,14.21,45.37,11.49,46.80,14.21
478,42.557,0.9287,382.72,317.90,74.22,74.24,74.23,45.13,11.44,11.36,46.56,14.22,45.29,11.47,46.72,14.21
479,42.636,0.9270,381.76,318.73,74.46,73.61,74.03,45.25,11.38,11.47,46.66,14.12,45.27,11.44,46.70,14.18
480,42.714,0.9223,379.63,321.07,73.94,74.19,74.06,45.23,11.18,11.68,46.59,13.89,45.26,11.35,46.66,14.08
481,42.793,0.9326,378.70,322.41,74.30,74.24,74.27,45.11,11.07,11.76,46.44,13.79,45.21,11.25,46.58,13.98
482,42.879,0.9431,378.21,324.02,74.47,73.78,74.13,45.19,11.05,11.93,46.52,13.73,45.20,11.18,46.56,13.89
483,42.959,0.9501,378.43,326.62,74.86,74.90,74.88,44.74,10.95,12.05,46.06,13.76,45.04,11.10,46.39,13.85
484,43.038,0.9471,377.28,327.86,74.60,74.26,74.43,45.01,10.92,12.23,46.31,13.63,45.03,11.04,46.36,13.77
485,43.116,0.9438,375.70,327.12,73.72,74.00,73.86,45.35,10.86,12.26,46.64,13.46,45.14,10.97,46.46,13.66
486,43.195,0.9206,371.94,325.43,73.75,74.37,74.06,45.23,10.49,12.07,46.43,13.06,45.17,10.80,46.45,13.45
487,43.274,0.9164,369.21,323.81,74.44,73.04,73.73,45.43,10.29,11.98,46.58,12.76,45.27,10.62,46.50,13.21
488,43.352,0.9266,367.60,323.37,73.80,73.35,73.58,45.53,10.16,11.96,46.65,12.58,45.36,10.46,46.55,12.99
489,43.430,0.9293,367.61,325.80,73.57,74.86,74.21,45.14,10.08,12.08,46.25,12.58,45.28,10.33,46.45,12.85
490,43.510,0.9297,368.51,325.72,74.26,74.50,74.38,45.04,10.14,12.05,46.17,12.68,45.20,10.26,46.35,12.79
491,43.589,0.9212,370.13,327.05,74.07,74.54,74.31,45.08,10.29,12.18,46.24,12.86,45.16,10.27,46.31,12.81
492,43.672,0.9193,370.53,326.71,73.81,74.25,74.03,45.25,10.37,12.19,46.42,12.90,45.19,10.30,46.35,12.84
493,43.751,0.9232,370.07,325.56,74.01,74.45,74.23,45.13,10.30,12.06,46.29,12.85,45.17,10.30,46.33,12.85
494,43.834,0.9194,370.72,326.87,73.84,74.58,74.21,45.14,10.36,12.18,46.31,12.92,45.16,10.32,46.32,12.87
495,43.912,0.9203,371.39,329.16,73.41,74.42,73.92,45.32,10.46,12.43,46.51,12.99,45.22,10.37,46.39,12.92
496,43.991,0.9394,375.42,333.11,75.08,74.86,74.97,44.69,10.67,12.61,45.94,13.43,45.03,10.48,46.23,13.10
497,44.071,0.9449,378.95,344.62,75.28,76.51,75.89,44.14,10.85,13.47,45.46,13.82,44.72,10.61,45.96,13.35
498,44.149,0.9218,379.88,350.18,81.49,65.64,73.14,45.80,11.35,14.49,47.19,13.92,45.10,10.87,46.39,13.55
499,44.228,0.8619,386.35,359.70,75.80,46.61,59.44,56.36,14.69,18.90,58.24,14.61,49.04,12.21,50.54,13.92
500,44.307,0.7625,393.17,365.56,81.20,34.89,53.22,62.94,17.27,21.85,65.27,15.34,53.91,13.98,55.69,14.42
501,44.385,0.7369,390.74,367.08,81.97,31.84,51.09,65.57,17.67,22.96,67.91,15.08,57.99,15.27,59.97,14.65
502,44.471,0.7169,384.50,367.39,76.36,31.22,48.82,68.62,17.63,24.07,70.85,14.41,61.71,16.10,63.78,14.57
503,44.550,0.8115,379.35,368.08,76.02,29.85,47.63,70.33,17.35,24.77,72.44,13.86,64.73,16.54,66.81,14.32
504,44.630,0.3605,372.40,372.99,88.34,20.02,42.05,79.66,18.55,28.84,81.79,13.11,69.95,17.24,72.05,13.89
509,45.028,0.5452,314.33,375.55,65.30,14.90,31.19,107.41,12.53,39.43,108.14,6.65,83.06,15.59,84.68,11.36
510,45.108,0.8671,301.86,371.73,69.38,22.54,39.55,84.71,7.77,30.45,85.07,5.24,83.64,12.85,84.82,9.22
511,45.187,0.9158,289.47,364.16,69.22,37.69,51.07,65.59,4.39,22.58,65.74,3.83,77.32,9.89,78.14,7.33
512,45.273,0.9366,287.15,352.90,67.06,60.20,63.54,52.72,3.28,16.97,52.83,3.56,68.71,7.58,69.28,6.01
513,45.353,0.9165,289.20,326.12,66.78,66.00,66.39,50.46,3.35,13.53,50.57,3.80,62.32,6.10,62.73,5.24
514,45.432,0.9213,289.75,313.33,66.17,65.51,65.84,50.88,3.43,12.35,51.00,3.86,58.32,5.17,58.62,4.76
515,45.510,0.9278,295.36,301.84,65.42,65.62,65.52,51.13,4.03,11.23,51.29,4.50,55.80,4.77,56.06,4.67
516,45.590,0.9374,297.22,300.31,66.03,66.26,66.15,50.64,4.18,10.97,50.82,4.71,54.00,4.56,54.22,4.68
517,45.669,0.9379,297.52,293.77,66.02,67.89,66.95,50.04,4.15,10.18,50.21,4.75,52.61,4.42,52.82,4.71
518,45.749,0.9185,297.12,289.30,66.53,66.67,66.60,50.30,4.14,9.79,50.47,4.70,51.80,4.32,52.00,4.70
519,45.834,0.9218,298.45,288.84,66.52,67.35,66.94,50.05,4.25,9.69,50.23,4.85,51.19,4.29,51.38,4.76
520,45.914,0.9137,299.69,289.80,67.75,68.80,68.27,49.07,4.29,9.60,49.26,4.99,50.45,4.29,50.64,4.84
521,45.993,0.9089,300.48,290.11,67.95,67.71,67.83,49.39,4.39,9.69,49.59,5.08,50.08,4.33,50.27,4.92
522,46.079,0.9320,297.36,292.89,68.65,69.92,69.28,48.35,4.00,9.76,48.52,4.73,49.47,4.21,49.66,4.86
523,46.159,0.9340,298.11,293.59,68.80,70.02,69.40,48.27,4.06,9.81,48.44,4.81,49.05,4.16,49.23,4.84
524,46.240,0.9294,297.66,295.91,69.08,71.07,70.07,47.81,3.98,9.94,47.98,4.76,48.62,4.10,48.79,4.81
525,46.320,0.9369,300.79,297.38,69.19,71.66,70.42,47.57,4.26,10.03,47.76,5.12,48.25,4.16,48.43,4.92
526,46.399,0.9279,301.95,297.88,69.39,70.05,69.72,48.05,4.42,10.18,48.25,5.25,48.18,4.25,48.37,5.04
527,46.478,0.9373,302.00,297.15,69.15,70.39,69.77,48.02,4.42,10.10,48.22,5.26,48.12,4.31,48.32,5.11
528,46.558,0.9368,301.35,295.62,69.35,70.60,69.97,47.88,4.34,9.92,48.07,5.18,48.04,4.32,48.23,5.14
529,46.636,0.9218,300.96,292.75,69.47,70.13,69.80,48.00,4.32,9.67,48.19,5.14,48.02,4.32,48.22,5.14
530,46.716,0.9205,300.76,292.12,68.99,69.80,69.39,48.28,4.32,9.67,48.47,5.12,48.11,4.32,48.31,5.13
531,46.797,0.9234,299.82,290.40,69.12,68.80,68.96,48.58,4.26,9.56,48.77,5.01,48.28,4.30,48.47,5.09
532,46.882,0.9246,298.90,290.29,69.19,68.86,69.02,48.53,4.16,9.54,48.71,4.90,48.37,4.25,48.55,5.02
533,46.963,0.9234,298.80,288.00,68.84,69.43,69.13,48.46,4.15,9.30,48.63,4.89,48.40,4.22,48.58,4.98
534,47.042,0.9371,298.39,283.07,69.52,69.27,69.40,48.27,4.09,8.79,48.45,4.85,48.35,4.17,48.53,4.93
535,47.121,0.9371,297.53,282.52,69.36,69.23,69.29,48.35,4.02,8.75,48.51,4.75,48.35,4.12,48.53,4.87
536,47.202,0.9318,297.11,281.12,68.60,68.61,68.60,48.83,4.01,8.70,49.00,4.70,48.52,4.08,48.69,4.81
537,47.282,0.9326,297.69,280.01,68.75,68.65,68.70,48.76,4.07,8.58,48.93,4.77,48.61,4.08,48.78,4.79
538,47.362,0.9403,297.32,276.88,68.86,68.57,68.72,48.75,4.03,8.28,48.92,4.72,48.66,4.06,48.83,4.77
539,47.441,0.9288,296.80,272.41,69.14,68.50,68.82,48.68,3.97,7.83,48.84,4.66,48.66,4.03,48.83,4.73
540,47.521,0.9204,293.40,267.01,68.42,68.06,68.24,49.09,3.67,7.37,49.23,4.28,48.81,3.90,48.97,4.57
541,47.601,0.9159,291.18,262.42,68.44,67.75,68.10,49.20,3.46,6.93,49.32,4.02,48.95,3.75,49.09,4.38
542,47.685,0.9102,290.90,265.06,68.47,68.15,68.31,49.04,3.42,7.17,49.16,3.99,48.98,3.63,49.11,4.25
543,47.765,0.9161,290.69,264.03,68.05,68.56,68.31,49.04,3.40,7.07,49.16,3.97,49.00,3.55,49.13,4.15
544,47.846,0.9117,290.27,265.26,67.94,68.02,67.98,49.28,3.38,7.22,49.40,3.92,49.10,3.49,49.22,4.07
545,47.927,0.9108,290.05,265.98,68.19,68.39,68.29,49.06,3.34,7.26,49.17,3.90,49.08,3.44,49.21,4.01
546,48.007,0.9158,289.61,264.67,68.03,68.04,68.04,49.24,3.31,7.16,49.35,3.85,49.14,3.39,49.26,3.95
547,48.088,0.9192,289.30,263.13,68.83,68.26,68.55,48.87,3.25,6.95,48.98,3.81,49.04,3.35,49.16,3.90
548,48.169,0.9139,289.18,262.36,68.81,68.01,68.41,48.97,3.25,6.89,49.08,3.80,49.02,3.31,49.13,3.86
549,48.250,0.9166,289.23,264.27,68.50,68.60,68.55,48.87,3.25,7.06,48.98,3.80,48.97,3.29,49.08,3.84
550,48.330,0.9120,289.41,265.69,68.71,67.73,68.22,49.11,3.28,7.24,49.22,3.82,49.01,3.29,49.12,3.84
551,48.410,0.9157,289.30,267.47,69.48,67.76,68.62,48.82,3.25,7.37,48.93,3.81,48.95,3.27,49.06,3.83
552,48.495,0.9153,289.22,267.57,68.93,67.72,68.33,49.03,3.26,7.41,49.14,3.80,48.98,3.27,49.08,3.82
553,48.576,0.9167,289.01,267.78,69.12,67.82,68.47,48.93,3.23,7.42,49.03,3.78,48.96,3.26,49.07,3.80
554,48.655,0.9167,289.05,268.14,69.12,68.09,68.60,48.83,3.23,7.44,48.94,3.78,48.91,3.25,49.02,3.80
555,48.734,0.9173,289.05,269.13,69.15,67.82,68.49,48.92,3.23,7.55,49.02,3.78,48.91,3.24,49.02,3.79
556,48.813,0.9188,289.07,269.91,69.00,68.36,68.68,48.78,3.23,7.60,48.88,3.78,48.87,3.24,48.97,3.79
557,48.894,0.9127,288.90,271.95,69.24,69.48,69.36,48.30,3.18,7.72,48.40,3.76,48.67,3.22,48.77,3.78
558,48.973,0.9073,289.07,273.48,69.50,68.64,69.07,48.50,3.21,7.90,48.61,3.78,48.61,3.21,48.72,3.78
559,49.053,0.9012,289.04,273.68,69.40,68.79,69.10,48.48,3.20,7.92,48.59,3.78,48.57,3.21,48.67,3.78
560,49.131,0.9144,289.08,271.91,69.55,69.01,69.28,48.36,3.20,7.73,48.46,3.79,48.49,3.21,48.60,3.78
561,49.211,0.9105,289.12,272.47,69.32,69.08,69.20,48.41,3.21,7.79,48.52,3.79,48.46,3.21,48.57,3.79
562,49.295,0.9146,289.52,272.26,69.25,68.74,69.00,48.55,3.25,7.79,48.66,3.83,48.50,3.22,48.60,3.80
563,49.374,0.9147,289.35,272.07,69.18,68.89,69.03,48.53,3.24,7.77,48.63,3.82,48.51,3.23,48.61,3.81
564,49.453,0.9056,289.52,273.31,69.11,68.82,68.96,48.58,3.26,7.90,48.68,3.84,48.53,3.24,48.64,3.82
565,49.533,0.8959,290.64,275.13,68.81,69.28,69.04,48.52,3.36,8.07,48.64,3.96,48.53,3.28,48.64,3.87
566,49.613,0.9130,290.54,277.27,68.96,69.15,69.06,48.51,3.35,8.27,48.63,3.95,48.52,3.31,48.63,3.90
567,49.692,0.9072,289.07,276.96,69.66,69.45,69.56,48.16,3.19,8.18,48.27,3.78,48.40,3.26,48.51,3.86
568,49.771,0.9167,287.46,275.99,68.81,69.82,69.31,48.33,3.04,8.12,48.43,3.60,48.37,3.19,48.48,3.77
569,49.853,0.9179,286.94,275.21,68.56,69.35,68.95,48.58,3.01,8.09,48.68,3.54,48.45,3.12,48.55,3.69
570,49.932,0.9200,286.39,274.73,68.28,69.54,68.91,48.61,2.96,8.04,48.70,3.48,48.51,3.06,48.60,3.61
571,50.011,0.9294,285.96,276.68,68.68,69.98,69.33,48.32,2.90,8.18,48.41,3.43,48.44,3.01,48.53,3.55
572,50.095,0.9342,285.55,277.08,68.85,69.86,69.35,48.31,2.85,8.22,48.39,3.38,48.39,2.95,48.48,3.49
573,50.174,0.9436,285.19,279.53,68.72,69.80,69.26,48.37,2.82,8.47,48.45,3.34,48.39,2.91,48.47,3.44
574,50.254,0.9421,285.67,280.20,68.73,69.95,69.34,48.31,2.87,8.52,48.40,3.40,48.36,2.89,48.45,3.42
575,50.333,0.9305,285.79,281.27,68.65,68.85,68.75,48.73,2.90,8.70,48.81,3.41,48.49,2.90,48.58,3.42
576,50.412,0.9396,285.78,280.73,68.50,69.66,69.08,48.50,2.89,8.61,48.58,3.41,48.49,2.89,48.58,3.41
577,50.491,0.9298,286.11,281.78,68.58,69.06,68.82,48.68,2.93,8.74,48.77,3.45,48.56,2.91,48.64,3.43
578,50.570,0.9210,286.90,281.92,68.51,68.87,68.69,48.77,3.01,8.77,48.86,3.54,48.63,2.94,48.72,3.46
579,50.649,0.9263,286.71,281.31,68.42,68.84,68.63,48.81,3.00,8.72,48.90,3.51,48.69,2.96,48.78,3.48
580,50.728,0.9258,286.71,281.46,68.30,68.99,68.65,48.80,3.00,8.73,48.89,3.51,48.73,2.97,48.82,3.49
581,50.809,0.9213,287.37,282.78,68.72,68.42,68.57,48.85,3.07,8.87,48.95,3.59,48.77,3.01,48.87,3.53
582,50.893,0.9194,287.92,282.41,69.08,69.11,69.09,48.49,3.10,8.77,48.59,3.65,48.67,3.04,48.77,3.57
583,50.973,0.9188,287.97,282.97,69.14,68.75,68.94,48.59,3.11,8.84,48.69,3.66,48.64,3.06,48.74,3.60
584,51.052,0.9184,288.05,281.13,68.91,68.59,68.75,48.73,3.12,8.69,48.83,3.67,48.67,3.08,48.77,3.63
585,51.132,0.9214,288.02,280.20,69.00,70.09,69.54,48.17,3.08,8.50,48.27,3.66,48.50,3.08,48.60,3.64
586,51.211,0.9217,287.69,280.88,68.76,69.72,69.24,48.39,3.07,8.60,48.48,3.63,48.46,3.08,48.56,3.63
587,51.291,0.9274,286.72,280.82,68.41,69.72,69.06,48.51,2.98,8.62,48.60,3.52,48.48,3.04,48.57,3.59
588,51.370,0.9203,286.94,283.22,68.37,68.69,68.53,48.88,3.03,8.92,48.98,3.54,48.62,3.04,48.71,3.57
589,51.451,0.9225,286.78,281.70,68.27,68.66,68.46,48.93,3.01,8.78,49.02,3.52,48.73,3.03,48.82,3.56
590,51.530,0.9198,287.05,282.57,68.49,68.74,68.61,48.83,3.03,8.84,48.92,3.55,48.76,3.03,48.86,3.56
591,51.609,0.9199,287.20,282.69,68.79,68.33,68.56,48.86,3.05,8.86,48.96,3.57,48.80,3.04,48.89,3.56
592,51.695,0.9183,287.61,283.64,68.67,68.84,68.75,48.72,3.08,8.93,48.82,3.62,48.77,3.05,48.87,3.58
593,51.775,0.9173,288.16,285.10,69.18,69.98,69.58,48.15,3.10,8.96,48.25,3.68,48.55,3.07,48.65,3.62
594,51.858,0.9018,288.52,288.77,69.56,69.80,69.68,48.08,3.13,9.30,48.18,3.72,48.39,3.09,48.48,3.65
595,51.939,0.9077,288.78,288.84,69.61,69.21,69.41,48.27,3.16,9.35,48.37,3.75,48.34,3.11,48.44,3.69
596,52.019,0.9033,289.05,289.85,69.67,69.16,69.42,48.26,3.19,9.44,48.36,3.78,48.31,3.14,48.42,3.72
597,52.100,0.9065,288.95,289.18,69.66,69.35,69.51,48.20,3.18,9.37,48.30,3.77,48.27,3.15,48.38,3.74
598,52.181,0.9174,288.55,286.58,69.26,69.28,69.27,48.36,3.15,9.15,48.47,3.72,48.31,3.15,48.41,3.73
599,52.259,0.9174,288.29,283.52,69.10,68.71,68.90,48.62,3.14,8.90,48.72,3.69,48.41,3.15,48.52,3.72
600,52.338,0.9169,288.53,283.16,69.10,68.52,68.81,48.69,3.17,8.88,48.79,3.72,48.51,3.15,48.61,3.72
601,52.419,0.9226,288.37,279.31,69.04,69.08,69.06,48.51,3.14,8.47,48.61,3.70,48.51,3.15,48.61,3.71
602,52.506,0.9168,289.04,280.52,69.08,69.15,69.12,48.47,3.20,8.58,48.57,3.78,48.50,3.17,48.60,3.74
603,52.586,0.9165,288.73,280.57,68.99,69.86,69.42,48.25,3.16,8.55,48.36,3.75,48.41,3.16,48.51,3.74
604,52.665,0.9149,288.99,281.04,68.99,68.62,68.80,48.69,3.21,8.67,48.80,3.77,48.51,3.18,48.61,3.75
605,52.743,0.9158,288.73,283.21,69.09,69.01,69.05,48.52,3.18,8.85,48.62,3.75,48.51,3.18,48.61,3.75
606,52.823,0.9112,288.39,287.49,69.16,69.91,69.53,48.18,3.12,9.20,48.28,3.71,48.39,3.16,48.50,3.73
607,52.902,0.9180,287.67,293.66,69.21,70.67,69.94,47.90,3.03,9.74,48.00,3.62,48.22,3.12,48.32,3.70
608,52.980,0.9312,285.19,299.29,68.96,69.47,69.22,48.40,2.83,10.38,48.48,3.34,48.28,3.01,48.38,3.57
609,53.059,0.9278,284.55,302.94,69.16,70.57,69.86,47.95,2.74,10.64,48.03,3.27,48.17,2.92,48.26,3.47
610,53.138,0.9314,282.48,311.00,69.37,71.68,70.51,47.51,2.52,11.31,47.57,3.03,47.94,2.78,48.02,3.31
611,53.218,0.9402,282.97,308.90,68.94,69.68,69.31,48.33,2.61,11.30,48.40,3.09,48.08,2.72,48.15,3.23
612,53.300,0.9276,287.08,310.88,68.61,71.75,70.16,47.74,2.97,11.35,47.84,3.56,47.96,2.81,48.04,3.35
613,53.380,0.9132,291.55,312.74,69.56,70.19,69.88,47.94,3.41,11.58,48.06,4.07,47.95,3.02,48.05,3.60
614,53.459,0.9294,294.42,318.81,68.41,71.39,69.88,47.94,3.68,12.16,48.08,4.39,47.95,3.25,48.06,3.88
615,53.538,0.9262,298.85,321.84,69.22,68.57,68.89,48.63,4.17,12.63,48.80,4.90,48.19,3.57,48.32,4.23
616,53.617,0.9089,301.82,319.62,68.23,70.11,69.17,48.43,4.44,12.36,48.64,5.24,48.27,3.87,48.43,4.59
617,53.695,0.9202,301.01,337.40,68.32,70.16,69.23,48.39,4.36,14.07,48.58,5.14,48.31,4.04,48.48,4.78
618,53.774,0.8874,292.56,339.28,67.68,71.24,69.44,48.24,3.53,14.21,48.37,4.18,48.29,3.86,48.45,4.57
619,53.857,0.9190,288.21,345.08,67.53,71.38,69.43,48.25,3.11,14.77,48.35,3.69,48.28,3.60,48.41,4.26
620,53.938,0.9267,286.51,347.43,67.99,69.89,68.93,48.60,2.97,15.11,48.69,3.49,48.39,3.38,48.51,3.99
621,54.017,0.9432,286.32,353.85,68.77,58.30,63.32,52.91,3.21,17.13,53.01,3.47,49.97,3.32,50.08,3.81
622,54.101,0.9222,284.91,364.34,71.42,37.33,51.63,64.88,3.75,22.36,64.99,3.31,55.19,3.47,55.30,3.63
623,54.181,0.4686,283.10,379.95,68.19,6.10,20.40,164.24,8.90,61.74,164.48,3.10,93.36,5.37,93.51,3.45
672,58.030,0.6661,49.20,96.15,98.39,187.12,135.69,24.69,-10.21,-4.73,26.72,-22.47,69.32,-0.08,70.13,-5.62
680,58.650,0.9183,288.00,352.73,68.03,60.54,64.18,52.20,3.34,16.78,52.31,3.66,63.33,1.12,63.90,-2.37
681,58.730,0.9230,283.34,338.36,67.39,67.43,67.41,49.70,2.72,14.55,49.77,3.13,58.56,1.68,58.95,-0.45
682,58.814,0.9286,278.09,329.59,67.66,69.07,68.36,49.00,2.16,13.48,49.05,2.53,55.21,1.85,55.49,0.59
683,58.892,0.9174,285.34,323.81,67.93,70.39,69.15,48.45,2.84,12.77,48.53,3.36,52.85,2.20,53.05,1.56
684,58.973,0.8959,275.87,308.25,68.47,68.68,68.58,48.85,1.94,11.36,48.89,2.28,51.45,2.11,51.59,1.81
685,59.053,0.9341,280.06,295.61,68.08,67.39,67.73,49.46,2.38,10.25,49.52,2.76,50.75,2.20,50.87,2.14
686,59.131,0.9080,289.77,287.11,67.72,68.04,67.88,49.35,3.33,9.39,49.46,3.86,50.26,2.60,50.38,2.74
687,59.209,0.9362,297.86,283.50,68.00,68.81,68.40,48.98,4.10,8.96,49.15,4.79,49.81,3.12,49.95,3.46
688,59.287,0.9330,301.16,281.14,68.50,67.95,68.23,49.10,4.44,8.75,49.30,5.16,49.56,3.58,49.72,4.05
689,59.366,0.9282,301.47,285.21,68.80,69.33,69.06,48.51,4.41,9.04,48.71,5.20,49.19,3.87,49.37,4.45
690,59.444,0.9309,301.42,283.72,69.17,68.61,68.89,48.63,4.42,8.92,48.83,5.19,49.00,4.06,49.18,4.71
691,59.524,0.9337,302.72,281.01,68.57,69.19,68.88,48.64,4.55,8.66,48.85,5.34,48.87,4.23,49.06,4.93
692,59.609,0.9325,302.39,280.73,68.63,70.15,69.39,48.28,4.48,8.57,48.49,5.30,48.66,4.32,48.86,5.06
693,59.688,0.9299,302.61,284.15,69.02,69.28,69.15,48.44,4.52,8.93,48.65,5.33,48.59,4.39,48.79,5.15
694,59.767,0.9230,302.54,282.48,68.99,69.18,69.09,48.49,4.51,8.77,48.70,5.32,48.55,4.43,48.76,5.21
695,59.848,0.9357,302.10,280.62,68.79,68.92,68.86,48.65,4.49,8.62,48.86,5.27,48.59,4.45,48.79,5.23
696,59.928,0.9230,302.51,282.75,68.87,69.42,69.14,48.45,4.51,8.79,48.66,5.31,48.54,4.47,48.75,5.26
697,60.009,0.9267,301.68,284.68,68.92,69.12,69.02,48.54,4.43,9.00,48.74,5.22,48.54,4.46,48.74,5.25
698,60.089,0.9209,302.27,287.21,68.73,69.39,69.06,48.51,4.49,9.24,48.71,5.29,48.53,4.47,48.73,5.26
699,60.170,0.9113,303.90,287.97,69.71,69.73,69.72,48.05,4.60,9.22,48.27,5.47,48.36,4.52,48.57,5.33
700,60.251,0.9094,304.56,288.64,69.90,69.67,69.79,48.00,4.66,9.28,48.23,5.55,48.24,4.57,48.45,5.41
701,60.331,0.9066,304.74,289.20,69.75,69.34,69.54,48.17,4.70,9.36,48.40,5.57,48.21,4.61,48.43,5.46
702,60.417,0.9083,304.79,289.12,69.78,69.35,69.57,48.16,4.70,9.35,48.38,5.57,48.19,4.64,48.42,5.50
703,60.497,0.9174,304.77,287.08,69.59,69.46,69.53,48.18,4.70,9.16,48.41,5.57,48.19,4.66,48.41,5.53
704,60.575,0.9089,307.00,284.58,69.80,68.61,69.20,48.41,4.94,8.96,48.66,5.82,48.27,4.76,48.50,5.63
705,60.655,0.9047,308.40,283.44,69.18,68.50,68.84,48.67,5.10,8.90,48.93,5.98,48.41,4.88,48.65,5.75
706,60.736,0.9056,307.73,281.38,69.65,68.88,69.26,48.37,5.00,8.65,48.62,5.91,48.39,4.92,48.64,5.81
707,60.816,0.9084,305.03,276.75,69.01,68.73,68.87,48.64,4.77,8.24,48.88,5.60,48.48,4.87,48.72,5.73
708,60.898,0.9009,304.60,274.67,69.80,68.84,69.32,48.33,4.70,7.99,48.56,5.55,48.43,4.81,48.66,5.67
709,60.978,0.9020,304.94,274.89,69.77,69.20,69.49,48.21,4.72,7.99,48.44,5.59,48.35,4.78,48.59,5.64
710,61.058,0.9182,304.90,278.32,69.65,69.04,69.35,48.31,4.72,8.34,48.54,5.59,48.34,4.76,48.57,5.62
711,61.138,0.9097,306.86,283.44,69.78,68.59,69.18,48.43,4.93,8.86,48.67,5.81,48.37,4.82,48.61,5.69
712,61.223,0.9062,306.97,286.51,69.88,69.89,69.88,47.94,4.89,9.06,48.19,5.82,48.22,4.84,48.46,5.73
713,61.301,0.8865,307.22,289.82,70.14,69.89,70.02,47.85,4.90,9.36,48.10,5.85,48.09,4.86,48.33,5.77
714,61.381,0.9128,306.02,287.49,70.00,69.32,69.66,48.09,4.81,9.18,48.33,5.71,48.09,4.84,48.33,5.75
715,61.459,0.9173,304.80,286.08,69.72,69.41,69.56,48.16,4.70,9.06,48.39,5.57,48.11,4.79,48.35,5.69
716,61.539,0.9191,303.49,286.60,69.78,69.52,69.65,48.10,4.57,9.10,48.32,5.43,48.11,4.72,48.34,5.60
717,61.618,0.9083,302.88,289.99,69.93,69.76,69.85,47.96,4.50,9.40,48.17,5.36,48.06,4.64,48.28,5.51
718,61.697,0.9153,301.65,290.24,69.44,69.73,69.59,48.14,4.40,9.46,48.34,5.22,48.09,4.55,48.30,5.41
719,61.776,0.9200,302.16,292.23,69.15,70.79,69.97,47.88,4.42,9.60,48.08,5.27,48.01,4.51,48.23,5.36
720,61.855,0.9297,302.98,294.50,69.72,70.11,69.92,47.92,4.50,9.82,48.13,5.37,47.98,4.51,48.19,5.36
721,61.934,0.9256,303.59,296.24,69.81,70.92,70.36,47.61,4.53,9.93,47.83,5.44,47.85,4.51,48.06,5.39
722,62.017,0.9229,303.92,297.81,70.17,70.20,70.18,47.73,4.57,10.10,47.95,5.47,47.81,4.54,48.02,5.42
723,62.098,0.9199,303.77,299.66,70.23,69.26,69.74,48.03,4.59,10.34,48.25,5.46,47.89,4.55,48.10,5.43
724,62.177,0.9204,303.18,300.22,69.90,70.25,70.07,47.81,4.51,10.35,48.02,5.39,47.86,4.54,48.07,5.42
725,62.257,0.9225,303.37,300.92,69.96,70.41,70.19,47.73,4.52,10.40,47.94,5.41,47.81,4.53,48.03,5.42
726,62.337,0.9198,303.86,301.05,69.91,70.88,70.40,47.59,4.56,10.38,47.81,5.47,47.74,4.54,47.95,5.43
727,62.418,0.9169,304.67,301.89,69.86,70.68,70.27,47.68,4.64,10.48,47.90,5.56,47.71,4.58,47.93,5.48
728,62.498,0.9147,305.35,302.62,70.16,71.16,70.66,47.41,4.68,10.49,47.64,5.64,47.61,4.61,47.83,5.53
729,62.577,0.9083,306.54,303.10,70.66,70.53,70.59,47.46,4.80,10.54,47.70,5.77,47.56,4.68,47.79,5.62
730,62.658,0.9019,306.68,304.11,70.43,70.98,70.71,47.38,4.80,10.62,47.62,5.79,47.49,4.72,47.73,5.68
731,62.737,0.9118,306.30,302.32,70.68,70.50,70.59,47.46,4.77,10.47,47.70,5.75,47.48,4.74,47.72,5.70
732,62.820,0.9145,306.22,300.77,70.43,70.00,70.22,47.71,4.79,10.38,47.95,5.74,47.56,4.76,47.80,5.71
733,62.905,0.9177,305.17,299.48,70.02,69.53,69.78,48.01,4.72,10.32,48.24,5.62,47.72,4.74,47.95,5.68
734,62.986,0.9172,304.91,297.71,69.91,69.74,69.82,47.98,4.69,10.14,48.21,5.59,47.81,4.73,48.04,5.65
735,63.065,0.9227,304.21,296.37,69.55,70.97,70.25,47.69,4.60,9.95,47.91,5.51,47.77,4.68,47.99,5.60
736,63.146,0.9194,304.59,296.16,69.83,70.81,70.32,47.64,4.63,9.92,47.86,5.55,47.72,4.66,47.95,5.58
737,63.226,0.9148,305.34,297.51,69.57,70.18,69.87,47.94,4.73,10.12,48.18,5.64,47.80,4.69,48.03,5.60
738,63.306,0.9161,305.63,298.92,69.95,69.56,69.75,48.03,4.77,10.27,48.26,5.67,47.88,4.71,48.11,5.62
739,63.386,0.9124,306.42,299.67,70.14,69.31,69.72,48.05,4.85,10.35,48.29,5.76,47.94,4.76,48.17,5.67
740,63.466,0.9134,306.35,300.79,70.47,70.32,70.39,47.59,4.79,10.35,47.83,5.75,47.82,4.77,48.05,5.70
741,63.546,0.9121,306.12,302.39,70.66,70.71,70.68,47.39,4.75,10.46,47.63,5.72,47.67,4.76,47.91,5.71
742,63.631,0.9054,306.28,304.37,70.68,70.48,70.58,47.47,4.77,10.67,47.71,5.74,47.60,4.77,47.84,5.72
743,63.711,0.8983,306.05,306.44,70.93,70.81,70.87,47.27,4.73,10.82,47.50,5.72,47.48,4.75,47.72,5.72
744,63.790,0.9095,305.05,307.95,70.39,71.22,70.80,47.31,4.64,10.97,47.54,5.60,47.42,4.72,47.66,5.68
745,63.869,0.9282,302.76,309.09,70.00,71.64,70.81,47.31,4.42,11.08,47.51,5.34,47.38,4.61,47.61,5.56
746,63.950,0.9413,300.01,311.50,69.47,70.76,70.11,47.78,4.21,11.42,47.97,5.03,47.52,4.47,47.73,5.37
747,64.030,0.9357,300.33,313.65,69.52,70.81,70.16,47.75,4.23,11.62,47.93,5.07,47.60,4.39,47.80,5.27
748,64.110,0.9393,301.16,314.25,69.47,70.61,70.04,47.83,4.32,11.69,48.02,5.16,47.68,4.36,47.88,5.23
749,64.190,0.9382,301.57,312.94,69.28,71.33,70.30,47.65,4.34,11.53,47.85,5.21,47.67,4.36,47.87,5.22
750,64.270,0.9401,299.42,310.12,69.49,70.19,69.84,47.97,4.17,11.33,48.15,4.96,47.77,4.29,47.97,5.13
751,64.351,0.9120,293.70,308.87,69.14,70.51,69.82,47.98,3.62,11.21,48.12,4.31,47.85,4.05,48.02,4.84
752,64.435,0.9151,289.37,309.39,70.04,71.20,70.62,47.44,3.17,11.14,47.55,3.82,47.70,3.74,47.85,4.49
753,64.515,0.9030,288.50,307.96,70.03,70.86,70.45,47.55,3.09,11.03,47.65,3.72,47.65,3.52,47.78,4.22
754,64.594,0.8951,291.46,304.95,70.28,69.98,70.13,47.77,3.39,10.79,47.89,4.06,47.69,3.47,47.82,4.16
755,64.673,0.9044,291.95,299.27,69.28,68.97,69.12,48.46,3.48,10.40,48.59,4.11,47.96,3.48,48.09,4.14
756,64.752,0.9068,292.39,298.94,69.13,69.28,69.20,48.41,3.52,10.35,48.54,4.16,48.12,3.49,48.25,4.15
757,64.831,0.9203,292.95,300.16,68.88,69.92,69.40,48.27,3.57,10.44,48.41,4.23,48.17,3.52,48.30,4.18
758,64.913,0.9218,292.84,300.34,68.81,70.21,69.50,48.20,3.55,10.44,48.33,4.21,48.18,3.53,48.31,4.19
759,64.993,0.9071,292.78,299.90,68.98,69.63,69.30,48.34,3.56,10.43,48.47,4.21,48.24,3.54,48.37,4.20
760,65.073,0.9129,292.63,299.02,69.01,69.06,69.03,48.53,3.55,10.39,48.66,4.19,48.34,3.54,48.47,4.19
761,65.153,0.9080,292.77,296.96,69.15,70.43,69.79,48.00,3.53,10.08,48.13,4.21,48.22,3.54,48.35,4.20
762,65.237,0.9115,293.09,296.75,69.23,69.85,69.54,48.18,3.57,10.09,48.31,4.24,48.21,3.55,48.34,4.21
763,65.318,0.9044,292.78,296.15,69.23,69.88,69.55,48.16,3.54,10.03,48.29,4.21,48.19,3.55,48.32,4.21
764,65.396,0.9088,293.44,296.34,69.77,69.87,69.82,47.98,3.59,10.01,48.11,4.28,48.12,3.56,48.25,4.24
765,65.475,0.9099,293.89,296.06,69.88,69.20,69.54,48.18,3.65,10.03,48.31,4.33,48.14,3.59,48.27,4.27
766,65.553,0.9118,294.12,295.13,69.45,69.39,69.42,48.26,3.68,9.95,48.40,4.36,48.18,3.62,48.32,4.30
767,65.631,0.9089,293.99,294.58,69.47,69.68,69.57,48.15,3.66,9.88,48.29,4.34,48.17,3.64,48.31,4.32
768,65.710,0.9070,293.68,295.11,69.56,69.46,69.51,48.19,3.63,9.94,48.33,4.31,48.18,3.63,48.31,4.31
769,65.790,0.9083,293.71,295.07,69.49,69.58,69.54,48.18,3.63,9.93,48.31,4.31,48.18,3.63,48.31,4.31
770,65.871,0.9066,293.24,295.31,69.45,69.43,69.44,48.24,3.59,9.97,48.38,4.26,48.20,3.62,48.34,4.30
771,65.950,0.9091,294.06,296.18,70.12,69.93,70.03,47.84,3.64,9.97,47.98,4.35,48.07,3.63,48.21,4.32
772,66.034,0.9069,293.49,295.55,69.53,69.45,69.49,48.21,3.61,9.98,48.34,4.29,48.12,3.62,48.26,4.31
773,66.113,0.9067,293.38,294.99,69.50,69.55,69.53,48.18,3.60,9.92,48.32,4.28,48.14,3.62,48.28,4.30
774,66.193,0.9076,293.73,294.86,69.44,69.70,69.57,48.15,3.63,9.91,48.29,4.31,48.14,3.62,48.28,4.30
775,66.272,0.9068,293.88,294.64,69.36,69.70,69.53,48.18,3.65,9.89,48.32,4.33,48.16,3.63,48.29,4.31
776,66.351,0.9075,293.70,294.28,69.36,69.61,69.49,48.21,3.64,9.86,48.35,4.31,48.18,3.63,48.31,4.31
777,66.431,0.9123,293.59,292.52,69.31,70.37,69.84,47.97,3.61,9.64,48.10,4.30,48.10,3.62,48.24,4.31
778,66.510,0.9162,293.89,292.49,69.35,69.96,69.66,48.09,3.64,9.67,48.23,4.33,48.10,3.63,48.24,4.32
779,66.590,0.9160,294.16,292.44,69.44,70.16,69.80,47.99,3.66,9.64,48.13,4.36,48.06,3.64,48.20,4.33
780,66.669,0.9170,293.99,292.52,69.44,70.05,69.74,48.03,3.65,9.66,48.17,4.34,48.05,3.64,48.19,4.34
781,66.749,0.9113,293.40,291.89,69.13,70.44,69.78,48.01,3.59,9.59,48.14,4.28,48.04,3.63,48.17,4.32
782,66.833,0.9101,293.13,292.10,69.25,70.26,69.76,48.02,3.57,9.61,48.16,4.25,48.03,3.60,48.17,4.29
783,66.917,0.8970,292.62,291.93,68.90,70.42,69.66,48.09,3.52,9.61,48.22,4.19,48.05,3.58,48.19,4.26
784,66.996,0.8976,292.83,293.76,69.27,70.06,69.66,48.09,3.54,9.79,48.22,4.21,48.07,3.56,48.20,4.24
785,67.076,0.9029,293.57,295.88,69.78,69.76,69.77,48.02,3.61,9.98,48.15,4.30,48.05,3.58,48.18,4.26
786,67.155,0.9093,292.54,298.37,68.92,70.04,69.48,48.22,3.52,10.26,48.35,4.18,48.11,3.56,48.24,4.23
787,67.234,0.9107,292.73,301.73,68.83,70.65,69.74,48.04,3.53,10.54,48.17,4.20,48.08,3.55,48.21,4.22
788,67.314,0.9163,294.08,302.20,68.90,70.58,69.73,48.04,3.66,10.59,48.18,4.35,48.07,3.59,48.20,4.27
789,67.394,0.9168,294.98,306.99,69.35,70.84,70.09,47.79,3.73,10.99,47.94,4.46,47.97,3.64,48.11,4.33
790,67.472,0.9310,298.23,312.12,69.45,70.78,70.11,47.78,4.04,11.48,47.95,4.83,47.91,3.78,48.05,4.51
791,67.552,0.9332,300.76,316.46,69.43,71.18,70.30,47.66,4.27,11.86,47.85,5.12,47.82,3.95,47.98,4.72
792,67.636,0.9346,299.40,316.41,70.46,70.44,70.45,47.55,4.13,11.83,47.73,4.96,47.72,4.01,47.89,4.80
793,67.715,0.9313,295.40,312.18,70.25,69.18,69.71,48.05,3.79,11.55,48.20,4.51,47.84,3.93,48.00,4.70
794,67.796,0.9086,293.46,308.75,69.48,71.35,70.41,47.58,3.56,11.11,47.71,4.28,47.75,3.80,47.90,4.55
795,67.876,0.9053,294.01,304.35,69.02,70.82,69.91,47.92,3.64,10.77,48.05,4.35,47.81,3.75,47.95,4.48
796,67.955,0.9254,294.85,301.93,69.62,69.12,69.37,48.29,3.75,10.62,48.44,4.44,47.98,3.75,48.12,4.47
797,68.035,0.9229,294.34,295.98,69.64,68.67,69.15,48.44,3.72,10.07,48.59,4.39,48.14,3.74,48.29,4.44
798,68.113,0.9231,295.80,289.63,69.03,68.75,68.89,48.63,3.87,9.50,48.78,4.55,48.31,3.78,48.46,4.48
799,68.193,0.9397,296.55,281.80,69.93,68.19,69.06,48.51,3.93,8.71,48.67,4.64,48.38,3.84,48.53,4.53
800,68.272,0.9362,296.23,275.58,68.63,68.38,68.50,48.90,3.94,8.18,49.06,4.60,48.56,3.87,48.72,4.56
801,68.352,0.9424,296.31,267.80,68.99,67.96,68.47,48.92,3.94,7.42,49.08,4.61,48.69,3.90,48.85,4.58
802,68.436,0.9420,296.47,261.82,68.72,66.99,67.85,49.37,4.00,6.89,49.54,4.63,48.93,3.93,49.09,4.59
803,68.515,0.9298,296.62,257.93,68.39,67.73,68.06,49.22,4.00,6.49,49.38,4.64,49.03,3.96,49.19,4.61
804,68.595,0.9311,296.73,255.37,68.52,68.03,68.28,49.06,4.00,6.22,49.23,4.66,49.04,3.97,49.20,4.63
805,68.675,0.9301,296.84,253.70,68.82,66.72,67.76,49.44,4.04,6.10,49.60,4.67,49.18,3.99,49.34,4.64
806,68.755,0.9339,296.88,253.23,68.76,67.29,68.02,49.25,4.03,6.03,49.42,4.67,49.21,4.01,49.37,4.65
807,68.834,0.9340,297.31,253.23,68.59,67.11,67.84,49.38,4.08,6.05,49.55,4.72,49.27,4.03,49.43,4.68
808,68.918,0.9247,297.61,254.86,68.36,67.23,67.79,49.42,4.11,6.21,49.59,4.76,49.32,4.06,49.49,4.71
809,68.998,0.9245,297.20,255.02,68.24,68.38,68.31,49.04,4.04,6.18,49.21,4.71,49.22,4.05,49.39,4.71
810,69.078,0.9319,297.17,255.94,68.44,67.97,68.21,49.12,4.04,6.28,49.28,4.71,49.19,4.05,49.35,4.71
811,69.159,0.9269,297.27,256.70,68.53,68.28,68.41,48.97,4.04,6.34,49.14,4.72,49.11,4.05,49.28,4.71
812,69.243,0.9307,297.20,258.51,68.44,68.44,68.44,48.95,4.03,6.51,49.12,4.71,49.05,4.04,49.22,4.71
813,69.324,0.9270,296.93,258.11,68.32,67.78,68.05,49.23,4.03,6.51,49.39,4.68,49.12,4.04,49.28,4.70
814,69.403,0.9289,297.22,259.19,68.24,68.46,68.35,49.01,4.04,6.59,49.18,4.71,49.08,4.04,49.25,4.70
815,69.481,0.9270,298.23,258.25,68.16,67.75,67.96,49.29,4.16,6.53,49.47,4.83,49.16,4.08,49.32,4.75
816,69.561,0.9283,299.01,259.40,68.21,69.22,68.71,48.76,4.19,6.57,48.94,4.92,49.02,4.12,49.19,4.81
817,69.640,0.9259,299.61,259.71,68.12,68.78,68.45,48.94,4.27,6.63,49.12,4.98,48.99,4.17,49.17,4.87
818,69.719,0.9313,300.71,260.64,68.90,69.02,68.96,48.58,4.34,6.67,48.77,5.11,48.85,4.23,49.03,4.95
819,69.799,0.9207,302.19,260.59,68.22,68.97,68.59,48.84,4.51,6.70,49.05,5.28,48.84,4.33,49.04,5.07
820,69.878,0.9127,304.36,260.50,69.09,68.93,69.01,48.54,4.70,6.65,48.77,5.53,48.74,4.46,48.94,5.23
821,69.958,0.9086,305.74,260.20,68.54,68.38,68.46,48.93,4.87,6.67,49.17,5.68,48.81,4.60,49.02,5.39
822,70.045,0.9049,307.74,260.85,69.05,68.14,68.59,48.84,5.05,6.72,49.10,5.91,48.82,4.76,49.05,5.57
823,70.125,0.9116,308.75,260.74,68.67,68.15,68.41,48.97,5.17,6.73,49.24,6.02,48.87,4.90,49.12,5.73
824,70.205,0.9274,310.05,260.65,68.27,68.41,68.34,49.02,5.30,6.73,49.30,6.17,48.92,5.04,49.18,5.88
825,70.286,0.9329,311.00,261.69,69.62,67.46,68.53,48.88,5.38,6.81,49.18,6.28,48.91,5.16,49.18,6.02
826,70.366,0.9425,312.32,262.21,69.75,67.33,68.53,48.88,5.51,6.86,49.19,6.43,48.90,5.28,49.18,6.16
827,70.447,0.9420,312.30,261.76,69.55,67.29,68.41,48.97,5.51,6.83,49.28,6.42,48.92,5.36,49.22,6.25
828,70.527,0.9446,312.28,261.99,69.50,67.38,68.43,48.95,5.51,6.85,49.26,6.42,48.93,5.41,49.23,6.31
829,70.608,0.9409,312.01,261.97,69.64,67.38,68.50,48.90,5.48,6.84,49.21,6.39,48.92,5.44,49.23,6.34
830,70.688,0.9397,311.68,262.18,69.63,67.45,68.53,48.89,5.44,6.86,49.19,6.35,48.91,5.44,49.21,6.35
831,70.766,0.9396,311.64,262.31,69.66,67.46,68.55,48.87,5.44,6.87,49.17,6.35,48.90,5.44,49.20,6.35
832,70.850,0.9356,311.15,261.49,69.42,67.79,68.60,48.83,5.39,6.79,49.13,6.29,48.87,5.42,49.17,6.33
833,70.933,0.9323,310.96,260.78,69.00,68.39,68.69,48.77,5.36,6.71,49.06,6.27,48.84,5.40,49.13,6.31
834,71.013,0.9433,311.75,261.33,69.39,67.90,68.64,48.80,5.44,6.77,49.11,6.36,48.83,5.41,49.12,6.33
835,71.093,0.9450,313.58,261.86,69.29,67.42,68.35,49.01,5.64,6.85,49.34,6.57,48.89,5.49,49.20,6.41
836,71.173,0.9418,315.20,261.42,68.67,67.40,68.03,49.24,5.83,6.84,49.59,6.75,49.01,5.61,49.33,6.53
837,71.253,0.9427,315.41,261.46,68.40,67.30,67.85,49.38,5.87,6.86,49.72,6.78,49.14,5.70,49.47,6.62
838,71.333,0.9432,316.17,261.73,68.77,67.52,68.14,49.16,5.92,6.86,49.52,6.86,49.15,5.78,49.49,6.70
839,71.414,0.9369,316.22,261.31,68.43,67.28,67.85,49.37,5.95,6.84,49.73,6.87,49.23,5.84,49.57,6.76
840,71.493,0.9376,315.99,260.96,68.51,67.78,68.15,49.16,5.90,6.78,49.51,6.84,49.20,5.86,49.55,6.79
841,71.573,0.9289,315.36,259.70,68.39,68.01,68.20,49.12,5.83,6.65,49.47,6.77,49.17,5.85,49.52,6.78
842,71.659,0.9386,314.74,260.31,68.75,67.65,68.20,49.12,5.77,6.71,49.46,6.70,49.16,5.82,49.50,6.75
843,71.739,0.9439,313.16,261.57,69.27,67.49,68.37,49.00,5.60,6.82,49.32,6.52,49.10,5.74,49.44,6.67
844,71.819,0.9427,312.29,262.38,69.57,67.71,68.63,48.81,5.49,6.87,49.12,6.42,49.00,5.66,49.32,6.59
845,71.899,0.9416,312.27,263.91,69.89,67.49,68.68,48.78,5.49,7.02,49.08,6.42,48.92,5.60,49.24,6.53
846,71.979,0.9442,312.07,263.93,69.69,67.30,68.49,48.91,5.49,7.04,49.22,6.40,48.92,5.56,49.23,6.48
847,72.060,0.9206,310.07,263.89,69.55,67.62,68.58,48.85,5.28,7.02,49.13,6.17,48.89,5.46,49.20,6.37
848,72.140,0.9202,304.74,264.81,68.72,67.75,68.23,49.10,4.79,7.15,49.33,5.57,48.96,5.23,49.24,6.09
849,72.220,0.9290,299.66,265.60,68.22,67.83,68.02,49.25,4.30,7.25,49.44,4.99,49.06,4.90,49.31,5.71
850,72.300,0.9289,293.87,265.91,68.75,67.58,68.16,49.15,3.72,7.27,49.29,4.33,49.09,4.49,49.30,5.23
851,72.380,0.9098,290.62,267.00,68.35,68.11,68.23,49.10,3.40,7.36,49.22,3.96,49.09,4.11,49.27,4.78
852,72.465,0.9143,288.84,267.66,69.28,68.01,68.64,48.80,3.21,7.38,48.91,3.76,48.99,3.79,49.14,4.42
853,72.546,0.9253,284.97,268.00,68.69,68.14,68.42,48.96,2.84,7.44,49.05,3.32,48.98,3.46,49.11,4.04
854,72.626,0.9352,282.80,267.53,68.64,68.60,68.62,48.82,2.62,7.38,48.89,3.07,48.93,3.16,49.03,3.70
855,72.705,0.9408,280.42,268.03,69.08,68.30,68.69,48.77,2.38,7.42,48.83,2.80,48.87,2.89,48.96,3.38
856,72.784,0.9396,279.77,268.25,68.66,68.17,68.42,48.96,2.33,7.47,49.02,2.72,48.90,2.69,48.98,3.15
857,72.864,0.9399,279.48,267.82,68.59,68.37,68.48,48.92,2.30,7.42,48.98,2.69,48.91,2.55,48.98,2.99
858,72.945,0.9390,279.53,269.02,68.45,68.33,68.39,48.98,2.31,7.55,49.04,2.69,48.94,2.47,49.00,2.89
859,73.026,0.9384,279.04,268.23,67.94,68.11,68.03,49.24,2.27,7.51,49.30,2.64,49.04,2.40,49.10,2.80
860,73.107,0.9373,278.56,267.95,67.87,68.11,67.99,49.27,2.22,7.48,49.32,2.58,49.12,2.34,49.18,2.72
861,73.187,0.9270,277.93,267.65,67.71,68.23,67.97,49.29,2.16,7.46,49.34,2.51,49.18,2.28,49.23,2.65
862,73.271,0.9348,277.92,269.07,67.34,68.28,67.81,49.40,2.17,7.61,49.45,2.51,49.26,2.24,49.31,2.60
863,73.350,0.9106,277.01,271.26,67.89,69.44,68.66,48.79,2.05,7.73,48.83,2.41,49.10,2.17,49.14,2.53
864,73.429,0.8956,276.49,274.94,68.47,69.30,68.88,48.63,1.99,8.07,48.67,2.35,48.93,2.11,48.98,2.47
865,73.509,0.9035,276.22,276.41,68.55,68.97,68.76,48.72,1.97,8.23,48.76,2.32,48.86,2.06,48.90,2.41
866,73.589,0.9156,275.47,278.36,68.73,68.82,68.78,48.71,1.90,8.41,48.75,2.23,48.81,2.00,48.85,2.35
867,73.669,0.9166,274.34,279.59,68.39,69.05,68.72,48.75,1.79,8.54,48.78,2.10,48.79,1.93,48.83,2.26
868,73.749,0.9198,274.00,280.56,68.76,69.27,69.02,48.54,1.75,8.60,48.57,2.06,48.70,1.86,48.74,2.19
869,73.829,0.9164,273.04,280.97,69.01,69.47,69.24,48.38,1.65,8.61,48.41,1.95,48.59,1.79,48.62,2.11
870,73.908,0.9131,272.09,282.20,68.77,68.83,68.80,48.69,1.57,8.78,48.72,1.84,48.63,1.71,48.66,2.02
871,73.989,0.9195,261.35,283.03,67.83,68.83,68.33,49.03,0.52,8.93,49.03,0.61,48.77,1.30,48.79,1.52
872,74.074,0.9118,258.82,284.61,68.53,68.56,68.54,48.87,0.28,9.05,48.87,0.32,48.80,0.94,48.82,1.10
873,74.154,0.9058,259.21,285.95,68.71,69.06,68.88,48.63,0.31,9.14,48.63,0.37,48.74,0.72,48.75,0.85
874,74.233,0.9064,258.92,286.88,68.81,69.16,68.99,48.56,0.28,9.21,48.56,0.34,48.68,0.57,48.69,0.67
875,74.314,0.9136,256.13,286.63,68.80,69.36,69.08,48.50,0.01,9.18,48.50,0.02,48.62,0.37,48.62,0.44
876,74.394,0.9243,252.20,287.36,68.60,68.82,68.71,48.76,-0.37,9.30,48.76,-0.44,48.66,0.11,48.67,0.13
877,74.474,0.9225,247.99,287.08,68.53,68.92,68.73,48.74,-0.78,9.27,48.75,-0.92,48.69,-0.20,48.70,-0.23
878,74.555,0.9186,246.45,286.56,68.13,69.25,68.68,48.77,-0.93,9.22,48.78,-1.09,48.72,-0.46,48.73,-0.54
879,74.636,0.8952,244.21,287.27,68.49,69.31,68.90,48.62,-1.15,9.26,48.63,-1.35,48.69,-0.70,48.69,-0.82
880,74.716,0.9064,242.96,287.66,68.43,68.85,68.64,48.80,-1.27,9.34,48.82,-1.49,48.73,-0.90,48.74,-1.06
881,74.796,0.9116,242.55,287.51,68.57,68.97,68.77,48.71,-1.31,9.31,48.73,-1.54,48.72,-1.04,48.73,-1.23
882,74.881,0.9153,241.21,287.36,68.85,68.78,68.81,48.68,-1.44,9.29,48.70,-1.69,48.71,-1.18,48.72,-1.39
883,74.963,0.9148,240.74,286.90,68.55,69.25,68.90,48.62,-1.48,9.23,48.64,-1.75,48.68,-1.29,48.70,-1.52
884,75.042,0.9153,239.31,287.23,67.93,68.81,68.37,49.00,-1.64,9.33,49.03,-1.91,48.79,-1.41,48.81,-1.65
885,75.122,0.9191,238.63,286.15,67.46,68.60,68.03,49.25,-1.71,9.27,49.28,-1.99,48.95,-1.51,48.97,-1.77
886,75.203,0.9222,238.50,284.96,67.99,67.89,67.94,49.31,-1.73,9.17,49.34,-2.00,49.07,-1.59,49.10,-1.85
887,75.283,0.9200,238.63,285.23,67.71,68.24,67.98,49.28,-1.71,9.19,49.31,-1.99,49.15,-1.63,49.17,-1.90
888,75.364,0.9228,238.36,284.92,68.07,67.86,67.97,49.29,-1.74,9.16,49.32,-2.02,49.20,-1.67,49.22,-1.94
889,75.444,0.9171,238.74,284.26,67.85,68.54,68.19,49.13,-1.70,9.07,49.16,-1.98,49.17,-1.68,49.20,-1.95
890,75.523,0.9191,238.65,284.73,67.46,67.76,67.61,49.55,-1.72,9.19,49.58,-1.99,49.30,-1.69,49.33,-1.97
891,75.603,0.9214,238.83,285.34,67.63,68.21,67.92,49.32,-1.69,9.21,49.35,-1.97,49.31,-1.69,49.34,-1.97
892,75.687,0.9191,239.17,285.19,67.66,68.50,68.08,49.21,-1.66,9.17,49.23,-1.93,49.27,-1.68,49.30,-1.95
893,75.768,0.9173,241.31,286.18,68.24,68.22,68.23,49.10,-1.44,9.25,49.12,-1.68,49.21,-1.60,49.24,-1.86
894,75.849,0.9085,244.05,286.22,68.10,68.66,68.38,48.99,-1.17,9.23,49.00,-1.37,49.14,-1.45,49.16,-1.69
895,75.930,0.9169,246.37,286.91,67.61,68.90,68.25,49.08,-0.95,9.32,49.09,-1.10,49.12,-1.27,49.13,-1.48
896,76.011,0.9163,249.42,287.56,68.03,68.58,68.31,49.04,-0.65,9.37,49.05,-0.75,49.09,-1.05,49.10,-1.23
897,76.090,0.9186,253.09,288.72,68.48,68.62,68.55,48.87,-0.28,9.45,48.87,-0.33,49.01,-0.78,49.02,-0.91
898,76.169,0.8950,258.94,289.24,68.01,68.72,68.37,49.00,0.29,9.53,49.00,0.34,49.01,-0.41,49.01,-0.48
899,76.248,0.9225,264.49,289.62,67.81,68.52,68.17,49.15,0.83,9.60,49.15,0.97,49.06,0.03,49.06,0.03
900,76.326,0.9100,270.03,289.32,68.06,68.19,68.13,49.17,1.38,9.57,49.19,1.61,49.10,0.50,49.11,0.58
901,76.405,0.9032,274.98,287.69,68.08,68.66,68.37,49.00,1.86,9.38,49.03,2.17,49.06,0.98,49.08,1.14
902,76.490,0.9239,279.54,288.91,67.83,68.65,68.24,49.09,2.31,9.51,49.14,2.70,49.07,1.44,49.10,1.68
903,76.571,0.9192,284.58,289.40,68.53,67.92,68.23,49.10,2.81,9.56,49.18,3.27,49.08,1.92,49.13,2.24
904,76.650,0.9045,288.32,289.48,68.93,68.22,68.57,48.85,3.16,9.52,48.95,3.70,49.00,2.35,49.07,2.75
905,76.729,0.8968,292.21,287.64,68.13,68.85,68.49,48.91,3.54,9.36,49.04,4.14,48.97,2.77,49.06,3.24
906,76.808,0.9304,295.27,285.24,67.47,68.44,67.96,49.30,3.87,9.19,49.45,4.49,49.08,3.16,49.19,3.68
907,76.889,0.9284,299.51,286.20,68.03,68.00,68.01,49.25,4.29,9.28,49.44,4.97,49.14,3.55,49.28,4.13
908,76.973,0.9283,300.77,287.53,68.71,68.53,68.62,48.82,4.37,9.33,49.01,5.12,49.03,3.84,49.19,4.48
909,77.052,0.9249,301.89,287.96,68.32,68.73,68.53,48.89,4.49,9.38,49.09,5.24,48.98,4.06,49.15,4.74
910,77.132,0.9210,302.91,287.72,68.13,68.82,68.48,48.92,4.59,9.37,49.14,5.36,48.96,4.25,49.15,4.96
911,77.211,0.9071,306.89,288.20,68.58,69.17,68.87,48.64,4.95,9.36,48.89,5.81,48.85,4.49,49.06,5.26
912,77.296,0.9078,308.52,287.74,67.96,69.39,68.67,48.78,5.12,9.34,49.05,6.00,48.83,4.71,49.06,5.52
913,77.375,0.9160,309.28,287.30,67.54,68.77,68.15,49.15,5.24,9.37,49.43,6.08,48.94,4.90,49.19,5.71
914,77.454,0.9271,310.31,286.53,68.03,68.96,68.49,48.91,5.31,9.25,49.20,6.20,48.93,5.04,49.19,5.88
915,77.533,0.9353,311.29,285.73,67.91,68.31,68.11,49.19,5.44,9.22,49.49,6.31,49.02,5.18,49.29,6.03
916,77.613,0.9231,312.33,287.46,68.29,69.43,68.86,48.65,5.48,9.29,48.96,6.43,48.89,5.29,49.18,6.17
917,77.692,0.9214,312.52,286.62,68.41,69.24,68.82,48.67,5.50,9.21,48.98,6.45,48.82,5.36,49.11,6.27
918,77.772,0.9312,311.85,285.76,68.36,69.00,68.68,48.78,5.45,9.15,49.08,6.37,48.80,5.39,49.10,6.31
919,77.852,0.9160,305.46,287.35,68.77,68.96,68.86,48.65,4.81,9.28,48.88,5.65,48.75,5.19,49.02,6.08
920,77.933,0.9302,300.75,287.54,68.86,68.49,68.67,48.78,4.37,9.32,48.98,5.11,48.76,4.90,49.01,5.74
921,78.012,0.9230,295.92,287.43,68.22,69.39,68.80,48.69,3.89,9.29,48.85,4.56,48.74,4.55,48.95,5.33
922,78.098,0.8907,292.82,288.56,68.02,69.28,68.65,48.80,3.59,9.42,48.93,4.21,48.76,4.21,48.94,4.94
923,78.177,0.8835,291.73,289.52,69.04,68.85,68.95,48.59,3.47,9.48,48.71,4.09,48.70,3.95,48.86,4.64
924,78.256,0.9018,290.90,288.44,68.76,69.24,69.00,48.55,3.39,9.36,48.67,3.99,48.65,3.76,48.80,4.41
925,78.335,0.8940,290.97,289.28,68.65,69.12,68.88,48.63,3.40,9.46,48.75,4.00,48.64,3.63,48.78,4.27
926,78.414,0.8867,292.58,288.69,68.25,69.46,68.85,48.66,3.56,9.41,48.79,4.18,48.65,3.61,48.78,4.24
927,78.494,0.9189,295.70,287.83,68.46,69.57,69.01,48.54,3.85,9.30,48.69,4.54,48.61,3.69,48.75,4.34
928,78.575,0.9278,299.27,286.87,68.54,68.48,68.51,48.90,4.23,9.28,49.08,4.95,48.71,3.88,48.87,4.56
929,78.654,0.9252,300.03,285.66,68.57,68.33,68.45,48.94,4.31,9.17,49.13,5.03,48.79,4.03,48.96,4.72
930,78.734,0.9304,301.01,283.71,69.30,68.78,69.04,48.52,4.37,8.90,48.72,5.14,48.70,4.15,48.87,4.87
931,78.815,0.9270,301.53,283.70,69.31,68.76,69.04,48.52,4.42,8.90,48.73,5.20,48.64,4.24,48.82,4.99
932,78.901,0.9272,301.66,287.25,68.89,69.28,69.08,48.49,4.43,9.24,48.69,5.22,48.59,4.31,48.78,5.07
933,78.980,0.9189,303.74,288.06,69.25,69.26,69.26,48.37,4.62,9.29,48.59,5.45,48.51,4.42,48.71,5.20
934,79.059,0.9210,304.14,287.11,68.99,68.59,68.79,48.70,4.69,9.26,48.92,5.50,48.58,4.51,48.79,5.31
935,79.139,0.9177,303.13,288.32,68.96,69.20,69.08,48.49,4.57,9.34,48.71,5.38,48.55,4.53,48.76,5.33
936,79.220,0.9158,303.46,288.34,69.26,69.62,69.44,48.24,4.58,9.30,48.46,5.42,48.44,4.55,48.65,5.37
937,79.299,0.9117,305.02,288.46,69.63,69.71,69.67,48.08,4.71,9.28,48.32,5.60,48.32,4.61,48.54,5.45
938,79.378,0.9195,305.08,287.55,69.61,69.28,69.44,48.24,4.74,9.22,48.47,5.61,48.29,4.65,48.51,5.50
939,79.457,0.9180,304.70,284.08,69.11,68.76,68.94,48.60,4.73,8.95,48.83,5.56,48.40,4.68,48.62,5.52
940,79.538,0.9202,304.63,282.63,69.13,68.64,68.89,48.63,4.73,8.81,48.86,5.56,48.48,4.70,48.71,5.54
941,79.617,0.9226,304.55,280.85,69.28,68.10,68.69,48.77,4.74,8.67,49.00,5.55,48.58,4.71,48.81,5.54
942,79.700,0.9295,303.64,278.81,68.89,68.55,68.72,48.75,4.64,8.46,48.97,5.44,48.64,4.69,48.87,5.51
943,79.779,0.9177,302.50,275.44,68.60,69.48,69.04,48.52,4.51,8.10,48.73,5.31,48.60,4.63,48.82,5.44
944,79.859,0.9300,301.27,268.94,68.92,67.17,68.04,49.24,4.46,7.58,49.44,5.17,48.82,4.57,49.04,5.35
945,79.941,0.9314,301.33,266.79,68.77,67.89,68.33,49.03,4.44,7.33,49.23,5.18,48.89,4.52,49.10,5.29
946,80.022,0.9292,301.49,266.30,68.72,67.81,68.26,49.07,4.47,7.29,49.28,5.20,48.96,4.50,49.16,5.26
947,80.102,0.9300,301.41,266.56,68.48,67.92,68.20,49.12,4.46,7.33,49.32,5.19,49.01,4.49,49.22,5.23
948,80.181,0.9347,301.47,265.88,68.72,67.71,68.21,49.11,4.47,7.26,49.32,5.20,49.05,4.48,49.25,5.22
949,80.262,0.9482,301.07,263.89,68.95,67.86,68.40,48.98,4.41,7.04,49.17,5.15,49.02,4.46,49.23,5.20
950,80.342,0.9456,301.09,262.91,68.79,67.59,68.18,49.13,4.43,6.97,49.33,5.15,49.06,4.45,49.26,5.18
951,80.420,0.9420,301.51,262.68,68.64,68.05,68.34,49.02,4.46,6.93,49.22,5.20,49.05,4.45,49.25,5.19
952,80.506,0.9409,302.08,262.84,68.26,68.21,68.24,49.09,4.52,6.96,49.30,5.27,49.06,4.48,49.27,5.22
953,80.585,0.9407,302.36,263.60,68.37,67.99,68.18,49.14,4.56,7.04,49.35,5.30,49.09,4.51,49.30,5.24
954,80.666,0.9408,302.30,263.42,68.22,68.12,68.17,49.14,4.55,7.02,49.35,5.29,49.11,4.52,49.32,5.26
955,80.748,0.9378,302.72,263.14,68.58,68.16,68.37,49.00,4.58,6.97,49.21,5.34,49.07,4.54,49.28,5.29
956,80.827,0.9345,302.90,264.18,68.38,68.00,68.19,49.13,4.61,7.09,49.34,5.36,49.09,4.56,49.30,5.31
957,80.906,0.9274,302.96,265.51,68.30,67.45,67.87,49.36,4.64,7.26,49.58,5.37,49.18,4.59,49.40,5.33
958,80.992,0.9319,302.59,266.97,68.64,68.32,68.48,48.92,4.56,7.34,49.13,5.32,49.09,4.58,49.30,5.33
959,81.073,0.9258,302.19,268.37,68.38,68.02,68.20,49.12,4.54,7.50,49.33,5.28,49.10,4.56,49.31,5.31
960,81.153,0.9269,302.19,269.34,68.17,67.53,67.85,49.37,4.56,7.64,49.58,5.28,49.20,4.56,49.41,5.30
961,81.232,0.9290,302.61,269.89,68.58,68.00,68.29,49.06,4.57,7.64,49.27,5.33,49.15,4.57,49.36,5.31
962,81.319,0.9260,302.65,267.91,68.55,67.98,68.27,49.07,4.58,7.45,49.29,5.33,49.12,4.57,49.33,5.32
963,81.400,0.9293,302.61,267.49,68.67,68.00,68.34,49.02,4.57,7.40,49.23,5.33,49.09,4.57,49.30,5.32
964,81.480,0.9299,302.60,267.11,68.51,68.20,68.35,49.01,4.57,7.36,49.22,5.32,49.06,4.57,49.27,5.32
965,81.560,0.9280,302.71,267.70,68.47,68.09,68.28,49.06,4.58,7.43,49.28,5.34,49.06,4.57,49.27,5.33
966,81.639,0.9316,302.61,267.48,68.61,68.08,68.34,49.02,4.57,7.40,49.23,5.33,49.05,4.57,49.26,5.33
967,81.718,0.9250,302.54,267.74,68.42,68.32,68.37,49.00,4.56,7.42,49.21,5.32,49.03,4.57,49.24,5.32
968,81.800,0.9254,302.69,267.70,68.37,68.18,68.27,49.07,4.58,7.43,49.28,5.34,49.04,4.57,49.26,5.33
969,81.881,0.9246,302.65,267.95,68.28,67.65,67.96,49.29,4.60,7.49,49.51,5.33,49.13,4.58,49.34,5.33
970,81.962,0.9286,302.75,267.60,68.47,68.13,68.30,49.05,4.59,7.42,49.26,5.34,49.10,4.58,49.31,5.33
971,82.045,0.9275,302.77,267.23,68.50,68.22,68.36,49.00,4.58,7.37,49.22,5.34,49.07,4.58,49.28,5.34
972,82.129,0.9284,302.77,267.27,68.43,68.15,68.29,49.05,4.59,7.38,49.27,5.34,49.06,4.59,49.28,5.34
973,82.210,0.9289,302.62,267.31,68.57,68.48,68.52,48.89,4.56,7.36,49.10,5.33,49.00,4.58,49.22,5.33
974,82.289,0.9281,302.61,267.85,68.45,67.94,68.19,49.13,4.58,7.45,49.34,5.33,49.05,4.58,49.26,5.33
975,82.369,0.9289,302.58,267.42,68.68,68.20,68.44,48.95,4.56,7.38,49.16,5.32,49.01,4.57,49.22,5.33
976,82.448,0.9300,302.53,267.29,68.49,68.29,68.39,48.98,4.56,7.38,49.20,5.32,49.00,4.57,49.21,5.32
977,82.530,0.9281,302.41,267.91,68.32,67.99,68.15,49.15,4.56,7.46,49.36,5.30,49.05,4.57,49.27,5.32
978,82.610,0.9274,302.57,267.70,68.53,68.00,68.27,49.07,4.57,7.43,49.29,5.32,49.06,4.57,49.27,5.32
979,82.690,0.9277,302.65,267.44,68.55,68.09,68.32,49.03,4.57,7.40,49.25,5.33,49.05,4.57,49.26,5.32
980,82.770,0.9265,302.85,267.16,68.75,68.01,68.38,48.99,4.59,7.36,49.20,5.35,49.03,4.58,49.24,5.33
981,82.850,0.9257,302.90,267.31,68.64,68.15,68.40,48.98,4.59,7.38,49.19,5.36,49.01,4.58,49.23,5.34
982,82.936,0.9293,303.18,267.00,68.49,68.05,68.27,49.07,4.63,7.36,49.29,5.39,49.03,4.60,49.25,5.36
983,83.015,0.9274,303.39,267.07,68.72,68.13,68.42,48.96,4.64,7.35,49.18,5.41,49.01,4.61,49.22,5.38
984,83.094,0.9257,303.81,267.38,68.77,67.91,68.34,49.02,4.69,7.39,49.24,5.46,49.01,4.64,49.23,5.41
985,83.173,0.9263,303.90,267.08,68.99,68.11,68.55,48.87,4.68,7.34,49.10,5.47,48.96,4.65,49.18,5.43
986,83.253,0.9233,303.94,266.50,68.78,67.87,68.32,49.03,4.70,7.31,49.26,5.48,48.99,4.67,49.21,5.45
987,83.333,0.9238,304.02,266.26,69.03,67.75,68.39,48.98,4.70,7.28,49.21,5.49,48.99,4.68,49.21,5.46
988,83.413,0.9223,304.16,266.09,69.15,68.04,68.59,48.84,4.70,7.24,49.07,5.50,48.93,4.69,49.16,5.47
989,83.491,0.9256,304.18,266.34,68.86,67.74,68.30,49.05,4.73,7.29,49.27,5.50,48.97,4.70,49.20,5.49
990,83.570,0.9248,304.21,266.82,69.61,67.79,68.69,48.77,4.70,7.30,48.99,5.51,48.90,4.70,49.13,5.49
991,83.650,0.9219,304.23,266.43,69.02,67.99,68.50,48.91,4.72,7.28,49.13,5.51,48.90,4.71,49.13,5.50
992,83.735,0.9245,304.28,266.88,69.35,67.90,68.62,48.82,4.71,7.31,49.04,5.52,48.87,4.71,49.10,5.50
993,83.815,0.9260,304.18,267.07,69.21,67.95,68.58,48.85,4.71,7.33,49.08,5.50,48.86,4.71,49.09,5.50
994,83.895,0.9272,303.87,264.80,67.99,67.81,67.90,49.34,4.72,7.18,49.56,5.47,49.03,4.71,49.26,5.49
995,83.977,0.9269,303.83,263.87,68.59,68.37,68.48,48.92,4.68,7.03,49.15,5.46,48.99,4.70,49.22,5.48
996,84.058,0.9202,304.91,264.90,68.60,67.92,68.26,49.08,4.80,7.16,49.31,5.59,49.02,4.74,49.25,5.52
997,84.137,0.9186,304.92,264.96,68.64,67.74,68.19,49.13,4.81,7.17,49.36,5.59,49.06,4.76,49.29,5.54
998,84.217,0.9180,305.02,265.14,68.79,67.76,68.27,49.07,4.81,7.18,49.31,5.60,49.06,4.78,49.29,5.56
999,84.296,0.9195,304.79,265.07,68.85,67.57,68.21,49.12,4.79,7.18,49.35,5.57,49.08,4.78,49.31,5.57
1000,84.377,0.9211,304.74,264.89,68.73,67.84,68.29,49.06,4.78,7.15,49.29,5.57,49.07,4.78,49.31,5.57
1001,84.457,0.9232,304.59,266.96,69.23,67.89,68.56,48.86,4.75,7.32,49.09,5.55,49.00,4.77,49.23,5.56
1002,84.541,0.9227,304.41,266.94,69.23,67.86,68.54,48.87,4.73,7.33,49.10,5.53,48.96,4.76,49.19,5.55
1003,84.622,0.9221,304.66,265.40,68.60,67.19,67.89,49.34,4.80,7.24,49.58,5.56,49.09,4.77,49.32,5.55
1004,84.704,0.9192,304.68,265.44,68.82,67.58,68.20,49.12,4.78,7.21,49.35,5.56,49.10,4.78,49.33,5.56
1005,84.784,0.9238,304.75,267.12,69.15,68.25,68.70,48.76,4.75,7.33,48.99,5.57,48.98,4.77,49.21,5.56
1006,84.862,0.9222,304.37,266.74,69.39,67.58,68.48,48.92,4.73,7.31,49.15,5.53,48.96,4.76,49.19,5.55
1007,84.942,0.9202,304.32,266.14,69.22,68.15,68.68,48.77,4.71,7.23,49.00,5.52,48.90,4.74,49.13,5.54
1008,85.022,0.9208,304.49,265.36,68.71,67.23,67.97,49.29,4.78,7.23,49.52,5.54,49.03,4.75,49.26,5.54
1009,85.102,0.9195,304.56,265.63,68.54,67.11,67.82,49.40,4.80,7.27,49.63,5.55,49.16,4.77,49.39,5.54
1010,85.181,0.9194,304.60,265.73,68.85,67.68,68.26,49.08,4.77,7.24,49.31,5.55,49.13,4.77,49.36,5.55
1011,85.260,0.9218,304.56,265.53,68.70,67.34,68.02,49.25,4.78,7.24,49.48,5.55,49.17,4.77,49.40,5.55
1012,85.344,0.9233,304.33,265.29,68.60,67.05,67.82,49.39,4.77,7.24,49.63,5.52,49.25,4.77,49.48,5.54
1013,85.424,0.9202,304.14,266.05,68.92,67.89,68.40,48.98,4.72,7.25,49.20,5.50,49.15,4.75,49.38,5.52
1014,85.505,0.9261,304.22,266.55,69.00,67.80,68.40,48.98,4.72,7.30,49.21,5.51,49.09,4.74,49.32,5.52
1015,85.585,0.9237,304.16,266.62,69.16,67.93,68.54,48.87,4.71,7.29,49.10,5.50,49.02,4.73,49.24,5.51
1016,85.664,0.9255,303.98,266.33,68.99,67.84,68.41,48.97,4.70,7.28,49.19,5.48,49.00,4.72,49.23,5.50
1017,85.742,0.9226,304.07,266.42,69.03,67.88,68.45,48.94,4.70,7.28,49.16,5.49,48.98,4.71,49.20,5.50
1018,85.823,0.9201,304.32,265.91,68.52,67.05,67.78,49.43,4.78,7.31,49.66,5.52,49.13,4.74,49.36,5.51
1019,85.902,0.9267,303.99,264.50,68.37,67.75,68.06,49.22,4.72,7.14,49.45,5.48,49.17,4.73,49.39,5.50
1020,85.985,0.9354,303.14,263.51,68.82,67.93,68.37,48.99,4.62,7.01,49.21,5.39,49.11,4.69,49.33,5.46
1021,86.064,0.9331,301.80,261.82,68.58,68.30,68.44,48.95,4.48,6.83,49.15,5.23,49.05,4.62,49.27,5.38
1022,86.150,0.9296,301.28,260.80,68.83,68.97,68.90,48.62,4.40,6.69,48.82,5.17,48.90,4.54,49.11,5.31
1023,86.231,0.9295,301.47,260.86,68.72,69.23,68.97,48.57,4.42,6.69,48.77,5.20,48.78,4.50,48.99,5.27
1024,86.311,0.9422,302.05,263.69,68.40,68.40,68.40,48.98,4.51,7.02,49.18,5.26,48.85,4.50,49.06,5.27
1025,86.391,0.9309,302.42,267.20,68.65,68.42,68.53,48.88,4.54,7.35,49.09,5.30,48.86,4.52,49.07,5.28
1026,86.470,0.9260,302.16,268.48,68.10,67.69,67.89,49.34,4.56,7.55,49.55,5.27,49.03,4.53,49.24,5.28
1027,86.550,0.9284,302.55,267.55,68.34,68.12,68.23,49.10,4.57,7.42,49.31,5.32,49.05,4.54,49.26,5.29
1028,86.628,0.9277,302.76,266.99,68.48,68.04,68.26,49.08,4.59,7.36,49.29,5.34,49.06,4.56,49.27,5.31
1029,86.708,0.9303,302.64,266.82,68.51,67.72,68.12,49.18,4.59,7.36,49.39,5.33,49.10,4.57,49.32,5.32
1030,86.787,0.9288,302.50,267.14,68.68,68.28,68.47,48.92,4.55,7.35,49.13,5.31,49.04,4.56,49.25,5.32
1031,86.869,0.9320,301.59,266.03,68.69,67.56,68.12,49.18,4.48,7.28,49.38,5.21,49.09,4.54,49.30,5.28
1032,86.955,0.9305,301.69,266.42,68.85,67.85,68.35,49.01,4.48,7.30,49.22,5.22,49.06,4.52,49.27,5.26
1033,87.033,0.9330,301.54,266.21,68.69,67.62,68.15,49.16,4.48,7.30,49.36,5.20,49.09,4.50,49.30,5.24
1034,87.113,0.9320,301.79,266.69,68.62,68.06,68.34,49.02,4.49,7.32,49.23,5.23,49.07,4.50,49.27,5.24
1035,87.193,0.9320,302.93,266.93,68.44,67.68,68.06,49.22,4.62,7.38,49.44,5.36,49.12,4.54,49.33,5.28
1036,87.272,0.9424,301.75,263.21,68.41,68.13,68.27,49.07,4.49,6.99,49.28,5.23,49.10,4.52,49.31,5.26
1037,87.352,0.9444,301.80,263.09,68.52,67.96,68.24,49.09,4.50,6.98,49.30,5.23,49.10,4.51,49.31,5.25
1038,87.432,0.9405,301.63,264.98,68.66,68.90,68.78,48.71,4.44,7.11,48.91,5.21,48.96,4.49,49.17,5.24
1039,87.514,0.9317,301.50,266.70,68.92,67.35,68.13,49.17,4.48,7.35,49.37,5.20,49.04,4.48,49.24,5.23
1040,87.593,0.9286,301.98,269.57,68.49,67.87,68.18,49.14,4.52,7.62,49.34,5.25,49.07,4.50,49.28,5.24
1041,87.673,0.9276,302.25,269.55,68.17,67.70,67.94,49.31,4.56,7.65,49.52,5.29,49.15,4.52,49.36,5.25
1042,87.758,0.9266,302.40,269.41,68.19,67.70,67.94,49.31,4.58,7.63,49.52,5.30,49.21,4.54,49.42,5.27
1043,87.838,0.9270,302.07,268.34,68.23,67.90,68.06,49.22,4.54,7.51,49.43,5.26,49.21,4.54,49.42,5.27
1044,87.917,0.9319,301.43,267.11,68.55,67.88,68.22,49.11,4.46,7.38,49.31,5.19,49.18,4.51,49.38,5.24
1045,87.999,0.9327,301.33,267.40,68.68,67.92,68.30,49.05,4.45,7.40,49.25,5.18,49.13,4.49,49.33,5.22
1046,88.078,0.9281,300.87,268.57,68.96,68.11,68.53,48.88,4.39,7.49,49.08,5.13,49.04,4.45,49.25,5.19
1047,88.157,0.9264,301.38,274.34,69.11,68.69,68.90,48.62,4.41,8.01,48.82,5.19,48.90,4.44,49.10,5.19
1048,88.238,0.9460,300.91,279.20,68.85,68.78,68.81,48.68,4.37,8.49,48.88,5.13,48.82,4.42,49.02,5.17
1049,88.317,0.9313,299.80,281.13,68.27,68.74,68.51,48.90,4.28,8.72,49.09,5.01,48.85,4.37,49.04,5.11
1050,88.397,0.9334,299.24,284.05,69.40,69.09,69.24,48.38,4.18,8.91,48.56,4.94,48.68,4.30,48.87,5.05
1051,88.479,0.9392,298.59,295.70,68.81,70.71,69.75,48.03,4.09,9.96,48.20,4.87,48.45,4.23,48.64,4.99
1052,88.564,0.9293,300.92,307.19,68.86,70.32,69.58,48.14,4.33,11.09,48.34,5.13,48.35,4.26,48.53,5.04
1053,88.643,0.9411,311.43,317.42,68.17,70.36,69.26,48.37,5.36,12.13,48.66,6.33,48.35,4.65,48.58,5.49
1054,88.723,0.9303,316.77,333.58,68.42,72.13,70.25,47.69,5.80,13.50,48.04,6.93,48.12,5.05,48.39,5.99
1055,88.802,0.9353,313.79,346.42,68.64,70.08,69.36,48.30,5.58,14.92,48.62,6.59,48.18,5.24,48.47,6.20
1056,88.883,0.9361,309.95,347.84,67.62,69.21,68.41,48.97,5.28,15.26,49.25,6.16,48.46,5.25,48.74,6.19
1057,88.963,0.9287,309.73,346.07,67.62,69.30,68.45,48.94,5.26,15.08,49.22,6.13,48.63,5.25,48.91,6.17
1058,89.042,0.9177,310.63,343.82,68.75,71.02,69.87,47.94,5.24,14.56,48.23,6.24,48.39,5.25,48.67,6.19
1059,89.123,0.9134,308.53,344.95,67.72,70.31,69.00,48.55,5.10,14.85,48.82,6.00,48.44,5.20,48.72,6.12
1060,89.202,0.9240,307.03,346.39,67.59,70.93,69.24,48.38,4.94,14.94,48.63,5.83,48.42,5.11,48.69,6.02
1061,89.281,0.9251,306.48,351.23,68.83,63.55,66.14,50.65,5.11,16.13,50.91,5.76,49.20,5.11,49.47,5.93
1062,89.364,0.9351,310.98,360.32,69.20,45.36,56.03,59.79,6.57,20.13,60.15,6.27,52.91,5.62,53.21,6.05
1063,89.443,0.8678,319.86,365.83,71.45,34.34,49.53,67.63,8.64,23.51,68.18,7.28,58.06,6.68,58.45,6.48
1064,89.521,0.8374,326.36,371.42,67.19,23.17,39.45,84.91,11.95,30.47,85.74,8.01,67.46,8.52,68.00,7.02
1065,89.601,0.8546,328.79,368.17,69.47,29.67,45.40,73.79,10.74,26.00,74.57,8.28,69.67,9.30,70.30,7.46
1066,89.681,0.7462,347.95,366.77,99.79,32.46,56.92,58.86,10.82,20.57,59.85,10.42,65.89,9.83,66.64,8.50
1067,89.760,0.8416,352.21,370.84,105.08,24.33,50.56,66.26,12.75,23.70,67.47,10.89,66.02,10.85,66.93,9.33
1068,89.839,0.9175,331.38,363.47,69.41,39.07,52.07,64.33,9.70,22.06,65.06,8.57,65.43,10.45,66.28,9.07
1069,89.918,0.9181,290.74,360.65,69.34,44.70,55.68,60.17,4.18,20.30,60.32,3.97,63.59,8.26,64.19,7.29
1070,89.999,0.8878,270.09,371.01,67.59,23.97,40.25,83.22,2.34,29.80,83.25,1.61,70.46,6.19,70.86,5.30
