trial,omega_cmd,speed,dash_sec,roller_rad_s,result,ball_lx,ball_ly,ball_lz,ball_max_z,lx_at_max_z,min_lx,ball_world_x,ball_world_y,robot_x,robot_y,note
1,35.0,0.2,4.00,"left_=-54.4, right=+54.4",IN_BASKET,-0.043,-0.152,0.065,0.173,-0.003,-0.324,0.755,-0.152,0.797,0.000,
2,35.0,0.3,2.67,"left_=-54.4, right=+54.4",STILL_AHEAD,0.129,-0.136,0.032,0.173,0.004,0.004,0.929,-0.136,0.800,0.000,
3,35.0,0.4,2.00,"left_=-54.4, right=+54.4",STILL_AHEAD,0.103,-0.137,0.032,0.169,0.017,0.017,0.898,-0.136,0.795,0.000,
4,40.0,0.2,4.00,"left_=-62.2, right=+62.2",IN_BASKET,-0.041,-0.140,0.065,0.188,-0.065,-0.326,0.757,-0.139,0.797,0.000,
5,40.0,0.3,2.67,"left_=-62.2, right=+62.2",IN_BASKET,-0.114,-0.138,0.065,0.188,-0.068,-0.325,0.684,-0.137,0.797,0.000,
6,40.0,0.4,2.00,"left_=-62.2, right=+62.2",IN_BASKET,-0.118,-0.135,0.065,0.187,-0.067,-0.325,0.678,-0.135,0.796,0.000,
7,45.0,0.2,4.00,"left_=-70.0, right=+70.0",IN_BASKET,-0.100,-0.145,0.065,0.223,-0.137,-0.326,0.698,-0.145,0.797,0.000,
8,45.0,0.3,2.67,"left_=-70.0, right=+70.0",IN_BASKET,-0.165,-0.133,0.065,0.223,-0.136,-0.325,0.632,-0.133,0.797,0.000,
9,45.0,0.4,2.00,"left_=-70.0, right=+70.0",IN_BASKET,-0.112,-0.139,0.065,0.222,-0.139,-0.325,0.684,-0.138,0.796,0.000,
10,50.0,0.2,4.00,"left_=-77.8, right=+77.8",ON_GROUND_BEHIND,-6.944,-0.151,0.032,0.264,-0.221,-6.944,-6.147,-0.134,0.798,0.001,
11,50.0,0.3,2.67,"left_=-77.8, right=+77.8",ON_GROUND_BEHIND,-5.584,-0.137,0.032,0.265,-0.219,-5.583,-4.789,-0.136,0.795,0.000,
12,50.0,0.4,2.00,"left_=-77.8, right=+77.8",ON_GROUND_BEHIND,-4.762,-0.116,0.032,0.263,-0.220,-4.761,-3.967,-0.132,0.795,0.000,
13,55.0,0.2,4.00,"left_=-85.6, right=+85.6",STILL_AHEAD,0.094,-0.154,0.032,0.045,0.165,0.032,0.890,-0.154,0.796,0.000,
14,55.0,0.3,2.67,"left_=-85.6, right=+85.6",ON_GROUND_BEHIND,-6.260,-0.118,0.032,0.308,-0.306,-6.260,-5.462,-0.132,0.797,0.000,
15,55.0,0.4,2.00,"left_=-85.6, right=+85.6",ON_GROUND_BEHIND,-5.392,-0.102,0.032,0.306,-0.304,-5.391,-4.592,-0.135,0.799,0.000,
