balls,seed,run,result,picked,success,time_all_picked_s,run_time_s,sec_per_ball,path_m,pos_err_mean_m,pos_err_max_m,pos_err_final_m,yaw_err_mean_deg,yaw_err_max_deg
10,1001,run88,結束(撿滿),10,1,379.1,379.0,37.9,117.8,0.111,0.216,0.053,0.79,1.09
10,1002,run89,結束(撿滿),10,1,327.5,327.4,32.8,96.5,0.089,0.196,0.157,0.52,0.8
10,1003,run90,結束(撿滿),10,1,396.4,396.4,39.6,120.1,0.065,0.133,0.097,0.47,0.69
10,1004,run91,結束(撿滿),10,1,363.2,363.2,36.3,106.9,0.11,0.234,0.165,0.67,0.81
10,1005,run92,結束(撿滿),10,1,377.3,377.2,37.7,109.3,0.09,0.194,0.063,0.61,0.8
15,1501,run103,結束(走完弓字路徑),14,0,454.5,518.4,32.5,157.3,0.137,0.308,0.107,0.87,1.33
15,1502,run104,結束(撿滿),15,1,488.0,488.0,32.5,144.5,0.066,0.124,0.094,0.37,0.63
15,1503,run105,結束(撿滿),15,1,477.9,477.8,31.9,137.2,0.088,0.167,0.158,0.41,0.63
15,1504,run106,結束(撿滿),15,1,444.9,444.8,29.7,130.0,0.047,0.085,0.005,0.22,0.57
15,1505,run107,結束(撿滿),15,1,468.7,468.6,31.2,144.7,0.02,0.051,0.034,0.08,0.23
20,2001,run108,,8,0,180.7,265.8,22.6,62.8,0.106,3.065,3.065,0.35,2.64
20,2002,run109,結束(走完弓字路徑),19,0,574.4,581.0,30.2,170.9,0.846,1.447,0.773,3.17,4.01
20,2003,run110,結束(走完弓字路徑),19,0,510.3,577.6,26.9,172.1,0.022,0.095,0.052,0.21,0.52
20,2004,run111,結束(走完弓字路徑),19,0,468.8,550.2,24.7,165.9,0.121,0.264,0.086,0.9,1.21
20,2005,run112,結束(撿滿),20,1,492.3,492.2,24.6,141.8,0.04,0.087,0.053,0.2,0.34
